league,season,team,player,nation_,pos_,age_,born_,Playing Time_MP,Playing Time_Starts,Playing Time_Min,Playing Time_90s,Performance_Gls,Performance_Ast,Performance_G+A,Performance_G-PK,Performance_PK,Performance_PKatt,Performance_CrdY,Performance_CrdR,Per 90 Minutes_Gls,Per 90 Minutes_Ast,Per 90 Minutes_G+A,Per 90 Minutes_G-PK,Per 90 Minutes_G+A-PK
ENG-Premier League,2223,Arsenal,Aaron Ramsdale,ENG,GK,24,1998,38,38,3420,38.0,0,0,0,0,0,0,1,0,0.0,0.0,0.0,0.0,0.0
ENG-Premier League,2223,Arsenal,Albert Sambi Lokonga,BEL,MF,22,1999,6,2,198,2.2,0,0,0,0,0,0,0,0,0.0,0.0,0.0,0.0,0.0
ENG-Premier League,2223,Arsenal,Ben White,ENG,DF,24,1997,38,36,3055,33.9,2,5,7,2,0,0,5,0,0.06,0.15,0.21,0.06,0.21
ENG-Premier League,2223,Arsenal,Bukayo Saka,ENG,"FW,MF",20,2001,38,37,3181,35.3,14,11,25,12,2,3,6,0,0.4,0.31,0.71,0.34,0.65
ENG-Premier League,2223,Arsenal,Cédric Soares,POR,"DF,MF",30,1991,2,0,29,0.3,0,0,0,0,0,0,0,0,0.0,0.0,0.0,0.0,0.0
ENG-Premier League,2223,Arsenal,Eddie Nketiah,ENG,FW,23,1999,30,9,1089,12.1,4,1,5,4,0,0,3,0,0.33,0.08,0.41,0.33,0.41
ENG-Premier League,2223,Arsenal,Emile Smith Rowe,ENG,MF,22,2000,12,0,172,1.9,0,2,2,0,0,0,0,0,0.0,1.05,1.05,0.0,1.05
ENG-Premier League,2223,Arsenal,Ethan Nwaneri,ENG,MF,15,2007,1,0,1,0.0,0,0,0,0,0,0,0,0,0.0,0.0,0.0,0.0,0.0
ENG-Premier League,2223,Arsenal,Fabio Vieira,POR,MF,22,2000,22,3,514,5.7,1,2,3,1,0,0,0,0,0.18,0.35,0.53,0.18,0.53
ENG-Premier League,2223,Arsenal,Gabriel Jesus,BRA,FW,25,1997,26,24,2064,22.9,11,6,17,10,1,1,6,0,0.48,0.26,0.74,0.44,0.7
ENG-Premier League,2223,Arsenal,Gabriel Magalhães,BRA,DF,24,1997,38,38,3409,37.9,3,0,3,3,0,0,5,0,0.08,0.0,0.08,0.08,0.08
ENG-Premier League,2223,Arsenal,Gabriel Martinelli,BRA,"FW,MF",21,2001,36,34,2789,31.0,15,5,20,15,0,0,3,0,0.48,0.16,0.65,0.48,0.65
ENG-Premier League,2223,Arsenal,Granit Xhaka,SUI,MF,29,1992,37,36,2993,33.3,7,7,14,7,0,0,4,0,0.21,0.21,0.42,0.21,0.42
ENG-Premier League,2223,Arsenal,Jakub Kiwior,POL,DF,22,2000,7,5,427,4.7,1,0,1,1,0,0,0,0,0.21,0.0,0.21,0.21,0.21
ENG-Premier League,2223,Arsenal,Jorginho,ITA,MF,30,1991,14,9,855,9.5,0,1,1,0,0,0,0,0,0.0,0.11,0.11,0.0,0.11
ENG-Premier League,2223,Arsenal,Kieran Tierney,SCO,DF,25,1997,27,6,795,8.8,0,1,1,0,0,0,0,0,0.0,0.11,0.11,0.0,0.11
ENG-Premier League,2223,Arsenal,Leandro Trossard,BEL,FW,27,1994,20,10,931,10.3,1,10,11,1,0,0,0,0,0.1,0.97,1.06,0.1,1.06
ENG-Premier League,2223,Arsenal,Marquinhos,BRA,MF,19,2003,1,0,1,0.0,0,0,0,0,0,0,0,0,0.0,0.0,0.0,0.0,0.0
ENG-Premier League,2223,Arsenal,Martin Ødegaard,NOR,MF,23,1998,37,37,3127,34.7,15,7,22,15,0,0,4,0,0.43,0.2,0.63,0.43,0.63
ENG-Premier League,2223,Arsenal,Mohamed Elneny,EGY,MF,30,1992,5,1,113,1.3,0,0,0,0,0,0,0,0,0.0,0.0,0.0,0.0,0.0
ENG-Premier League,2223,Arsenal,Oleksandr Zinchenko,UKR,DF,25,1996,27,26,2118,23.5,1,2,3,1,0,0,3,0,0.04,0.08,0.13,0.04,0.13
ENG-Premier League,2223,Arsenal,Reiss Nelson,ENG,"FW,MF",22,1999,11,0,212,2.4,3,2,5,3,0,0,0,0,1.27,0.85,2.12,1.27,2.12
ENG-Premier League,2223,Arsenal,Rob Holding,ENG,DF,26,1995,14,6,566,6.3,1,0,1,1,0,0,0,0,0.16,0.0,0.16,0.16,0.16
ENG-Premier League,2223,Arsenal,Takehiro Tomiyasu,JPN,DF,23,1998,21,6,663,7.4,0,1,1,0,0,0,2,0,0.0,0.14,0.14,0.0,0.14
ENG-Premier League,2223,Arsenal,Thomas Partey,GHA,MF,29,1993,33,28,2483,27.6,3,0,3,3,0,0,5,0,0.11,0.0,0.11,0.11,0.11
ENG-Premier League,2223,Arsenal,William Saliba,FRA,DF,21,2001,27,27,2415,26.8,2,1,3,2,0,0,4,0,0.07,0.04,0.11,0.07,0.11
ENG-Premier League,2223,Aston Villa,Ashley Young,ENG,DF,37,1985,29,23,2036,22.6,1,0,1,1,0,0,7,0,0.04,0.0,0.04,0.04,0.04
ENG-Premier League,2223,Aston Villa,Bertrand Traoré,BFA,MF,26,1995,8,1,233,2.6,2,0,2,2,0,0,1,0,0.77,0.0,0.77,0.77,0.77
ENG-Premier League,2223,Aston Villa,Boubacar Kamara,FRA,MF,22,1999,24,21,1777,19.7,0,1,1,0,0,0,4,0,0.0,0.05,0.05,0.0,0.05
ENG-Premier League,2223,Aston Villa,Calum Chambers,ENG,DF,27,1995,14,2,353,3.9,0,0,0,0,0,0,2,0,0.0,0.0,0.0,0.0,0.0
ENG-Premier League,2223,Aston Villa,Cameron Archer,ENG,"FW,MF",21,2001,6,0,49,0.5,0,0,0,0,0,0,0,0,0.0,0.0,0.0,0.0,0.0
ENG-Premier League,2223,Aston Villa,Danny Ings,ENG,FW,30,1992,18,8,824,9.2,6,0,6,4,2,2,3,0,0.66,0.0,0.66,0.44,0.44
ENG-Premier League,2223,Aston Villa,Diego Carlos,BRA,DF,29,1993,3,2,205,2.3,0,0,0,0,0,0,0,0,0.0,0.0,0.0,0.0,0.0
ENG-Premier League,2223,Aston Villa,Douglas Luiz,BRA,MF,24,1998,37,33,2927,32.5,6,6,12,6,0,0,6,1,0.18,0.18,0.37,0.18,0.37
ENG-Premier League,2223,Aston Villa,Emi Buendía,ARG,"MF,FW",25,1996,38,27,2412,26.8,5,2,7,5,0,0,0,0,0.19,0.07,0.26,0.19,0.26
ENG-Premier League,2223,Aston Villa,Emiliano Martínez,ARG,GK,29,1992,36,36,3139,34.9,0,0,0,0,0,0,7,0,0.0,0.0,0.0,0.0,0.0
ENG-Premier League,2223,Aston Villa,Ezri Konsa,ENG,DF,24,1997,38,37,3322,36.9,0,0,0,0,0,0,6,0,0.0,0.0,0.0,0.0,0.0
ENG-Premier League,2223,Aston Villa,Jacob Ramsey,ENG,MF,21,2001,35,31,2636,29.3,6,7,13,6,0,0,5,0,0.2,0.24,0.44,0.2,0.44
ENG-Premier League,2223,Aston Villa,Jan Bednarek,POL,DF,26,1996,3,1,100,1.1,0,0,0,0,0,0,0,0,0.0,0.0,0.0,0.0,0.0
ENG-Premier League,2223,Aston Villa,John McGinn,SCO,MF,27,1994,34,30,2693,29.9,1,3,4,1,0,0,7,0,0.03,0.1,0.13,0.03,0.13
ENG-Premier League,2223,Aston Villa,Jáder Durán,COL,FW,18,2003,12,0,136,1.5,0,0,0,0,0,0,1,0,0.0,0.0,0.0,0.0,0.0
ENG-Premier League,2223,Aston Villa,Leander Dendoncker,BEL,MF,27,1995,20,7,697,7.7,0,0,0,0,0,0,0,0,0.0,0.0,0.0,0.0,0.0
ENG-Premier League,2223,Aston Villa,Leon Bailey,JAM,"FW,MF",24,1997,33,26,1967,21.9,4,4,8,4,0,0,4,0,0.18,0.18,0.37,0.18,0.37
ENG-Premier League,2223,Aston Villa,Lucas Digne,FRA,DF,29,1993,28,18,1502,16.7,1,0,1,1,0,0,5,0,0.06,0.0,0.06,0.06,0.06
ENG-Premier League,2223,Aston Villa,Ludwig Augustinsson,SWE,DF,28,1994,3,1,77,0.9,0,0,0,0,0,0,1,0,0.0,0.0,0.0,0.0,0.0
ENG-Premier League,2223,Aston Villa,Matty Cash,POL,DF,24,1997,26,20,1820,20.2,0,1,1,0,0,0,4,0,0.0,0.05,0.05,0.0,0.05
ENG-Premier League,2223,Aston Villa,Morgan Sanson,FRA,MF,27,1994,2,0,11,0.1,0,0,0,0,0,0,0,0,0.0,0.0,0.0,0.0,0.0
ENG-Premier League,2223,Aston Villa,Ollie Watkins,ENG,FW,26,1995,37,36,3127,34.7,15,6,21,14,1,2,4,0,0.43,0.17,0.6,0.4,0.58
ENG-Premier League,2223,Aston Villa,Philippe Coutinho,BRA,"FW,MF",30,1992,20,7,788,8.8,1,0,1,1,0,0,3,0,0.11,0.0,0.11,0.11,0.11
ENG-Premier League,2223,Aston Villa,Robin Olsen,SWE,GK,32,1990,4,2,281,3.1,0,0,0,0,0,0,0,0,0.0,0.0,0.0,0.0,0.0
ENG-Premier League,2223,Aston Villa,Tyrone Mings,ENG,DF,29,1993,35,35,3150,35.0,1,2,3,1,0,0,7,0,0.03,0.06,0.09,0.03,0.09
ENG-Premier League,2223,Aston Villa,Álex Moreno,ESP,DF,29,1993,19,14,1329,14.8,0,3,3,0,0,0,3,0,0.0,0.2,0.2,0.0,0.2
ENG-Premier League,2223,Bournemouth,Adam Smith,ENG,DF,31,1991,37,34,2943,32.7,0,1,1,0,0,0,11,0,0.0,0.03,0.03,0.0,0.03
ENG-Premier League,2223,Bournemouth,Antoine Semenyo,GHA,"MF,FW",22,2000,11,2,258,2.9,1,0,1,1,0,0,0,0,0.35,0.0,0.35,0.35,0.35
ENG-Premier League,2223,Bournemouth,Ben Pearson,ENG,MF,27,1995,7,3,286,3.2,0,0,0,0,0,0,1,0,0.0,0.0,0.0,0.0,0.0
ENG-Premier League,2223,Bournemouth,Chris Mepham,WAL,DF,24,1997,26,24,2199,24.4,0,0,0,0,0,0,7,0,0.0,0.0,0.0,0.0,0.0
ENG-Premier League,2223,Bournemouth,Dango Ouattara,BFA,MF,20,2002,19,15,1241,13.8,1,3,4,1,0,0,1,0,0.07,0.22,0.29,0.07,0.29
ENG-Premier League,2223,Bournemouth,David Brooks,WAL,MF,25,1997,6,2,173,1.9,0,0,0,0,0,0,1,0,0.0,0.0,0.0,0.0,0.0
ENG-Premier League,2223,Bournemouth,Dominic Solanke,ENG,FW,24,1997,33,32,2860,31.8,6,7,13,6,0,0,2,0,0.19,0.22,0.41,0.19,0.41
ENG-Premier League,2223,Bournemouth,Emiliano Marcondes,DEN,"FW,MF",27,1995,1,0,9,0.1,0,0,0,0,0,0,0,0,0.0,0.0,0.0,0.0,0.0
ENG-Premier League,2223,Bournemouth,Hamed Junior Traorè,CIV,MF,22,2000,7,5,427,4.7,0,0,0,0,0,0,0,0,0.0,0.0,0.0,0.0,0.0
ENG-Premier League,2223,Bournemouth,Illia Zabarnyi,UKR,DF,19,2002,5,3,299,3.3,0,0,0,0,0,0,0,0,0.0,0.0,0.0,0.0,0.0
ENG-Premier League,2223,Bournemouth,Jack Stacey,ENG,"DF,MF",26,1996,10,3,299,3.3,0,0,0,0,0,0,2,0,0.0,0.0,0.0,0.0,0.0
ENG-Premier League,2223,Bournemouth,Jack Stephens,ENG,DF,28,1994,15,13,1173,13.0,0,0,0,0,0,0,3,0,0.0,0.0,0.0,0.0,0.0
ENG-Premier League,2223,Bournemouth,Jaidon Anthony,ENG,MF,22,1999,30,11,1257,14.0,3,1,4,3,0,0,2,0,0.21,0.07,0.29,0.21,0.29
ENG-Premier League,2223,Bournemouth,Jamal Lowe,JAM,"FW,MF",28,1994,2,0,12,0.1,0,0,0,0,0,0,0,0,0.0,0.0,0.0,0.0,0.0
ENG-Premier League,2223,Bournemouth,Jefferson Lerma,COL,MF,27,1994,37,37,3252,36.1,5,0,5,5,0,0,7,0,0.14,0.0,0.14,0.14,0.14
ENG-Premier League,2223,Bournemouth,Joe Rothwell,ENG,MF,27,1995,20,12,1016,11.3,0,1,1,0,0,0,1,0,0.0,0.09,0.09,0.0,0.09
ENG-Premier League,2223,Bournemouth,Jordan Zemura,ZIM,"DF,MF",22,1999,19,17,1454,16.2,0,1,1,0,0,0,1,0,0.0,0.06,0.06,0.0,0.06
ENG-Premier League,2223,Bournemouth,Junior Stanislas,ENG,MF,32,1989,4,0,61,0.7,0,0,0,0,0,0,0,0,0.0,0.0,0.0,0.0,0.0
ENG-Premier League,2223,Bournemouth,Kieffer Moore,WAL,FW,29,1992,27,12,1279,14.2,4,0,4,4,0,0,1,0,0.28,0.0,0.28,0.28,0.28
ENG-Premier League,2223,Bournemouth,Lewis Cook,ENG,MF,25,1997,28,18,1720,19.1,0,2,2,0,0,0,4,0,0.0,0.1,0.1,0.0,0.1
ENG-Premier League,2223,Bournemouth,Lloyd Kelly,ENG,DF,23,1998,23,23,2040,22.7,0,2,2,0,0,0,3,0,0.0,0.09,0.09,0.0,0.09
ENG-Premier League,2223,Bournemouth,Marcos Senesi,ARG,DF,25,1997,31,29,2491,27.7,2,0,2,2,0,0,7,0,0.07,0.0,0.07,0.07,0.07
ENG-Premier League,2223,Bournemouth,Marcus Tavernier,ENG,MF,23,1999,23,19,1743,19.4,5,4,9,5,0,0,1,0,0.26,0.21,0.46,0.26,0.46
ENG-Premier League,2223,Bournemouth,Mark Travers,IRL,GK,23,1999,12,11,1035,11.5,0,0,0,0,0,0,0,0,0.0,0.0,0.0,0.0,0.0
ENG-Premier League,2223,Bournemouth,Matías Viña,URU,"DF,MF",24,1997,12,5,458,5.1,2,0,2,2,0,0,1,0,0.39,0.0,0.39,0.39,0.39
ENG-Premier League,2223,Bournemouth,Neto,BRA,GK,33,1989,27,27,2385,26.5,0,0,0,0,0,0,4,0,0.0,0.0,0.0,0.0,0.0
ENG-Premier League,2223,Bournemouth,Owen Bevan,WAL,DF,18,2003,1,0,9,0.1,0,0,0,0,0,0,0,0,0.0,0.0,0.0,0.0,0.0
ENG-Premier League,2223,Bournemouth,Philip Billing,DEN,"MF,FW",26,1996,36,34,2764,30.7,7,1,8,7,0,0,5,0,0.23,0.03,0.26,0.23,0.26
ENG-Premier League,2223,Bournemouth,Ryan Christie,SCO,MF,27,1995,32,22,1834,20.4,1,1,2,1,0,0,2,0,0.05,0.05,0.1,0.05,0.1
ENG-Premier League,2223,Bournemouth,Ryan Fredericks,ENG,DF,29,1992,12,5,533,5.9,0,0,0,0,0,0,1,0,0.0,0.0,0.0,0.0,0.0
ENG-Premier League,2223,Bournemouth,Siriki Dembélé,CIV,"FW,MF",25,1996,6,0,110,1.2,0,0,0,0,0,0,0,0,0.0,0.0,0.0,0.0,0.0
ENG-Premier League,2223,Brentford,Aaron Hickey,SCO,DF,20,2002,26,23,1916,21.3,0,1,1,0,0,0,7,0,0.0,0.05,0.05,0.0,0.05
ENG-Premier League,2223,Brentford,Ben Mee,ENG,DF,32,1989,37,37,3269,36.3,3,2,5,3,0,0,2,0,0.08,0.06,0.14,0.08,0.14
ENG-Premier League,2223,Brentford,Bryan Mbeumo,CMR,FW,22,1999,38,36,2906,32.3,9,8,17,8,1,1,5,0,0.28,0.25,0.53,0.25,0.5
ENG-Premier League,2223,Brentford,Christian Nørgaard,DEN,MF,28,1994,22,21,1763,19.6,1,3,4,1,0,0,6,0,0.05,0.15,0.2,0.05,0.2
ENG-Premier League,2223,Brentford,David Raya,ESP,GK,26,1995,38,38,3420,38.0,0,0,0,0,0,0,1,0,0.0,0.0,0.0,0.0,0.0
ENG-Premier League,2223,Brentford,Ethan Pinnock,JAM,DF,29,1993,30,30,2700,30.0,3,0,3,3,0,0,0,0,0.1,0.0,0.1,0.1,0.1
ENG-Premier League,2223,Brentford,Frank Onyeka,NGA,MF,24,1998,21,8,848,9.4,0,2,2,0,0,0,0,0,0.0,0.21,0.21,0.0,0.21
ENG-Premier League,2223,Brentford,Halil Dervişoğlu,TUR,FW,22,1999,1,0,8,0.1,0,0,0,0,0,0,0,0,0.0,0.0,0.0,0.0,0.0
ENG-Premier League,2223,Brentford,Ivan Toney,ENG,FW,26,1996,33,33,2951,32.8,20,4,24,14,6,7,9,0,0.61,0.12,0.73,0.43,0.55
ENG-Premier League,2223,Brentford,Josh Dasilva,ENG,MF,23,1998,36,14,1389,15.4,4,2,6,4,0,0,1,0,0.26,0.13,0.39,0.26,0.39
ENG-Premier League,2223,Brentford,Keane Lewis-Potter,ENG,FW,21,2001,10,3,321,3.6,0,1,1,0,0,0,0,0,0.0,0.28,0.28,0.0,0.28
ENG-Premier League,2223,Brentford,Kevin Schade,GER,FW,20,2001,18,7,732,8.1,0,1,1,0,0,0,2,0,0.0,0.12,0.12,0.0,0.12
ENG-Premier League,2223,Brentford,Kristoffer Ajer,NOR,DF,24,1998,9,9,763,8.5,0,0,0,0,0,0,0,0,0.0,0.0,0.0,0.0,0.0
ENG-Premier League,2223,Brentford,Mads Bech Sørensen,DEN,DF,23,1999,4,0,21,0.2,0,0,0,0,0,0,0,0,0.0,0.0,0.0,0.0,0.0
ENG-Premier League,2223,Brentford,Mads Roerslev,DEN,"MF,DF",23,1999,20,12,1108,12.3,0,0,0,0,0,0,0,0,0.0,0.0,0.0,0.0,0.0
ENG-Premier League,2223,Brentford,Mathias Jensen,DEN,MF,26,1996,37,37,2803,31.1,5,6,11,5,0,0,5,0,0.16,0.19,0.35,0.16,0.35
ENG-Premier League,2223,Brentford,Mathias Jørgensen,DEN,DF,32,1990,18,11,1103,12.3,0,0,0,0,0,0,2,0,0.0,0.0,0.0,0.0,0.0
ENG-Premier League,2223,Brentford,Mikkel Damsgaard,DEN,"MF,FW",22,2000,26,9,988,11.0,0,0,0,0,0,0,4,0,0.0,0.0,0.0,0.0,0.0
ENG-Premier League,2223,Brentford,Pontus Jansson,SWE,DF,31,1991,12,9,724,8.0,1,0,1,1,0,0,0,0,0.12,0.0,0.12,0.12,0.12
ENG-Premier League,2223,Brentford,Rico Henry,JAM,"DF,MF",25,1997,37,37,3238,36.0,0,2,2,0,0,0,4,0,0.0,0.06,0.06,0.0,0.06
ENG-Premier League,2223,Brentford,Saman Ghoddos,IRN,"FW,MF",28,1993,15,0,139,1.5,0,0,0,0,0,0,0,0,0.0,0.0,0.0,0.0,0.0
ENG-Premier League,2223,Brentford,Sergi Canós,ESP,"FW,MF",25,1997,5,0,77,0.9,0,0,0,0,0,0,0,0,0.0,0.0,0.0,0.0,0.0
ENG-Premier League,2223,Brentford,Shandon Baptiste,GRN,MF,24,1998,23,4,618,6.9,0,1,1,0,0,0,3,1,0.0,0.15,0.15,0.0,0.15
ENG-Premier League,2223,Brentford,Vitaly Janelt,GER,MF,24,1998,35,24,2208,24.5,3,1,4,3,0,0,3,0,0.12,0.04,0.16,0.12,0.16
ENG-Premier League,2223,Brentford,Yoane Wissa,COD,FW,25,1996,38,16,1606,17.8,7,3,10,7,0,0,3,0,0.39,0.17,0.56,0.39,0.56
ENG-Premier League,2223,Brighton,Adam Lallana,ENG,MF,34,1988,16,12,722,8.0,2,1,3,2,0,0,0,0,0.25,0.12,0.37,0.25,0.37
ENG-Premier League,2223,Brighton,Adam Webster,ENG,DF,27,1995,27,23,1985,22.1,0,0,0,0,0,0,2,0,0.0,0.0,0.0,0.0,0.0
ENG-Premier League,2223,Brighton,Alexis Mac Allister,ARG,MF,23,1998,35,31,2886,32.1,10,2,12,4,6,6,8,0,0.31,0.06,0.37,0.12,0.19
ENG-Premier League,2223,Brighton,Andrew Moran,IRL,MF,18,2003,1,0,12,0.1,0,0,0,0,0,0,0,0,0.0,0.0,0.0,0.0,0.0
ENG-Premier League,2223,Brighton,Billy Gilmour,SCO,MF,21,2001,14,7,507,5.6,0,1,1,0,0,0,1,0,0.0,0.18,0.18,0.0,0.18
ENG-Premier League,2223,Brighton,Cameron Peupion,AUS,MF,19,2002,1,0,6,0.1,0,0,0,0,0,0,0,0,0.0,0.0,0.0,0.0,0.0
ENG-Premier League,2223,Brighton,Danny Welbeck,ENG,FW,31,1990,31,21,1854,20.6,6,3,9,6,0,0,0,0,0.29,0.15,0.44,0.29,0.44
ENG-Premier League,2223,Brighton,Deniz Undav,GER,"MF,FW",26,1996,22,6,628,7.0,5,0,5,5,0,0,2,0,0.72,0.0,0.72,0.72,0.72
ENG-Premier League,2223,Brighton,Enock Mwepu,ZAM,"MF,FW",24,1998,6,2,213,2.4,0,1,1,0,0,0,0,0,0.0,0.42,0.42,0.0,0.42
ENG-Premier League,2223,Brighton,Evan Ferguson,IRL,FW,17,2004,19,10,950,10.6,6,2,8,6,0,0,1,0,0.57,0.19,0.76,0.57,0.76
ENG-Premier League,2223,Brighton,Facundo Buonanotte,ARG,MF,17,2004,13,6,565,6.3,1,1,2,1,0,0,2,0,0.16,0.16,0.32,0.16,0.32
ENG-Premier League,2223,Brighton,Jack Hinshelwood,ENG,"DF,MF",17,2005,1,0,2,0.0,0,0,0,0,0,0,0,0,0.0,0.0,0.0,0.0,0.0
ENG-Premier League,2223,Brighton,Jan Paul van Hecke,NED,DF,22,2000,8,3,295,3.3,0,0,0,0,0,0,2,0,0.0,0.0,0.0,0.0,0.0
ENG-Premier League,2223,Brighton,Jason Steele,ENG,GK,31,1990,15,15,1350,15.0,0,1,1,0,0,0,1,0,0.0,0.07,0.07,0.0,0.07
ENG-Premier League,2223,Brighton,Jeremy Sarmiento,ECU,MF,20,2002,9,1,176,2.0,0,1,1,0,0,0,1,0,0.0,0.51,0.51,0.0,0.51
ENG-Premier League,2223,Brighton,Joël Veltman,NED,DF,30,1992,31,25,2188,24.3,1,1,2,1,0,0,6,0,0.04,0.04,0.08,0.04,0.08
ENG-Premier League,2223,Brighton,Julio Enciso,PAR,"MF,FW",18,2004,20,7,806,9.0,4,2,6,4,0,0,1,0,0.45,0.22,0.67,0.45,0.67
ENG-Premier League,2223,Brighton,Kaoru Mitoma,JPN,MF,25,1997,33,24,2318,25.8,7,5,12,7,0,0,0,0,0.27,0.19,0.47,0.27,0.47
ENG-Premier League,2223,Brighton,Leandro Trossard,BEL,"MF,FW",27,1994,16,16,1315,14.6,7,2,9,7,0,0,1,0,0.48,0.14,0.62,0.48,0.62
ENG-Premier League,2223,Brighton,Levi Colwill,ENG,DF,19,2003,17,13,1220,13.6,0,2,2,0,0,0,1,0,0.0,0.15,0.15,0.0,0.15
ENG-Premier League,2223,Brighton,Lewis Dunk,ENG,DF,30,1991,36,36,3239,36.0,1,0,1,1,0,0,4,0,0.03,0.0,0.03,0.03,0.03
ENG-Premier League,2223,Brighton,Moisés Caicedo,ECU,MF,20,2001,37,34,3139,34.9,1,1,2,1,0,0,10,0,0.03,0.03,0.06,0.03,0.06
ENG-Premier League,2223,Brighton,Odeluga Offiah,ENG,DF,19,2002,2,0,25,0.3,0,0,0,0,0,0,0,0,0.0,0.0,0.0,0.0,0.0
ENG-Premier League,2223,Brighton,Pascal Groß,GER,"MF,DF",31,1991,37,37,3239,36.0,9,8,17,9,0,0,6,0,0.25,0.22,0.47,0.25,0.47
ENG-Premier League,2223,Brighton,Pervis Estupiñán,ECU,"DF,MF",24,1998,35,31,2675,29.7,1,5,6,1,0,0,4,0,0.03,0.17,0.2,0.03,0.2
ENG-Premier League,2223,Brighton,Robert Sánchez,ESP,GK,24,1997,23,23,2070,23.0,0,0,0,0,0,0,2,0,0.0,0.0,0.0,0.0,0.0
ENG-Premier League,2223,Brighton,Solly March,ENG,MF,28,1994,33,31,2715,30.2,6,7,13,6,0,0,2,0,0.2,0.23,0.43,0.2,0.43
ENG-Premier League,2223,Brighton,Tariq Lamptey,GHA,"DF,MF",21,2000,20,3,453,5.0,0,0,0,0,0,0,1,0,0.0,0.0,0.0,0.0,0.0
ENG-Premier League,2223,Brighton,Yasin Ayari,SWE,MF,18,2003,3,1,67,0.7,0,0,0,0,0,0,0,0,0.0,0.0,0.0,0.0,0.0
ENG-Premier League,2223,Chelsea,Armando Broja,ALB,FW,20,2001,12,2,294,3.3,1,0,1,1,0,0,0,0,0.31,0.0,0.31,0.31,0.31
ENG-Premier League,2223,Chelsea,Ben Chilwell,ENG,"MF,DF",25,1996,23,15,1408,15.6,2,2,4,2,0,0,3,0,0.13,0.13,0.26,0.13,0.26
ENG-Premier League,2223,Chelsea,Benoît Badiashile,FRA,DF,21,2001,11,10,905,10.1,1,0,1,1,0,0,2,0,0.1,0.0,0.1,0.1,0.1
ENG-Premier League,2223,Chelsea,Carney Chukwuemeka,AUT,MF,18,2003,14,2,354,3.9,0,0,0,0,0,0,0,0,0.0,0.0,0.0,0.0,0.0
ENG-Premier League,2223,Chelsea,Christian Pulisic,USA,"MF,FW",23,1998,24,8,821,9.1,1,1,2,1,0,0,1,0,0.11,0.11,0.22,0.11,0.22
ENG-Premier League,2223,Chelsea,Conor Gallagher,ENG,MF,22,2000,35,18,1621,18.0,3,1,4,3,0,0,11,1,0.17,0.06,0.22,0.17,0.22
ENG-Premier League,2223,Chelsea,César Azpilicueta,ESP,"DF,MF",32,1989,25,16,1527,17.0,0,0,0,0,0,0,3,0,0.0,0.0,0.0,0.0,0.0
ENG-Premier League,2223,Chelsea,David Datro Fofana,CIV,FW,19,2002,3,1,70,0.8,0,0,0,0,0,0,0,0,0.0,0.0,0.0,0.0,0.0
ENG-Premier League,2223,Chelsea,Denis Zakaria,SUI,MF,25,1996,7,5,411,4.6,0,0,0,0,0,0,0,0,0.0,0.0,0.0,0.0,0.0
ENG-Premier League,2223,Chelsea,Enzo Fernández,ARG,MF,21,2001,18,18,1547,17.2,0,2,2,0,0,0,3,0,0.0,0.12,0.12,0.0,0.12
ENG-Premier League,2223,Chelsea,Hakim Ziyech,MAR,"MF,FW",29,1993,18,6,661,7.3,0,3,3,0,0,0,1,0,0.0,0.41,0.41,0.0,0.41
ENG-Premier League,2223,Chelsea,Jorginho,ITA,MF,30,1991,18,15,1279,14.2,2,0,2,0,2,2,4,0,0.14,0.0,0.14,0.0,0.0
ENG-Premier League,2223,Chelsea,João Félix,POR,"FW,MF",22,1999,16,11,941,10.5,4,0,4,4,0,0,1,1,0.38,0.0,0.38,0.38,0.38
ENG-Premier League,2223,Chelsea,Kai Havertz,GER,"FW,MF",23,1999,35,30,2569,28.5,7,1,8,6,1,1,5,0,0.25,0.04,0.28,0.21,0.25
ENG-Premier League,2223,Chelsea,Kalidou Koulibaly,SEN,DF,31,1991,23,20,1800,20.0,2,1,3,2,0,0,7,1,0.1,0.05,0.15,0.1,0.15
ENG-Premier League,2223,Chelsea,Kepa Arrizabalaga,ESP,GK,27,1994,29,29,2565,28.5,0,0,0,0,0,0,1,0,0.0,0.0,0.0,0.0,0.0
ENG-Premier League,2223,Chelsea,Lewis Hall,ENG,"MF,DF",17,2004,9,8,654,7.3,0,0,0,0,0,0,1,0,0.0,0.0,0.0,0.0,0.0
ENG-Premier League,2223,Chelsea,Marc Cucurella,ESP,"DF,MF",24,1998,24,21,1671,18.6,0,2,2,0,0,0,4,0,0.0,0.11,0.11,0.0,0.11
ENG-Premier League,2223,Chelsea,Mason Mount,ENG,MF,23,1999,24,20,1648,18.3,3,2,5,3,0,0,4,0,0.16,0.11,0.27,0.16,0.27
ENG-Premier League,2223,Chelsea,Mateo Kovačić,CRO,MF,28,1994,27,17,1707,19.0,1,2,3,1,0,0,8,0,0.05,0.11,0.16,0.05,0.16
ENG-Premier League,2223,Chelsea,Mykhailo Mudryk,UKR,"FW,MF",21,2001,15,7,657,7.3,0,2,2,0,0,0,1,0,0.0,0.27,0.27,0.0,0.27
ENG-Premier League,2223,Chelsea,N'Golo Kanté,FRA,MF,31,1991,7,6,518,5.8,0,1,1,0,0,0,1,0,0.0,0.17,0.17,0.0,0.17
ENG-Premier League,2223,Chelsea,Noni Madueke,ENG,"FW,MF",20,2002,12,7,643,7.1,1,0,1,1,0,0,0,0,0.14,0.0,0.14,0.14,0.14
ENG-Premier League,2223,Chelsea,Omari Hutchinson,ENG,MF,18,2003,1,0,23,0.3,0,0,0,0,0,0,0,0,0.0,0.0,0.0,0.0,0.0
ENG-Premier League,2223,Chelsea,Pierre-Emerick Aubameyang,GAB,FW,33,1989,15,5,554,6.2,1,0,1,1,0,0,1,0,0.16,0.0,0.16,0.16,0.16
ENG-Premier League,2223,Chelsea,Raheem Sterling,ENG,"FW,MF",27,1994,28,23,1891,21.0,6,3,9,6,0,0,4,0,0.29,0.14,0.43,0.29,0.43
ENG-Premier League,2223,Chelsea,Reece James,ENG,"DF,MF",22,1999,16,14,1244,13.8,1,1,2,1,0,0,4,0,0.07,0.07,0.14,0.07,0.14
ENG-Premier League,2223,Chelsea,Ruben Loftus-Cheek,ENG,MF,26,1996,25,19,1536,17.1,0,1,1,0,0,0,1,0,0.0,0.06,0.06,0.0,0.06
ENG-Premier League,2223,Chelsea,Thiago Silva,BRA,DF,37,1984,27,26,2352,26.1,0,2,2,0,0,0,2,0,0.0,0.08,0.08,0.0,0.08
ENG-Premier League,2223,Chelsea,Trevoh Chalobah,ENG,DF,23,1999,25,18,1608,17.9,0,0,0,0,0,0,4,0,0.0,0.0,0.0,0.0,0.0
ENG-Premier League,2223,Chelsea,Wesley Fofana,FRA,DF,21,2000,15,12,1183,13.1,1,0,1,1,0,0,3,0,0.08,0.0,0.08,0.08,0.08
ENG-Premier League,2223,Chelsea,Édouard Mendy,SEN,GK,30,1992,10,9,855,9.5,0,0,0,0,0,0,1,0,0.0,0.0,0.0,0.0,0.0
ENG-Premier League,2223,Crystal Palace,Albert Sambi Lokonga,BEL,MF,22,1999,9,6,536,6.0,0,0,0,0,0,0,2,0,0.0,0.0,0.0,0.0,0.0
ENG-Premier League,2223,Crystal Palace,Cheick Doucouré,MLI,MF,22,2000,34,34,2769,30.8,0,3,3,0,0,0,10,1,0.0,0.1,0.1,0.0,0.1
ENG-Premier League,2223,Crystal Palace,Chris Richards,USA,DF,22,2000,9,4,447,5.0,0,0,0,0,0,0,0,0,0.0,0.0,0.0,0.0,0.0
ENG-Premier League,2223,Crystal Palace,David Ozoh,ENG,MF,17,2005,1,0,1,0.0,0,0,0,0,0,0,0,0,0.0,0.0,0.0,0.0,0.0
ENG-Premier League,2223,Crystal Palace,Eberechi Eze,ENG,"MF,FW",24,1998,38,30,2636,29.3,10,4,14,9,1,1,3,0,0.34,0.14,0.48,0.31,0.44
ENG-Premier League,2223,Crystal Palace,James McArthur,SCO,MF,34,1987,4,0,54,0.6,0,0,0,0,0,0,0,0,0.0,0.0,0.0,0.0,0.0
ENG-Premier League,2223,Crystal Palace,James Tomkins,ENG,DF,33,1989,6,3,338,3.8,1,0,1,1,0,0,3,1,0.27,0.0,0.27,0.27,0.27
ENG-Premier League,2223,Crystal Palace,Jaïro Riedewald,NED,"DF,MF",25,1996,6,0,64,0.7,0,0,0,0,0,0,0,0,0.0,0.0,0.0,0.0,0.0
ENG-Premier League,2223,Crystal Palace,Jean-Philippe Mateta,FRA,FW,25,1997,29,6,770,8.6,2,0,2,2,0,0,3,0,0.23,0.0,0.23,0.23,0.23
ENG-Premier League,2223,Crystal Palace,Jeffrey Schlupp,GHA,MF,29,1992,34,30,2531,28.1,3,1,4,3,0,0,7,0,0.11,0.04,0.14,0.11,0.14
ENG-Premier League,2223,Crystal Palace,Joachim Andersen,DEN,DF,26,1996,32,32,2782,30.9,1,0,1,1,0,0,8,0,0.03,0.0,0.03,0.03,0.03
ENG-Premier League,2223,Crystal Palace,Joel Ward,ENG,DF,32,1989,28,24,2256,25.1,1,0,1,1,0,0,6,0,0.04,0.0,0.04,0.04,0.04
ENG-Premier League,2223,Crystal Palace,Jordan Ayew,GHA,"FW,MF",30,1991,38,31,2714,30.2,4,3,7,4,0,0,5,0,0.13,0.1,0.23,0.13,0.23
ENG-Premier League,2223,Crystal Palace,Joseph Whitworth,ENG,GK,18,2004,2,2,180,2.0,0,0,0,0,0,0,0,0,0.0,0.0,0.0,0.0,0.0
ENG-Premier League,2223,Crystal Palace,Luka Milivojević,SRB,MF,31,1991,18,5,512,5.7,0,0,0,0,0,0,2,0,0.0,0.0,0.0,0.0,0.0
ENG-Premier League,2223,Crystal Palace,Malcolm Ebiowei,ENG,MF,18,2003,3,0,34,0.4,0,0,0,0,0,0,0,0,0.0,0.0,0.0,0.0,0.0
ENG-Premier League,2223,Crystal Palace,Marc Guéhi,ENG,DF,22,2000,37,37,3329,37.0,1,0,1,1,0,0,8,0,0.03,0.0,0.03,0.03,0.03
ENG-Premier League,2223,Crystal Palace,Michael Olise,FRA,"MF,FW",20,2001,37,31,2749,30.5,2,11,13,2,0,0,2,0,0.07,0.36,0.43,0.07,0.43
ENG-Premier League,2223,Crystal Palace,Naouirou Ahamada,FRA,MF,20,2002,8,0,94,1.0,0,0,0,0,0,0,1,0,0.0,0.0,0.0,0.0,0.0
ENG-Premier League,2223,Crystal Palace,Nathaniel Clyne,ENG,DF,31,1991,22,19,1640,18.2,0,0,0,0,0,0,3,0,0.0,0.0,0.0,0.0,0.0
ENG-Premier League,2223,Crystal Palace,Odsonne Édouard,FRA,FW,24,1998,35,20,1803,20.0,5,2,7,5,0,0,3,0,0.25,0.1,0.35,0.25,0.35
ENG-Premier League,2223,Crystal Palace,Sam Johnstone,ENG,GK,29,1993,9,9,810,9.0,0,0,0,0,0,0,1,0,0.0,0.0,0.0,0.0,0.0
ENG-Premier League,2223,Crystal Palace,Tyrick Mitchell,ENG,DF,22,1999,36,34,2891,32.1,0,2,2,0,0,0,5,1,0.0,0.06,0.06,0.0,0.06
ENG-Premier League,2223,Crystal Palace,Vicente Guaita,ESP,GK,35,1987,27,27,2430,27.0,0,0,0,0,0,0,1,0,0.0,0.0,0.0,0.0,0.0
ENG-Premier League,2223,Crystal Palace,Wilfried Zaha,CIV,"FW,MF",29,1992,27,27,2288,25.4,7,2,9,7,0,2,5,0,0.28,0.08,0.35,0.28,0.35
ENG-Premier League,2223,Crystal Palace,Will Hughes,ENG,MF,27,1995,27,7,842,9.4,1,1,2,1,0,0,4,0,0.11,0.11,0.21,0.11,0.21
ENG-Premier League,2223,Everton,Abdoulaye Doucouré,MLI,MF,29,1993,25,17,1533,17.0,5,2,7,5,0,0,6,1,0.29,0.12,0.41,0.29,0.41
ENG-Premier League,2223,Everton,Alex Iwobi,NGA,MF,26,1996,38,38,3378,37.5,2,7,9,2,0,0,2,0,0.05,0.19,0.24,0.05,0.24
ENG-Premier League,2223,Everton,Amadou Onana,BEL,MF,20,2001,33,29,2488,27.6,1,2,3,1,0,0,9,0,0.04,0.07,0.11,0.04,0.11
ENG-Premier League,2223,Everton,Anthony Gordon,ENG,"FW,MF",21,2001,16,12,1095,12.2,3,0,3,3,0,0,6,0,0.25,0.0,0.25,0.25,0.25
ENG-Premier League,2223,Everton,Asmir Begović,BIH,GK,35,1987,1,1,90,1.0,0,0,0,0,0,0,0,0,0.0,0.0,0.0,0.0,0.0
ENG-Premier League,2223,Everton,Ben Godfrey,ENG,DF,24,1998,13,10,802,8.9,0,1,1,0,0,0,2,0,0.0,0.11,0.11,0.0,0.11
ENG-Premier League,2223,Everton,Conor Coady,ENG,DF,29,1993,24,23,2096,23.3,1,1,2,1,0,0,2,0,0.04,0.04,0.09,0.04,0.09
ENG-Premier League,2223,Everton,Dele Alli,ENG,"FW,MF",26,1996,2,0,40,0.4,0,0,0,0,0,0,0,0,0.0,0.0,0.0,0.0,0.0
ENG-Premier League,2223,Everton,Demarai Gray,JAM,"FW,MF",26,1996,33,27,2507,27.9,4,1,5,2,2,2,3,0,0.14,0.04,0.18,0.07,0.11
ENG-Premier League,2223,Everton,Dominic Calvert-Lewin,ENG,FW,25,1997,17,15,1165,12.9,2,1,3,1,1,1,3,0,0.15,0.08,0.23,0.08,0.15
ENG-Premier League,2223,Everton,Dwight McNeil,ENG,"MF,FW",22,1999,36,28,2498,27.8,7,3,10,7,0,0,5,0,0.25,0.11,0.36,0.25,0.36
ENG-Premier League,2223,Everton,Ellis Simms,ENG,FW,21,2001,11,2,228,2.5,1,0,1,1,0,0,0,0,0.39,0.0,0.39,0.39,0.39
ENG-Premier League,2223,Everton,Idrissa Gueye,SEN,MF,32,1989,33,32,2577,28.6,0,1,1,0,0,0,7,0,0.0,0.03,0.03,0.0,0.03
ENG-Premier League,2223,Everton,Isaac Price,NIR,MF,18,2003,1,0,33,0.4,0,0,0,0,0,0,1,0,0.0,0.0,0.0,0.0,0.0
ENG-Premier League,2223,Everton,James Garner,ENG,MF,21,2001,16,7,804,8.9,0,1,1,0,0,0,3,0,0.0,0.11,0.11,0.0,0.11
ENG-Premier League,2223,Everton,James Tarkowski,ENG,DF,29,1992,38,38,3420,38.0,1,1,2,1,0,0,6,0,0.03,0.03,0.05,0.03,0.05
ENG-Premier League,2223,Everton,Jordan Pickford,ENG,GK,28,1994,37,37,3330,37.0,0,1,1,0,0,0,6,0,0.0,0.03,0.03,0.0,0.03
ENG-Premier League,2223,Everton,Mason Holgate,JAM,DF,25,1996,8,5,507,5.6,0,0,0,0,0,0,3,1,0.0,0.0,0.0,0.0,0.0
ENG-Premier League,2223,Everton,Michael Keane,ENG,DF,29,1993,12,10,985,10.9,1,2,3,1,0,0,0,0,0.09,0.18,0.27,0.09,0.27
ENG-Premier League,2223,Everton,Nathan Patterson,SCO,"DF,MF",20,2001,19,14,1279,14.2,0,0,0,0,0,0,3,0,0.0,0.0,0.0,0.0,0.0
ENG-Premier League,2223,Everton,Neal Maupay,FRA,FW,25,1996,27,11,1118,12.4,1,0,1,1,0,0,4,0,0.08,0.0,0.08,0.08,0.08
ENG-Premier League,2223,Everton,Rúben Vinagre,POR,"DF,MF",23,1999,2,0,26,0.3,0,0,0,0,0,0,0,0,0.0,0.0,0.0,0.0,0.0
ENG-Premier League,2223,Everton,Salomón Rondón,VEN,FW,32,1989,7,1,109,1.2,0,0,0,0,0,0,0,0,0.0,0.0,0.0,0.0,0.0
ENG-Premier League,2223,Everton,Séamus Coleman,IRL,"DF,MF",33,1988,23,20,1656,18.4,1,0,1,1,0,0,1,0,0.05,0.0,0.05,0.05,0.05
ENG-Premier League,2223,Everton,Tom Cannon,IRL,FW,19,2002,2,0,25,0.3,0,0,0,0,0,0,0,0,0.0,0.0,0.0,0.0,0.0
ENG-Premier League,2223,Everton,Tom Davies,ENG,MF,24,1998,19,4,538,6.0,0,0,0,0,0,0,3,0,0.0,0.0,0.0,0.0,0.0
ENG-Premier League,2223,Everton,Vitaliy Mykolenko,UKR,"DF,MF",23,1999,34,30,2655,29.5,0,0,0,0,0,0,4,0,0.0,0.0,0.0,0.0,0.0
ENG-Premier League,2223,Everton,Yerry Mina,COL,DF,27,1994,7,7,594,6.6,2,0,2,2,0,0,2,0,0.3,0.0,0.3,0.3,0.3
ENG-Premier League,2223,Fulham,Aleksandar Mitrović,SRB,FW,27,1994,24,23,2008,22.3,14,1,15,10,4,8,7,0,0.63,0.04,0.67,0.45,0.49
ENG-Premier League,2223,Fulham,Andreas Pereira,BRA,MF,26,1996,33,33,2692,29.9,4,6,10,3,1,1,8,0,0.13,0.2,0.33,0.1,0.3
ENG-Premier League,2223,Fulham,Antonee Robinson,USA,DF,24,1997,35,35,3088,34.3,0,1,1,0,0,0,8,0,0.0,0.03,0.03,0.0,0.03
ENG-Premier League,2223,Fulham,Bernd Leno,GER,GK,30,1992,36,36,3240,36.0,0,0,0,0,0,0,3,0,0.0,0.0,0.0,0.0,0.0
ENG-Premier League,2223,Fulham,Bobby De Cordova-Reid,JAM,"MF,DF",29,1993,36,29,2475,27.5,4,1,5,4,0,0,8,0,0.15,0.04,0.18,0.15,0.18
ENG-Premier League,2223,Fulham,Carlos Vinícius,BRA,FW,27,1995,28,11,1109,12.3,5,2,7,5,0,0,3,0,0.41,0.16,0.57,0.41,0.57
ENG-Premier League,2223,Fulham,Cédric Soares,POR,DF,30,1991,6,2,198,2.2,0,0,0,0,0,0,0,0,0.0,0.0,0.0,0.0,0.0
ENG-Premier League,2223,Fulham,Daniel James,WAL,"MF,FW",24,1997,20,5,621,6.9,2,1,3,2,0,0,0,0,0.29,0.14,0.43,0.29,0.43
ENG-Premier League,2223,Fulham,Harrison Reed,ENG,MF,27,1995,37,35,2866,31.8,3,4,7,3,0,0,5,0,0.09,0.13,0.22,0.09,0.22
ENG-Premier League,2223,Fulham,Harry Wilson,WAL,MF,25,1997,29,13,1100,12.2,2,3,5,2,0,0,1,0,0.16,0.25,0.41,0.16,0.41
ENG-Premier League,2223,Fulham,Issa Diop,MAR,DF,25,1997,25,21,2012,22.4,1,0,1,1,0,0,2,0,0.04,0.0,0.04,0.04,0.04
ENG-Premier League,2223,Fulham,Jay Stansfield,ENG,MF,19,2002,3,1,87,1.0,0,0,0,0,0,0,0,0,0.0,0.0,0.0,0.0,0.0
ENG-Premier League,2223,Fulham,Josh Onomah,ENG,"FW,MF",25,1997,2,0,15,0.2,0,0,0,0,0,0,0,0,0.0,0.0,0.0,0.0,0.0
ENG-Premier League,2223,Fulham,João Palhinha,POR,MF,27,1995,35,35,3108,34.5,3,0,3,3,0,0,14,0,0.09,0.0,0.09,0.09,0.09
ENG-Premier League,2223,Fulham,Kenny Tete,NED,DF,26,1995,31,29,2569,28.5,1,5,6,1,0,0,8,0,0.04,0.18,0.21,0.04,0.21
ENG-Premier League,2223,Fulham,Kevin Mbabu,SUI,DF,27,1995,6,1,144,1.6,0,1,1,0,0,0,1,0,0.0,0.62,0.62,0.0,0.62
ENG-Premier League,2223,Fulham,Layvin Kurzawa,FRA,DF,29,1992,3,2,135,1.5,0,0,0,0,0,0,1,0,0.0,0.0,0.0,0.0,0.0
ENG-Premier League,2223,Fulham,Luke Harris,WAL,MF,17,2005,3,0,13,0.1,0,0,0,0,0,0,0,0,0.0,0.0,0.0,0.0,0.0
ENG-Premier League,2223,Fulham,Manor Solomon,ISR,MF,23,1999,19,4,572,6.4,4,0,4,4,0,0,0,0,0.63,0.0,0.63,0.63,0.63
ENG-Premier League,2223,Fulham,Marek Rodák,SVK,GK,25,1996,2,2,180,2.0,0,0,0,0,0,0,0,0,0.0,0.0,0.0,0.0,0.0
ENG-Premier League,2223,Fulham,Nathaniel Chalobah,ENG,MF,27,1994,4,1,12,0.1,0,0,0,0,0,0,0,1,0.0,0.0,0.0,0.0,0.0
ENG-Premier League,2223,Fulham,Neeskens Kebano,COD,MF,30,1992,17,9,764,8.5,0,3,3,0,0,0,0,0,0.0,0.35,0.35,0.0,0.35
ENG-Premier League,2223,Fulham,Saša Lukić,SRB,MF,25,1996,12,4,412,4.6,0,0,0,0,0,0,1,0,0.0,0.0,0.0,0.0,0.0
ENG-Premier League,2223,Fulham,Shane Duffy,IRL,"DF,MF",30,1992,5,0,20,0.2,0,0,0,0,0,0,0,0,0.0,0.0,0.0,0.0,0.0
ENG-Premier League,2223,Fulham,Tim Ream,USA,DF,34,1987,33,33,2897,32.2,1,0,1,1,0,0,2,0,0.03,0.0,0.03,0.03,0.03
ENG-Premier League,2223,Fulham,Tom Cairney,SCO,MF,31,1991,33,6,988,11.0,2,0,2,2,0,0,2,0,0.18,0.0,0.18,0.18,0.18
ENG-Premier League,2223,Fulham,Tosin Adarabioyo,ENG,DF,24,1997,25,23,2085,23.2,1,0,1,1,0,0,4,0,0.04,0.0,0.04,0.04,0.04
ENG-Premier League,2223,Fulham,Tyrese Francois,AUS,MF,22,2000,1,0,1,0.0,0,0,0,0,0,0,0,0,0.0,0.0,0.0,0.0,0.0
ENG-Premier League,2223,Fulham,Willian,BRA,MF,33,1988,27,25,2126,23.6,5,5,10,5,0,0,2,0,0.21,0.21,0.42,0.21,0.42
ENG-Premier League,2223,Leeds United,Adam Forshaw,ENG,MF,30,1991,12,5,479,5.3,0,0,0,0,0,0,0,0,0.0,0.0,0.0,0.0,0.0
ENG-Premier League,2223,Leeds United,Brenden Aaronson,USA,MF,21,2000,36,28,2372,26.4,1,3,4,1,0,0,2,0,0.04,0.11,0.15,0.04,0.15
ENG-Premier League,2223,Leeds United,Cody Drameh,ENG,DF,20,2001,1,1,69,0.8,0,0,0,0,0,0,0,0,0.0,0.0,0.0,0.0,0.0
ENG-Premier League,2223,Leeds United,Crysencio Summerville,NED,"MF,FW",20,2001,28,12,1426,15.8,4,2,6,4,0,0,4,0,0.25,0.13,0.38,0.25,0.38
ENG-Premier League,2223,Leeds United,Daniel James,WAL,MF,24,1997,4,2,198,2.2,0,0,0,0,0,0,0,0,0.0,0.0,0.0,0.0,0.0
ENG-Premier League,2223,Leeds United,Darko Gyabi,ENG,MF,18,2004,1,0,8,0.1,0,0,0,0,0,0,0,0,0.0,0.0,0.0,0.0,0.0
ENG-Premier League,2223,Leeds United,Diego Llorente,ESP,DF,28,1993,8,7,649,7.2,0,0,0,0,0,0,1,0,0.0,0.0,0.0,0.0,0.0
ENG-Premier League,2223,Leeds United,Georginio Rutter,FRA,FW,20,2002,11,1,273,3.0,0,1,1,0,0,0,0,0,0.0,0.33,0.33,0.0,0.33
ENG-Premier League,2223,Leeds United,Illan Meslier,FRA,GK,22,2000,34,34,3060,34.0,0,0,0,0,0,0,3,0,0.0,0.0,0.0,0.0,0.0
ENG-Premier League,2223,Leeds United,Jack Harrison,ENG,MF,25,1996,36,34,2708,30.1,5,7,12,5,0,0,2,0,0.17,0.23,0.4,0.17,0.4
ENG-Premier League,2223,Leeds United,Joe Gelhardt,ENG,FW,20,2002,15,1,212,2.4,0,2,2,0,0,0,1,0,0.0,0.85,0.85,0.0,0.85
ENG-Premier League,2223,Leeds United,Joel Robles,ESP,GK,32,1990,4,4,360,4.0,0,0,0,0,0,0,1,0,0.0,0.0,0.0,0.0,0.0
ENG-Premier League,2223,Leeds United,Junior Firpo,DOM,DF,25,1996,19,14,1368,15.2,1,1,2,1,0,0,6,1,0.07,0.07,0.13,0.07,0.13
ENG-Premier League,2223,Leeds United,Liam Cooper,SCO,DF,30,1991,18,16,1426,15.8,1,0,1,1,0,0,5,0,0.06,0.0,0.06,0.06,0.06
ENG-Premier League,2223,Leeds United,Luis Sinisterra,COL,MF,23,1999,19,13,867,9.6,5,0,5,5,0,0,3,1,0.52,0.0,0.52,0.52,0.52
ENG-Premier League,2223,Leeds United,Luke Ayling,ENG,DF,30,1991,29,22,2054,22.8,2,1,3,2,0,0,3,0,0.09,0.04,0.13,0.09,0.13
ENG-Premier League,2223,Leeds United,Marc Roca,ESP,MF,25,1996,32,29,2315,25.7,1,2,3,1,0,0,7,0,0.04,0.08,0.12,0.04,0.12
ENG-Premier League,2223,Leeds United,Mateo Joseph,ESP,FW,18,2003,3,0,26,0.3,0,0,0,0,0,0,0,0,0.0,0.0,0.0,0.0,0.0
ENG-Premier League,2223,Leeds United,Mateusz Klich,POL,MF,32,1990,14,0,280,3.1,0,0,0,0,0,0,2,0,0.0,0.0,0.0,0.0,0.0
ENG-Premier League,2223,Leeds United,Maximilian Wöber,AUT,DF,24,1998,16,14,1266,14.1,0,0,0,0,0,0,3,0,0.0,0.0,0.0,0.0,0.0
ENG-Premier League,2223,Leeds United,Pascal Struijk,NED,DF,22,1999,29,26,2200,24.4,2,1,3,2,0,0,5,0,0.08,0.04,0.12,0.08,0.12
ENG-Premier League,2223,Leeds United,Patrick Bamford,ENG,FW,28,1993,28,18,1515,16.8,4,2,6,4,0,2,3,0,0.24,0.12,0.36,0.24,0.36
ENG-Premier League,2223,Leeds United,Rasmus Kristensen,DEN,DF,25,1997,26,21,1960,21.8,3,1,4,3,0,0,4,0,0.14,0.05,0.18,0.14,0.18
ENG-Premier League,2223,Leeds United,Robin Koch,GER,DF,26,1996,36,36,3175,35.3,0,0,0,0,0,0,7,0,0.0,0.0,0.0,0.0,0.0
ENG-Premier League,2223,Leeds United,Rodrigo,ESP,"FW,MF",31,1991,31,23,1935,21.5,13,1,14,12,1,1,6,0,0.6,0.05,0.65,0.56,0.6
ENG-Premier League,2223,Leeds United,Sam Greenwood,ENG,MF,20,2002,18,3,424,4.7,1,2,3,1,0,0,1,0,0.21,0.42,0.64,0.21,0.64
ENG-Premier League,2223,Leeds United,Tyler Adams,USA,MF,23,1999,24,24,2156,24.0,0,0,0,0,0,0,6,1,0.0,0.0,0.0,0.0,0.0
ENG-Premier League,2223,Leeds United,Weston McKennie,USA,MF,23,1998,19,16,1437,16.0,0,1,1,0,0,0,7,0,0.0,0.06,0.06,0.0,0.06
ENG-Premier League,2223,Leeds United,Wilfried Gnonto,ITA,"MF,FW",18,2003,24,14,1354,15.0,2,4,6,2,0,0,7,0,0.13,0.27,0.4,0.13,0.4
ENG-Premier League,2223,Leicester City,Ayoze Pérez,ESP,MF,29,1993,8,3,382,4.2,0,1,1,0,0,0,0,0,0.0,0.24,0.24,0.0,0.24
ENG-Premier League,2223,Leicester City,Boubakary Soumaré,FRA,MF,23,1999,26,20,1629,18.1,0,0,0,0,0,0,9,0,0.0,0.0,0.0,0.0,0.0
ENG-Premier League,2223,Leicester City,Daniel Amartey,GHA,DF,27,1994,20,18,1610,17.9,0,0,0,0,0,0,1,0,0.0,0.0,0.0,0.0,0.0
ENG-Premier League,2223,Leicester City,Daniel Iversen,DEN,GK,25,1997,12,12,1080,12.0,0,0,0,0,0,0,0,0,0.0,0.0,0.0,0.0,0.0
ENG-Premier League,2223,Leicester City,Danny Ward,WAL,GK,29,1993,26,26,2340,26.0,0,0,0,0,0,0,0,0,0.0,0.0,0.0,0.0,0.0
ENG-Premier League,2223,Leicester City,Dennis Praet,BEL,MF,28,1994,22,6,649,7.2,1,0,1,1,0,0,1,0,0.14,0.0,0.14,0.14,0.14
ENG-Premier League,2223,Leicester City,Harry Souttar,AUS,DF,23,1998,12,11,992,11.0,0,1,1,0,0,0,2,0,0.0,0.09,0.09,0.0,0.09
ENG-Premier League,2223,Leicester City,Harvey Barnes,ENG,"MF,FW",24,1997,34,32,2711,30.1,13,1,14,13,0,0,3,0,0.43,0.03,0.46,0.43,0.46
ENG-Premier League,2223,Leicester City,James Justin,ENG,"DF,MF",24,1998,14,14,1252,13.9,0,0,0,0,0,0,0,0,0.0,0.0,0.0,0.0,0.0
ENG-Premier League,2223,Leicester City,James Maddison,ENG,"MF,FW",25,1996,30,28,2480,27.6,10,9,19,9,1,2,10,0,0.36,0.33,0.69,0.33,0.65
ENG-Premier League,2223,Leicester City,Jamie Vardy,ENG,FW,35,1987,37,19,1857,20.6,3,4,7,3,0,1,1,0,0.15,0.19,0.34,0.15,0.34
ENG-Premier League,2223,Leicester City,Jonny Evans,NIR,DF,34,1988,13,12,1051,11.7,0,0,0,0,0,0,1,0,0.0,0.0,0.0,0.0,0.0
ENG-Premier League,2223,Leicester City,Kelechi Iheanacho,NGA,FW,25,1996,28,11,1127,12.5,5,5,10,4,1,1,0,0,0.4,0.4,0.8,0.32,0.72
ENG-Premier League,2223,Leicester City,Kiernan Dewsbury-Hall,ENG,MF,23,1998,31,28,2306,25.6,2,2,4,2,0,0,5,1,0.08,0.08,0.16,0.08,0.16
ENG-Premier League,2223,Leicester City,Lewis Brunt,ENG,"DF,MF",21,2000,1,0,23,0.3,0,0,0,0,0,0,0,0,0.0,0.0,0.0,0.0,0.0
ENG-Premier League,2223,Leicester City,Luke Thomas,ENG,DF,21,2001,17,11,1073,11.9,0,0,0,0,0,0,3,0,0.0,0.0,0.0,0.0,0.0
ENG-Premier League,2223,Leicester City,Marc Albrighton,ENG,MF,32,1989,6,1,237,2.6,1,0,1,1,0,0,0,0,0.38,0.0,0.38,0.38,0.38
ENG-Premier League,2223,Leicester City,Nampalys Mendy,SEN,MF,30,1992,19,7,757,8.4,1,0,1,1,0,0,1,0,0.12,0.0,0.12,0.12,0.12
ENG-Premier League,2223,Leicester City,Patson Daka,ZAM,FW,23,1998,30,13,1187,13.2,4,4,8,4,0,0,2,0,0.3,0.3,0.61,0.3,0.61
ENG-Premier League,2223,Leicester City,Ricardo Pereira,POR,"DF,MF",28,1993,10,5,454,5.0,1,1,2,1,0,0,2,0,0.2,0.2,0.4,0.2,0.4
ENG-Premier League,2223,Leicester City,Tetê,BRA,"MF,FW",22,2000,13,9,734,8.2,1,0,1,1,0,0,0,0,0.12,0.0,0.12,0.12,0.12
ENG-Premier League,2223,Leicester City,Timothy Castagne,BEL,"DF,MF",26,1995,37,36,3254,36.2,2,3,5,2,0,0,3,0,0.06,0.08,0.14,0.06,0.14
ENG-Premier League,2223,Leicester City,Victor Bernth Kristiansen,DEN,DF,19,2002,12,11,892,9.9,0,1,1,0,0,0,2,0,0.0,0.1,0.1,0.0,0.1
ENG-Premier League,2223,Leicester City,Wesley Fofana,FRA,DF,21,2000,2,2,180,2.0,0,0,0,0,0,0,1,0,0.0,0.0,0.0,0.0,0.0
ENG-Premier League,2223,Leicester City,Wilfred Ndidi,NGA,"MF,DF",25,1996,27,19,1679,18.7,0,0,0,0,0,0,4,0,0.0,0.0,0.0,0.0,0.0
ENG-Premier League,2223,Leicester City,Wout Faes,BEL,DF,24,1998,31,31,2786,31.0,1,2,3,1,0,0,6,1,0.03,0.06,0.1,0.03,0.1
ENG-Premier League,2223,Leicester City,Youri Tielemans,BEL,MF,25,1997,31,27,2344,26.0,3,2,5,2,1,2,4,0,0.12,0.08,0.19,0.08,0.15
ENG-Premier League,2223,Leicester City,Çağlar Söyüncü,TUR,DF,26,1996,7,6,529,5.9,1,0,1,1,0,0,2,0,0.17,0.0,0.17,0.17,0.17
ENG-Premier League,2223,Liverpool,Alex Oxlade-Chamberlain,ENG,FW,28,1993,9,4,335,3.7,1,0,1,1,0,0,0,0,0.27,0.0,0.27,0.27,0.27
ENG-Premier League,2223,Liverpool,Alisson,BRA,GK,29,1992,37,37,3330,37.0,0,1,1,0,0,0,1,0,0.0,0.03,0.03,0.0,0.03
ENG-Premier League,2223,Liverpool,Andy Robertson,SCO,DF,28,1994,34,29,2583,28.7,0,8,8,0,0,0,3,0,0.0,0.28,0.28,0.0,0.28
ENG-Premier League,2223,Liverpool,Ben Gannon-Doak,SCO,MF,16,2005,2,0,26,0.3,0,0,0,0,0,0,0,0,0.0,0.0,0.0,0.0,0.0
ENG-Premier League,2223,Liverpool,Bobby Clark,ENG,MF,17,2005,1,0,8,0.1,0,0,0,0,0,0,0,0,0.0,0.0,0.0,0.0,0.0
ENG-Premier League,2223,Liverpool,Caoimhín Kelleher,IRL,GK,23,1998,1,1,90,1.0,0,0,0,0,0,0,0,0,0.0,0.0,0.0,0.0,0.0
ENG-Premier League,2223,Liverpool,Cody Gakpo,NED,FW,23,1999,21,17,1458,16.2,7,2,9,7,0,0,0,0,0.43,0.12,0.56,0.43,0.56
ENG-Premier League,2223,Liverpool,Curtis Jones,ENG,MF,21,2001,18,12,1035,11.5,3,1,4,3,0,0,2,0,0.26,0.09,0.35,0.26,0.35
ENG-Premier League,2223,Liverpool,Darwin Núñez,URU,FW,23,1999,29,19,1695,18.8,9,3,12,9,0,0,1,1,0.48,0.16,0.64,0.48,0.64
ENG-Premier League,2223,Liverpool,Diogo Jota,POR,"FW,MF",25,1996,22,12,1131,12.6,7,4,11,7,0,0,2,0,0.56,0.32,0.88,0.56,0.88
ENG-Premier League,2223,Liverpool,Fabinho,BRA,MF,28,1993,36,31,2671,29.7,0,2,2,0,0,0,11,0,0.0,0.07,0.07,0.0,0.07
ENG-Premier League,2223,Liverpool,Fabio Carvalho,POR,"MF,FW",19,2002,13,4,347,3.9,2,0,2,2,0,0,0,0,0.52,0.0,0.52,0.52,0.52
ENG-Premier League,2223,Liverpool,Harvey Elliott,ENG,MF,19,2003,32,18,1613,17.9,1,2,3,1,0,0,2,0,0.06,0.11,0.17,0.06,0.17
ENG-Premier League,2223,Liverpool,Ibrahima Konaté,FRA,DF,23,1999,18,17,1552,17.2,0,0,0,0,0,0,5,0,0.0,0.0,0.0,0.0,0.0
ENG-Premier League,2223,Liverpool,James Milner,ENG,"MF,DF",36,1986,31,7,913,10.1,0,1,1,0,0,0,2,0,0.0,0.1,0.1,0.0,0.1
ENG-Premier League,2223,Liverpool,Joe Gomez,ENG,DF,25,1997,21,15,1466,16.3,0,0,0,0,0,0,3,0,0.0,0.0,0.0,0.0,0.0
ENG-Premier League,2223,Liverpool,Jordan Henderson,ENG,MF,32,1990,35,23,2074,23.0,0,2,2,0,0,0,2,0,0.0,0.09,0.09,0.0,0.09
ENG-Premier League,2223,Liverpool,Joël Matip,CMR,DF,30,1991,14,12,1092,12.1,1,0,1,1,0,0,3,0,0.08,0.0,0.08,0.08,0.08
ENG-Premier League,2223,Liverpool,Kostas Tsimikas,GRE,DF,26,1996,20,9,771,8.6,0,4,4,0,0,0,3,0,0.0,0.47,0.47,0.0,0.47
ENG-Premier League,2223,Liverpool,Luis Díaz,COL,FW,25,1997,17,11,996,11.1,4,2,6,4,0,0,2,0,0.36,0.18,0.54,0.36,0.54
ENG-Premier League,2223,Liverpool,Mohamed Salah,EGY,FW,30,1992,38,37,3290,36.6,19,12,31,17,2,4,2,0,0.52,0.33,0.85,0.47,0.79
ENG-Premier League,2223,Liverpool,Naby Keïta,GUI,MF,27,1995,8,3,293,3.3,0,0,0,0,0,0,1,0,0.0,0.0,0.0,0.0,0.0
ENG-Premier League,2223,Liverpool,Nathaniel Phillips,ENG,DF,25,1997,2,1,66,0.7,0,0,0,0,0,0,0,0,0.0,0.0,0.0,0.0,0.0
ENG-Premier League,2223,Liverpool,Roberto Firmino,BRA,FW,30,1991,25,13,1213,13.5,11,4,15,11,0,0,0,0,0.82,0.3,1.11,0.82,1.11
ENG-Premier League,2223,Liverpool,Stefan Bajcetic,ESP,MF,17,2004,11,6,526,5.8,1,0,1,1,0,0,2,0,0.17,0.0,0.17,0.17,0.17
ENG-Premier League,2223,Liverpool,Thiago Alcántara,ESP,MF,31,1991,18,14,1254,13.9,0,0,0,0,0,0,2,0,0.0,0.0,0.0,0.0,0.0
ENG-Premier League,2223,Liverpool,Trent Alexander-Arnold,ENG,DF,23,1998,37,34,2923,32.5,2,9,11,2,0,0,5,0,0.06,0.28,0.34,0.06,0.34
ENG-Premier League,2223,Liverpool,Virgil van Dijk,NED,DF,31,1991,32,32,2835,31.5,3,1,4,3,0,0,3,0,0.1,0.03,0.13,0.1,0.13
ENG-Premier League,2223,Manchester City,Aymeric Laporte,ESP,"DF,MF",28,1994,12,11,993,11.0,0,0,0,0,0,0,0,0,0.0,0.0,0.0,0.0,0.0
ENG-Premier League,2223,Manchester City,Bernardo Silva,POR,"MF,FW",27,1994,34,24,2205,24.5,4,5,9,4,0,0,5,0,0.16,0.2,0.37,0.16,0.37
ENG-Premier League,2223,Manchester City,Cole Palmer,ENG,"MF,FW",20,2002,14,2,370,4.1,0,1,1,0,0,0,1,0,0.0,0.24,0.24,0.0,0.24
ENG-Premier League,2223,Manchester City,Ederson Moraes,BRA,GK,28,1993,35,35,3150,35.0,0,1,1,0,0,0,3,0,0.0,0.03,0.03,0.0,0.03
ENG-Premier League,2223,Manchester City,Erling Haaland,NOR,"FW,MF",22,2000,35,33,2769,30.8,36,8,44,29,7,7,5,0,1.17,0.26,1.43,0.94,1.2
ENG-Premier League,2223,Manchester City,Jack Grealish,ENG,"FW,MF",26,1995,28,23,2055,22.8,5,7,12,5,0,0,4,0,0.22,0.31,0.53,0.22,0.53
ENG-Premier League,2223,Manchester City,John Stones,ENG,"DF,MF",28,1994,23,21,1846,20.5,2,2,4,2,0,0,2,0,0.1,0.1,0.2,0.1,0.2
ENG-Premier League,2223,Manchester City,João Cancelo,POR,DF,28,1994,17,16,1274,14.2,2,1,3,2,0,0,3,1,0.14,0.07,0.21,0.14,0.21
ENG-Premier League,2223,Manchester City,Julián Álvarez,ARG,"MF,FW",22,2000,31,13,1465,16.3,9,0,9,8,1,1,0,0,0.55,0.0,0.55,0.49,0.49
ENG-Premier League,2223,Manchester City,Kalvin Phillips,ENG,"MF,DF",26,1995,12,2,300,3.3,0,0,0,0,0,0,1,0,0.0,0.0,0.0,0.0,0.0
ENG-Premier League,2223,Manchester City,Kevin De Bruyne,BEL,MF,31,1991,32,28,2417,26.9,7,16,23,7,0,0,1,0,0.26,0.6,0.86,0.26,0.86
ENG-Premier League,2223,Manchester City,Kyle Walker,ENG,"DF,MF",32,1990,27,22,1958,21.8,0,0,0,0,0,0,3,0,0.0,0.0,0.0,0.0,0.0
ENG-Premier League,2223,Manchester City,Manuel Akanji,SUI,"DF,MF",27,1995,29,24,2287,25.4,0,1,1,0,0,0,2,0,0.0,0.04,0.04,0.0,0.04
ENG-Premier League,2223,Manchester City,Máximo Perrone,ARG,MF,19,2003,1,0,19,0.2,0,0,0,0,0,0,0,0,0.0,0.0,0.0,0.0,0.0
ENG-Premier League,2223,Manchester City,Nathan Aké,NED,DF,27,1995,26,22,1873,20.8,1,0,1,1,0,0,2,0,0.05,0.0,0.05,0.05,0.05
ENG-Premier League,2223,Manchester City,Phil Foden,ENG,"FW,MF",22,2000,32,22,1842,20.5,11,6,17,11,0,0,1,0,0.54,0.29,0.83,0.54,0.83
ENG-Premier League,2223,Manchester City,Rico Lewis,ENG,"DF,MF",17,2004,14,10,903,10.0,0,0,0,0,0,0,1,0,0.0,0.0,0.0,0.0,0.0
ENG-Premier League,2223,Manchester City,Riyad Mahrez,ALG,"MF,FW",31,1991,30,22,1920,21.3,5,10,15,4,1,1,2,0,0.23,0.47,0.7,0.19,0.66
ENG-Premier League,2223,Manchester City,Rodri,ESP,"MF,DF",26,1996,36,34,2911,32.3,2,6,8,2,0,0,5,0,0.06,0.19,0.25,0.06,0.25
ENG-Premier League,2223,Manchester City,Rúben Dias,POR,"DF,MF",25,1997,26,22,1998,22.2,0,0,0,0,0,0,3,0,0.0,0.0,0.0,0.0,0.0
ENG-Premier League,2223,Manchester City,Sergio Gómez,ESP,"MF,FW",21,2000,12,2,349,3.9,0,1,1,0,0,0,0,0,0.0,0.26,0.26,0.0,0.26
ENG-Premier League,2223,Manchester City,Shea Charles,NIR,"DF,MF",18,2003,1,0,28,0.3,0,0,0,0,0,0,0,0,0.0,0.0,0.0,0.0,0.0
ENG-Premier League,2223,Manchester City,Stefan Ortega,GER,GK,29,1992,3,3,270,3.0,0,0,0,0,0,0,0,0,0.0,0.0,0.0,0.0,0.0
ENG-Premier League,2223,Manchester City,İlkay Gündoğan,GER,MF,31,1990,31,27,2353,26.1,8,4,12,8,0,1,0,0,0.31,0.15,0.46,0.31,0.46
ENG-Premier League,2223,Manchester Utd,Aaron Wan-Bissaka,COD,DF,24,1997,19,16,1435,15.9,0,0,0,0,0,0,2,0,0.0,0.0,0.0,0.0,0.0
ENG-Premier League,2223,Manchester Utd,Alejandro Garnacho,ARG,MF,18,2004,19,5,569,6.3,3,2,5,3,0,0,3,0,0.47,0.32,0.79,0.47,0.79
ENG-Premier League,2223,Manchester Utd,Anthony Elanga,SWE,MF,20,2002,16,5,426,4.7,0,1,1,0,0,0,0,0,0.0,0.21,0.21,0.0,0.21
ENG-Premier League,2223,Manchester Utd,Anthony Martial,FRA,FW,26,1995,21,11,978,10.9,6,2,8,5,1,1,0,0,0.55,0.18,0.74,0.46,0.64
ENG-Premier League,2223,Manchester Utd,Antony,BRA,MF,22,2000,25,23,1802,20.0,4,2,6,4,0,0,5,0,0.2,0.1,0.3,0.2,0.3
ENG-Premier League,2223,Manchester Utd,Bruno Fernandes,POR,MF,27,1994,37,37,3316,36.8,8,8,16,6,2,2,6,0,0.22,0.22,0.43,0.16,0.38
ENG-Premier League,2223,Manchester Utd,Casemiro,BRA,MF,30,1992,28,24,2124,23.6,4,3,7,4,0,0,7,2,0.17,0.13,0.3,0.17,0.3
ENG-Premier League,2223,Manchester Utd,Christian Eriksen,DEN,MF,30,1992,28,25,2048,22.8,1,8,9,1,0,0,3,0,0.04,0.35,0.4,0.04,0.4
ENG-Premier League,2223,Manchester Utd,Cristiano Ronaldo,POR,FW,37,1985,10,4,525,5.8,1,0,1,1,0,0,2,0,0.17,0.0,0.17,0.17,0.17
ENG-Premier League,2223,Manchester Utd,David de Gea,ESP,GK,31,1990,38,38,3420,38.0,0,0,0,0,0,0,0,0,0.0,0.0,0.0,0.0,0.0
ENG-Premier League,2223,Manchester Utd,Diogo Dalot,POR,DF,23,1999,26,24,2154,23.9,1,2,3,1,0,0,6,0,0.04,0.08,0.13,0.04,0.13
ENG-Premier League,2223,Manchester Utd,Donny van de Beek,NED,MF,25,1997,7,2,167,1.9,0,0,0,0,0,0,0,0,0.0,0.0,0.0,0.0,0.0
ENG-Premier League,2223,Manchester Utd,Facundo Pellistri,URU,"FW,MF",20,2001,4,0,64,0.7,0,0,0,0,0,0,0,0,0.0,0.0,0.0,0.0,0.0
ENG-Premier League,2223,Manchester Utd,Fred,BRA,MF,29,1993,35,12,1249,13.9,2,2,4,2,0,0,6,0,0.14,0.14,0.29,0.14,0.29
ENG-Premier League,2223,Manchester Utd,Harry Maguire,ENG,DF,29,1993,16,8,767,8.5,0,0,0,0,0,0,4,0,0.0,0.0,0.0,0.0,0.0
ENG-Premier League,2223,Manchester Utd,Jadon Sancho,ENG,MF,22,2000,26,21,1686,18.7,6,3,9,6,0,0,0,0,0.32,0.16,0.48,0.32,0.48
ENG-Premier League,2223,Manchester Utd,Kobbie Mainoo,ENG,MF,17,2005,1,0,11,0.1,0,0,0,0,0,0,0,0,0.0,0.0,0.0,0.0,0.0
ENG-Premier League,2223,Manchester Utd,Lisandro Martínez,ARG,DF,24,1998,27,24,2114,23.5,1,0,1,1,0,0,6,0,0.04,0.0,0.04,0.04,0.04
ENG-Premier League,2223,Manchester Utd,Luke Shaw,ENG,DF,27,1995,31,30,2552,28.4,1,2,3,1,0,0,8,0,0.04,0.07,0.11,0.04,0.11
ENG-Premier League,2223,Manchester Utd,Marcel Sabitzer,AUT,MF,28,1994,11,7,627,7.0,0,1,1,0,0,0,1,0,0.0,0.14,0.14,0.0,0.14
ENG-Premier League,2223,Manchester Utd,Marcus Rashford,ENG,"FW,MF",24,1997,35,32,2879,32.0,17,5,22,17,0,0,2,0,0.53,0.16,0.69,0.53,0.69
ENG-Premier League,2223,Manchester Utd,Raphaël Varane,FRA,DF,29,1993,24,22,1911,21.2,0,0,0,0,0,0,1,0,0.0,0.0,0.0,0.0,0.0
ENG-Premier League,2223,Manchester Utd,Scott McTominay,SCO,MF,25,1996,24,10,1160,12.9,1,0,1,1,0,0,8,0,0.08,0.0,0.08,0.08,0.08
ENG-Premier League,2223,Manchester Utd,Tyrell Malacia,NED,DF,22,1999,22,14,1396,15.5,0,0,0,0,0,0,6,0,0.0,0.0,0.0,0.0,0.0
ENG-Premier League,2223,Manchester Utd,Victor Lindelöf,SWE,DF,28,1994,20,14,1365,15.2,0,0,0,0,0,0,1,0,0.0,0.0,0.0,0.0,0.0
ENG-Premier League,2223,Manchester Utd,Wout Weghorst,NED,"FW,MF",29,1992,17,10,797,8.9,0,1,1,0,0,0,1,0,0.0,0.11,0.11,0.0,0.11
ENG-Premier League,2223,Newcastle,Alexander Isak,SWE,FW,22,1999,22,17,1522,16.9,10,1,11,8,2,2,3,0,0.59,0.06,0.65,0.47,0.53
ENG-Premier League,2223,Newcastle,Allan Saint-Maximin,FRA,FW,25,1997,25,12,1120,12.4,1,5,6,1,0,0,1,0,0.08,0.4,0.48,0.08,0.48
ENG-Premier League,2223,Newcastle,Anthony Gordon,ENG,"FW,MF",21,2001,16,4,487,5.4,1,0,1,1,0,0,1,0,0.18,0.0,0.18,0.18,0.18
ENG-Premier League,2223,Newcastle,Bruno Guimarães,BRA,MF,24,1997,32,32,2726,30.3,4,5,9,4,0,0,7,0,0.13,0.17,0.3,0.13,0.3
ENG-Premier League,2223,Newcastle,Callum Wilson,ENG,FW,30,1992,31,21,1877,20.9,18,5,23,15,3,3,4,0,0.86,0.24,1.1,0.72,0.96
ENG-Premier League,2223,Newcastle,Chris Wood,NZL,FW,30,1991,18,4,446,5.0,2,0,2,1,1,1,0,0,0.4,0.0,0.4,0.2,0.2
ENG-Premier League,2223,Newcastle,Dan Burn,ENG,DF,30,1992,38,35,3111,34.6,1,0,1,1,0,0,5,0,0.03,0.0,0.03,0.03,0.03
ENG-Premier League,2223,Newcastle,Elliot Anderson,ENG,MF,19,2002,22,3,410,4.6,0,1,1,0,0,0,0,0,0.0,0.22,0.22,0.0,0.22
ENG-Premier League,2223,Newcastle,Emil Krafth,SWE,DF,27,1994,1,0,1,0.0,0,0,0,0,0,0,0,0,0.0,0.0,0.0,0.0,0.0
ENG-Premier League,2223,Newcastle,Fabian Schär,SUI,DF,30,1991,36,36,3206,35.6,1,3,4,1,0,0,7,0,0.03,0.08,0.11,0.03,0.11
ENG-Premier League,2223,Newcastle,Jacob Murphy,ENG,FW,27,1995,36,14,1251,13.9,4,2,6,4,0,0,0,0,0.29,0.14,0.43,0.29,0.43
ENG-Premier League,2223,Newcastle,Jamaal Lascelles,ENG,DF,28,1993,7,2,218,2.4,0,0,0,0,0,0,4,0,0.0,0.0,0.0,0.0,0.0
ENG-Premier League,2223,Newcastle,Jamal Lewis,NIR,"DF,MF",24,1998,2,0,11,0.1,0,0,0,0,0,0,0,0,0.0,0.0,0.0,0.0,0.0
ENG-Premier League,2223,Newcastle,Javier Manquillo,ESP,DF,28,1994,4,0,37,0.4,0,0,0,0,0,0,0,0,0.0,0.0,0.0,0.0,0.0
ENG-Premier League,2223,Newcastle,Joe Willock,ENG,MF,22,1999,35,31,2558,28.4,3,6,9,3,0,0,1,0,0.11,0.21,0.32,0.11,0.32
ENG-Premier League,2223,Newcastle,Joelinton,BRA,"MF,FW",25,1996,32,30,2661,29.6,6,1,7,6,0,0,12,0,0.2,0.03,0.24,0.2,0.24
ENG-Premier League,2223,Newcastle,Jonjo Shelvey,ENG,MF,30,1992,3,0,37,0.4,0,0,0,0,0,0,0,0,0.0,0.0,0.0,0.0,0.0
ENG-Premier League,2223,Newcastle,Kieran Trippier,ENG,DF,31,1990,38,38,3341,37.1,1,7,8,1,0,0,5,0,0.03,0.19,0.22,0.03,0.22
ENG-Premier League,2223,Newcastle,Lewis Miley,ENG,MF,16,2006,1,0,15,0.2,0,0,0,0,0,0,0,0,0.0,0.0,0.0,0.0,0.0
ENG-Premier League,2223,Newcastle,Martin Dúbravka,SVK,GK,33,1989,2,1,157,1.7,0,0,0,0,0,0,0,0,0.0,0.0,0.0,0.0,0.0
ENG-Premier League,2223,Newcastle,Matt Ritchie,SCO,"DF,MF",32,1989,7,0,39,0.4,0,0,0,0,0,0,0,0,0.0,0.0,0.0,0.0,0.0
ENG-Premier League,2223,Newcastle,Matt Targett,ENG,DF,26,1995,17,6,610,6.8,0,0,0,0,0,0,1,0,0.0,0.0,0.0,0.0,0.0
ENG-Premier League,2223,Newcastle,Miguel Almirón,PAR,FW,28,1994,34,29,2491,27.7,11,2,13,11,0,0,2,0,0.4,0.07,0.47,0.4,0.47
ENG-Premier League,2223,Newcastle,Nick Pope,ENG,GK,30,1992,37,37,3261,36.2,0,0,0,0,0,0,3,1,0.0,0.0,0.0,0.0,0.0
ENG-Premier League,2223,Newcastle,Ryan Fraser,SCO,FW,28,1994,8,3,313,3.5,0,0,0,0,0,0,1,0,0.0,0.0,0.0,0.0,0.0
ENG-Premier League,2223,Newcastle,Sean Longstaff,ENG,MF,24,1997,33,28,2518,28.0,1,4,5,1,0,0,2,0,0.04,0.14,0.18,0.04,0.18
ENG-Premier League,2223,Newcastle,Sven Botman,NED,DF,22,2000,36,35,3127,34.7,0,0,0,0,0,0,2,0,0.0,0.0,0.0,0.0,0.0
ENG-Premier League,2223,Nottingham,Alex Mighten,ENG,"FW,MF",20,2002,1,0,8,0.1,0,0,0,0,0,0,0,0,0.0,0.0,0.0,0.0,0.0
ENG-Premier League,2223,Nottingham,André Ayew,GHA,FW,32,1989,13,1,316,3.5,0,0,0,0,0,1,1,0,0.0,0.0,0.0,0.0,0.0
ENG-Premier League,2223,Nottingham,Brennan Johnson,WAL,"FW,MF",21,2001,38,33,2934,32.6,8,3,11,7,1,3,6,0,0.25,0.09,0.34,0.21,0.31
ENG-Premier League,2223,Nottingham,Cafú,POR,MF,29,1993,1,0,7,0.1,0,0,0,0,0,0,0,0,0.0,0.0,0.0,0.0,0.0
ENG-Premier League,2223,Nottingham,Cheikhou Kouyaté,SEN,"MF,DF",32,1989,21,10,882,9.8,1,0,1,1,0,0,3,0,0.1,0.0,0.1,0.1,0.1
ENG-Premier League,2223,Nottingham,Chris Wood,NZL,FW,30,1991,7,5,372,4.1,1,0,1,1,0,0,0,0,0.24,0.0,0.24,0.24,0.24
ENG-Premier League,2223,Nottingham,Danilo Santos,BRA,MF,21,2001,13,12,976,10.8,3,2,5,3,0,0,1,0,0.28,0.18,0.46,0.28,0.46
ENG-Premier League,2223,Nottingham,Dean Henderson,ENG,GK,25,1997,18,18,1620,18.0,0,0,0,0,0,0,2,0,0.0,0.0,0.0,0.0,0.0
ENG-Premier League,2223,Nottingham,Emmanuel Dennis,NGA,"MF,FW",24,1997,19,6,720,8.0,2,2,4,2,0,0,3,0,0.25,0.25,0.5,0.25,0.5
ENG-Premier League,2223,Nottingham,Felipe,BRA,DF,33,1989,16,15,1418,15.8,0,1,1,0,0,0,4,0,0.0,0.06,0.06,0.0,0.06
ENG-Premier League,2223,Nottingham,Giulian Biancone,FRA,"DF,MF",22,2000,2,0,17,0.2,0,0,0,0,0,0,0,0,0.0,0.0,0.0,0.0,0.0
ENG-Premier League,2223,Nottingham,Gustavo Scarpa,BRA,MF,28,1994,6,2,181,2.0,0,0,0,0,0,0,1,0,0.0,0.0,0.0,0.0,0.0
ENG-Premier League,2223,Nottingham,Harry Toffolo,ENG,"DF,MF",26,1995,19,9,940,10.4,0,0,0,0,0,0,2,0,0.0,0.0,0.0,0.0,0.0
ENG-Premier League,2223,Nottingham,Jack Colback,ENG,MF,32,1989,11,4,497,5.5,0,0,0,0,0,0,0,0,0.0,0.0,0.0,0.0,0.0
ENG-Premier League,2223,Nottingham,Jesse Lingard,ENG,"MF,FW",29,1992,17,12,923,10.3,0,0,0,0,0,0,1,0,0.0,0.0,0.0,0.0,0.0
ENG-Premier League,2223,Nottingham,Joe Worrall,ENG,DF,25,1997,30,21,2224,24.7,1,0,1,1,0,0,6,0,0.04,0.0,0.04,0.04,0.04
ENG-Premier League,2223,Nottingham,Jonjo Shelvey,ENG,MF,30,1992,8,6,540,6.0,0,0,0,0,0,0,2,0,0.0,0.0,0.0,0.0,0.0
ENG-Premier League,2223,Nottingham,Keylor Navas,CRC,GK,35,1986,17,17,1529,17.0,0,0,0,0,0,0,2,0,0.0,0.0,0.0,0.0,0.0
ENG-Premier League,2223,Nottingham,Lewis O'Brien,ENG,MF,23,1998,13,6,584,6.5,1,0,1,1,0,0,2,0,0.15,0.0,0.15,0.15,0.15
ENG-Premier League,2223,Nottingham,Morgan Gibbs-White,ENG,"MF,FW",22,2000,35,34,2971,33.0,5,8,13,3,2,2,5,0,0.15,0.24,0.39,0.09,0.33
ENG-Premier League,2223,Nottingham,Moussa Niakhaté,SEN,DF,26,1996,14,14,1163,12.9,0,0,0,0,0,0,1,0,0.0,0.0,0.0,0.0,0.0
ENG-Premier League,2223,Nottingham,Neco Williams,WAL,"DF,MF",21,2001,31,20,1882,20.9,1,0,1,1,0,0,7,0,0.05,0.0,0.05,0.05,0.05
ENG-Premier League,2223,Nottingham,Orel Mangala,BEL,MF,24,1998,27,20,1550,17.2,1,1,2,1,0,0,3,0,0.06,0.06,0.12,0.06,0.12
ENG-Premier League,2223,Nottingham,Remo Freuler,SUI,MF,30,1992,28,24,2161,24.0,0,0,0,0,0,0,4,0,0.0,0.0,0.0,0.0,0.0
ENG-Premier League,2223,Nottingham,Renan Lodi,BRA,"DF,MF",24,1998,28,26,2214,24.6,0,1,1,0,0,0,7,0,0.0,0.04,0.04,0.0,0.04
ENG-Premier League,2223,Nottingham,Ryan Yates,ENG,MF,24,1997,26,21,1837,20.4,0,2,2,0,0,0,5,0,0.0,0.1,0.1,0.0,0.1
ENG-Premier League,2223,Nottingham,Sam Surridge,ENG,FW,24,1998,20,1,323,3.6,1,0,1,1,0,0,2,0,0.28,0.0,0.28,0.28,0.28
ENG-Premier League,2223,Nottingham,Scott McKenna,SCO,DF,25,1996,20,19,1571,17.5,0,0,0,0,0,0,4,0,0.0,0.0,0.0,0.0,0.0
ENG-Premier League,2223,Nottingham,Serge Aurier,CIV,"DF,MF",29,1992,24,22,1943,21.6,1,0,1,1,0,0,2,0,0.05,0.0,0.05,0.05,0.05
ENG-Premier League,2223,Nottingham,Steve Cook,ENG,DF,31,1991,12,11,957,10.6,0,0,0,0,0,0,4,0,0.0,0.0,0.0,0.0,0.0
ENG-Premier League,2223,Nottingham,Taiwo Awoniyi,NGA,FW,24,1997,27,17,1404,15.6,10,1,11,10,0,0,2,0,0.64,0.06,0.71,0.64,0.71
ENG-Premier League,2223,Nottingham,Wayne Hennessey,WAL,GK,35,1987,4,3,271,3.0,0,0,0,0,0,0,0,0,0.0,0.0,0.0,0.0,0.0
ENG-Premier League,2223,Nottingham,Willy Boly,CIV,DF,31,1991,11,9,685,7.6,0,1,1,0,0,0,2,0,0.0,0.13,0.13,0.0,0.13
ENG-Premier League,2223,Southampton,Adam Armstrong,ENG,"MF,FW",25,1997,30,14,1335,14.8,2,1,3,2,0,0,2,0,0.13,0.07,0.2,0.13,0.2
ENG-Premier League,2223,Southampton,Ainsley Maitland-Niles,ENG,"DF,MF",24,1997,22,13,1407,15.6,0,0,0,0,0,0,3,0,0.0,0.0,0.0,0.0,0.0
ENG-Premier League,2223,Southampton,Alex McCarthy,ENG,GK,32,1989,6,6,540,6.0,0,0,0,0,0,0,0,0,0.0,0.0,0.0,0.0,0.0
ENG-Premier League,2223,Southampton,Armel Bella Kotchap,GER,DF,20,2001,24,24,1879,20.9,0,2,2,0,0,0,4,0,0.0,0.1,0.1,0.0,0.1
ENG-Premier League,2223,Southampton,Carlos Alcaraz,ARG,"MF,FW",19,2002,18,13,1029,11.4,4,2,6,4,0,0,3,0,0.35,0.17,0.52,0.35,0.52
ENG-Premier League,2223,Southampton,Ché Adams,SCO,FW,26,1996,28,23,1992,22.1,5,3,8,5,0,0,1,0,0.23,0.14,0.36,0.23,0.36
ENG-Premier League,2223,Southampton,Dominic Ballard,ENG,FW,17,2005,2,0,26,0.3,0,0,0,0,0,0,0,0,0.0,0.0,0.0,0.0,0.0
ENG-Premier League,2223,Southampton,Duje Ćaleta-Car,CRO,DF,25,1996,13,9,946,10.5,1,0,1,1,0,0,2,0,0.1,0.0,0.1,0.1,0.1
ENG-Premier League,2223,Southampton,Gavin Bazunu,IRL,GK,20,2002,32,32,2880,32.0,0,0,0,0,0,0,0,0,0.0,0.0,0.0,0.0,0.0
ENG-Premier League,2223,Southampton,Ibrahima Diallo,FRA,MF,23,1999,18,11,819,9.1,0,0,0,0,0,0,4,0,0.0,0.0,0.0,0.0,0.0
ENG-Premier League,2223,Southampton,Jack Stephens,ENG,DF,28,1994,2,0,46,0.5,0,0,0,0,0,0,0,0,0.0,0.0,0.0,0.0,0.0
ENG-Premier League,2223,Southampton,James Bree,ENG,DF,24,1997,5,4,367,4.1,0,0,0,0,0,0,1,0,0.0,0.0,0.0,0.0,0.0
ENG-Premier League,2223,Southampton,James Ward-Prowse,ENG,MF,27,1994,38,38,3371,37.5,9,4,13,7,2,4,6,0,0.24,0.11,0.35,0.19,0.29
ENG-Premier League,2223,Southampton,Jan Bednarek,POL,DF,26,1996,20,20,1672,18.6,0,0,0,0,0,0,5,0,0.0,0.0,0.0,0.0,0.0
ENG-Premier League,2223,Southampton,Joe Aribo,NGA,"MF,FW",26,1996,21,13,1224,13.6,2,0,2,2,0,0,2,0,0.15,0.0,0.15,0.15,0.15
ENG-Premier League,2223,Southampton,Juan Larios,ESP,DF,18,2004,5,2,152,1.7,0,0,0,0,0,0,0,0,0.0,0.0,0.0,0.0,0.0
ENG-Premier League,2223,Southampton,Kamaldeen Sulemana,GHA,"FW,MF",20,2002,18,10,966,10.7,2,1,3,2,0,0,1,0,0.19,0.09,0.28,0.19,0.28
ENG-Premier League,2223,Southampton,Kami Doyle,ENG,MF,16,2005,1,0,7,0.1,0,0,0,0,0,0,0,0,0.0,0.0,0.0,0.0,0.0
ENG-Premier League,2223,Southampton,Kyle Walker-Peters,ENG,"DF,MF",25,1997,31,30,2650,29.4,1,0,1,1,0,0,4,0,0.03,0.0,0.03,0.03,0.03
ENG-Premier League,2223,Southampton,Lyanco,BRA,DF,25,1997,21,11,1180,13.1,1,1,2,1,0,0,4,0,0.08,0.08,0.15,0.08,0.15
ENG-Premier League,2223,Southampton,Mislav Oršić,CRO,"FW,MF",29,1992,1,0,7,0.1,0,0,0,0,0,0,0,0,0.0,0.0,0.0,0.0,0.0
ENG-Premier League,2223,Southampton,Mohamed Elyounoussi,NOR,MF,27,1994,33,27,2168,24.1,1,1,2,1,0,0,4,0,0.04,0.04,0.08,0.04,0.08
ENG-Premier League,2223,Southampton,Mohammed Salisu,GHA,DF,23,1999,22,21,1973,21.9,0,1,1,0,0,0,5,0,0.0,0.05,0.05,0.0,0.05
ENG-Premier League,2223,Southampton,Moussa Djenepo,MLI,"DF,MF",24,1998,16,7,710,7.9,0,2,2,0,0,0,1,0,0.0,0.25,0.25,0.0,0.25
ENG-Premier League,2223,Southampton,Nathan Redmond,ENG,"FW,MF",28,1994,1,0,1,0.0,0,0,0,0,0,0,0,0,0.0,0.0,0.0,0.0,0.0
ENG-Premier League,2223,Southampton,Oriol Romeu,ESP,MF,30,1991,1,1,74,0.8,0,0,0,0,0,0,0,0,0.0,0.0,0.0,0.0,0.0
ENG-Premier League,2223,Southampton,Paul Onuachu,NGA,FW,28,1994,11,4,407,4.5,0,0,0,0,0,0,0,0,0.0,0.0,0.0,0.0,0.0
ENG-Premier League,2223,Southampton,Romain Perraud,FRA,DF,24,1997,29,22,1835,20.4,2,2,4,2,0,0,4,0,0.1,0.1,0.2,0.1,0.2
ENG-Premier League,2223,Southampton,Roméo Lavia,BEL,MF,18,2004,29,26,2221,24.7,1,0,1,1,0,0,9,0,0.04,0.0,0.04,0.04,0.04
ENG-Premier League,2223,Southampton,Samuel Amo-Ameyaw,ENG,"FW,MF",16,2006,1,0,4,0.0,0,0,0,0,0,0,0,0,0.0,0.0,0.0,0.0,0.0
ENG-Premier League,2223,Southampton,Samuel Edozie,ENG,"MF,FW",19,2003,17,5,567,6.3,0,0,0,0,0,0,0,0,0.0,0.0,0.0,0.0,0.0
ENG-Premier League,2223,Southampton,Sekou Mara,FRA,FW,20,2002,22,4,555,6.2,1,2,3,1,0,0,1,0,0.16,0.32,0.49,0.16,0.49
ENG-Premier League,2223,Southampton,Stuart Armstrong,SCO,MF,30,1992,32,14,1408,15.6,2,1,3,2,0,0,6,0,0.13,0.06,0.19,0.13,0.19
ENG-Premier League,2223,Southampton,Theo Walcott,ENG,"MF,FW",33,1989,20,13,1129,12.5,2,2,4,2,0,0,1,0,0.16,0.16,0.32,0.16,0.32
ENG-Premier League,2223,Southampton,Tino Livramento,ENG,"DF,MF",19,2002,2,0,28,0.3,0,0,0,0,0,0,0,0,0.0,0.0,0.0,0.0,0.0
ENG-Premier League,2223,Southampton,Yan Valery,TUN,DF,23,1999,1,1,45,0.5,0,0,0,0,0,0,0,0,0.0,0.0,0.0,0.0,0.0
ENG-Premier League,2223,Tottenham,Arnaut Danjuma,NED,MF,25,1997,9,1,169,1.9,1,0,1,1,0,0,0,0,0.53,0.0,0.53,0.53,0.53
ENG-Premier League,2223,Tottenham,Ben Davies,WAL,"DF,MF",29,1993,31,26,2288,25.4,2,2,4,2,0,0,4,0,0.08,0.08,0.16,0.08,0.16
ENG-Premier League,2223,Tottenham,Bryan Gil,ESP,"MF,FW",21,2001,4,2,148,1.6,0,1,1,0,0,0,1,0,0.0,0.61,0.61,0.0,0.61
ENG-Premier League,2223,Tottenham,Clément Lenglet,FRA,DF,27,1995,26,24,2019,22.4,0,2,2,0,0,0,4,0,0.0,0.09,0.09,0.0,0.09
ENG-Premier League,2223,Tottenham,Cristian Romero,ARG,DF,24,1998,27,26,2364,26.3,0,1,1,0,0,0,11,1,0.0,0.04,0.04,0.0,0.04
ENG-Premier League,2223,Tottenham,Davinson Sánchez,COL,DF,26,1996,18,8,858,9.5,0,0,0,0,0,0,1,0,0.0,0.0,0.0,0.0,0.0
ENG-Premier League,2223,Tottenham,Dejan Kulusevski,SWE,"MF,FW",22,2000,30,23,2067,23.0,2,7,9,2,0,0,2,0,0.09,0.3,0.39,0.09,0.39
ENG-Premier League,2223,Tottenham,Djed Spence,ENG,"DF,MF",21,2000,4,0,7,0.1,0,0,0,0,0,0,0,0,0.0,0.0,0.0,0.0,0.0
ENG-Premier League,2223,Tottenham,Emerson,BRA,"MF,DF",23,1999,26,20,1735,19.3,2,1,3,2,0,0,2,1,0.1,0.05,0.16,0.1,0.16
ENG-Premier League,2223,Tottenham,Eric Dier,ENG,DF,28,1994,33,31,2818,31.3,2,1,3,2,0,0,3,0,0.06,0.03,0.1,0.06,0.1
ENG-Premier League,2223,Tottenham,Fraser Forster,ENG,GK,34,1988,14,13,1215,13.5,0,0,0,0,0,0,1,0,0.0,0.0,0.0,0.0,0.0
ENG-Premier League,2223,Tottenham,George Abbott,ENG,MF,16,2005,1,0,1,0.0,0,0,0,0,0,0,0,0,0.0,0.0,0.0,0.0,0.0
ENG-Premier League,2223,Tottenham,Harry Kane,ENG,FW,29,1993,38,38,3405,37.8,30,3,33,25,5,6,6,0,0.79,0.08,0.87,0.66,0.74
ENG-Premier League,2223,Tottenham,Harvey White,ENG,MF,20,2001,1,0,5,0.1,0,0,0,0,0,0,0,0,0.0,0.0,0.0,0.0,0.0
ENG-Premier League,2223,Tottenham,Hugo Lloris,FRA,GK,35,1986,25,25,2205,24.5,0,0,0,0,0,0,0,0,0.0,0.0,0.0,0.0,0.0
ENG-Premier League,2223,Tottenham,Ivan Perišić,CRO,MF,33,1989,34,23,2108,23.4,1,8,9,1,0,0,6,0,0.04,0.34,0.38,0.04,0.38
ENG-Premier League,2223,Tottenham,Japhet Tanganga,ENG,DF,23,1999,4,2,146,1.6,0,0,0,0,0,0,0,0,0.0,0.0,0.0,0.0,0.0
ENG-Premier League,2223,Tottenham,Lucas Moura,BRA,"FW,MF",29,1992,15,0,153,1.7,1,0,1,1,0,0,0,1,0.59,0.0,0.59,0.59,0.59
ENG-Premier League,2223,Tottenham,Matt Doherty,IRL,MF,30,1992,12,7,667,7.4,1,0,1,1,0,0,0,0,0.13,0.0,0.13,0.13,0.13
ENG-Premier League,2223,Tottenham,Matthew Craig,SCO,MF,19,2003,1,0,14,0.2,0,0,0,0,0,0,0,0,0.0,0.0,0.0,0.0,0.0
ENG-Premier League,2223,Tottenham,Oliver Skipp,ENG,MF,21,2000,23,18,1491,16.6,1,0,1,1,0,0,7,0,0.06,0.0,0.06,0.06,0.06
ENG-Premier League,2223,Tottenham,Pape Matar Sarr,SEN,MF,19,2002,11,2,218,2.4,0,1,1,0,0,0,1,0,0.0,0.41,0.41,0.0,0.41
ENG-Premier League,2223,Tottenham,Pedro Porro,ESP,MF,22,1999,15,13,1131,12.6,3,3,6,3,0,0,0,0,0.24,0.24,0.48,0.24,0.48
ENG-Premier League,2223,Tottenham,Pierre Højbjerg,DEN,MF,26,1995,35,35,3131,34.8,4,5,9,4,0,0,5,0,0.11,0.14,0.26,0.11,0.26
ENG-Premier League,2223,Tottenham,Richarlison,BRA,"MF,FW",25,1997,27,12,1010,11.2,1,3,4,1,0,0,3,0,0.09,0.27,0.36,0.09,0.36
ENG-Premier League,2223,Tottenham,Rodrigo Bentancur,URU,MF,25,1997,18,17,1500,16.7,5,2,7,5,0,0,8,0,0.3,0.12,0.42,0.3,0.42
ENG-Premier League,2223,Tottenham,Ryan Sessegnon,ENG,"MF,DF",22,2000,17,9,813,9.0,2,0,2,2,0,0,4,0,0.22,0.0,0.22,0.22,0.22
ENG-Premier League,2223,Tottenham,Son Heung-min,KOR,"MF,FW",30,1992,36,33,2888,32.1,10,6,16,10,0,0,2,0,0.31,0.19,0.5,0.31,0.5
ENG-Premier League,2223,Tottenham,Yves Bissouma,MLI,MF,25,1996,23,10,1010,11.2,0,0,0,0,0,0,6,0,0.0,0.0,0.0,0.0,0.0
ENG-Premier League,2223,West Ham,Aaron Cresswell,ENG,DF,32,1989,28,24,2235,24.8,0,1,1,0,0,0,3,0,0.0,0.04,0.04,0.0,0.04
ENG-Premier League,2223,West Ham,Alphonse Areola,FRA,GK,29,1993,5,2,309,3.4,0,0,0,0,0,0,0,0,0.0,0.0,0.0,0.0,0.0
ENG-Premier League,2223,West Ham,Angelo Ogbonna,ITA,DF,34,1988,16,13,1237,13.7,0,0,0,0,0,0,0,0,0.0,0.0,0.0,0.0,0.0
ENG-Premier League,2223,West Ham,Ben Johnson,ENG,"DF,MF",22,2000,17,9,866,9.6,0,0,0,0,0,0,0,0,0.0,0.0,0.0,0.0,0.0
ENG-Premier League,2223,West Ham,Conor Coventry,IRL,MF,22,2000,1,0,1,0.0,0,0,0,0,0,0,0,0,0.0,0.0,0.0,0.0,0.0
ENG-Premier League,2223,West Ham,Craig Dawson,ENG,DF,32,1990,8,8,720,8.0,0,0,0,0,0,0,2,0,0.0,0.0,0.0,0.0,0.0
ENG-Premier League,2223,West Ham,Danny Ings,ENG,FW,30,1992,17,7,775,8.6,2,2,4,2,0,0,1,0,0.23,0.23,0.46,0.23,0.46
ENG-Premier League,2223,West Ham,Declan Rice,ENG,MF,23,1999,37,36,3273,36.4,4,2,6,4,0,1,5,0,0.11,0.05,0.16,0.11,0.16
ENG-Premier League,2223,West Ham,Divin Mubama,ENG,FW,17,2004,3,0,38,0.4,0,0,0,0,0,0,0,0,0.0,0.0,0.0,0.0,0.0
ENG-Premier League,2223,West Ham,Emerson Palmieri,ITA,"MF,DF",27,1994,22,16,1320,14.7,1,0,1,1,0,0,2,0,0.07,0.0,0.07,0.07,0.07
ENG-Premier League,2223,West Ham,Flynn Downes,ENG,MF,23,1999,21,7,762,8.5,0,0,0,0,0,0,2,0,0.0,0.0,0.0,0.0,0.0
ENG-Premier League,2223,West Ham,Gianluca Scamacca,ITA,FW,23,1999,16,11,926,10.3,3,0,3,3,0,0,3,0,0.29,0.0,0.29,0.29,0.29
ENG-Premier League,2223,West Ham,Jarrod Bowen,ENG,"MF,FW",25,1996,38,36,3233,35.9,6,5,11,5,1,2,2,0,0.17,0.14,0.31,0.14,0.28
ENG-Premier League,2223,West Ham,Kurt Zouma,FRA,DF,27,1994,25,24,1989,22.1,2,0,2,2,0,0,0,0,0.09,0.0,0.09,0.09,0.09
ENG-Premier League,2223,West Ham,Lucas Paquetá,BRA,MF,24,1997,28,27,2151,23.9,4,3,7,3,1,1,5,0,0.17,0.13,0.29,0.13,0.25
ENG-Premier League,2223,West Ham,Manuel Lanzini,ARG,MF,29,1993,10,2,252,2.8,1,0,1,1,0,0,0,0,0.36,0.0,0.36,0.36,0.36
ENG-Premier League,2223,West Ham,Maxwel Cornet,CIV,MF,25,1996,14,2,245,2.7,0,0,0,0,0,0,0,0,0.0,0.0,0.0,0.0,0.0
ENG-Premier League,2223,West Ham,Michail Antonio,JAM,FW,32,1990,33,21,1829,20.3,5,3,8,5,0,0,2,0,0.25,0.15,0.39,0.25,0.39
ENG-Premier League,2223,West Ham,Nayef Aguerd,MAR,DF,26,1996,18,17,1595,17.7,2,0,2,2,0,0,4,0,0.11,0.0,0.11,0.11,0.11
ENG-Premier League,2223,West Ham,Pablo Fornals,ESP,MF,26,1996,32,17,1503,16.7,3,1,4,3,0,0,0,0,0.18,0.06,0.24,0.18,0.24
ENG-Premier League,2223,West Ham,Saïd Benrahma,ALG,"MF,FW",26,1995,35,22,2069,23.0,6,3,9,2,4,4,0,0,0.26,0.13,0.39,0.09,0.22
ENG-Premier League,2223,West Ham,Thilo Kehrer,GER,DF,25,1996,27,25,2230,24.8,0,2,2,0,0,0,4,0,0.0,0.08,0.08,0.0,0.08
ENG-Premier League,2223,West Ham,Tomáš Souček,CZE,MF,27,1995,36,32,2815,31.3,2,3,5,2,0,0,3,0,0.06,0.1,0.16,0.06,0.16
ENG-Premier League,2223,West Ham,Vladimír Coufal,CZE,"DF,MF",29,1992,27,24,2136,23.7,0,1,1,0,0,0,5,0,0.0,0.04,0.04,0.0,0.04
ENG-Premier League,2223,West Ham,Łukasz Fabiański,POL,GK,37,1985,36,36,3111,34.6,0,0,0,0,0,0,1,0,0.0,0.0,0.0,0.0,0.0
ENG-Premier League,2223,Wolves,Adama Traoré,ESP,"MF,FW",26,1996,34,12,1496,16.6,2,1,3,2,0,0,2,0,0.12,0.06,0.18,0.12,0.18
ENG-Premier League,2223,Wolves,Boubacar Traoré,MLI,MF,20,2001,10,4,411,4.6,0,1,1,0,0,0,2,0,0.0,0.22,0.22,0.0,0.22
ENG-Premier League,2223,Wolves,Chem Campbell,WAL,"FW,MF",19,2002,5,0,74,0.8,0,0,0,0,0,0,0,0,0.0,0.0,0.0,0.0,0.0
ENG-Premier League,2223,Wolves,Connor Ronan,IRL,MF,24,1998,1,0,1,0.0,0,0,0,0,0,0,0,0,0.0,0.0,0.0,0.0,0.0
ENG-Premier League,2223,Wolves,Craig Dawson,ENG,DF,32,1990,17,17,1414,15.7,1,0,1,1,0,0,4,0,0.06,0.0,0.06,0.06,0.06
ENG-Premier League,2223,Wolves,Daniel Bentley,ENG,GK,29,1993,2,2,180,2.0,0,0,0,0,0,0,0,0,0.0,0.0,0.0,0.0,0.0
ENG-Premier League,2223,Wolves,Daniel Podence,POR,"MF,FW",26,1995,32,20,1771,19.7,6,0,6,6,0,0,5,0,0.3,0.0,0.3,0.3,0.3
ENG-Premier League,2223,Wolves,Dexter Lembikisa,JAM,"DF,MF",18,2003,1,0,23,0.3,0,0,0,0,0,0,0,0,0.0,0.0,0.0,0.0,0.0
ENG-Premier League,2223,Wolves,Diego Costa,ESP,FW,33,1988,23,16,1241,13.8,1,0,1,1,0,0,5,1,0.07,0.0,0.07,0.07,0.07
ENG-Premier League,2223,Wolves,Gonçalo Guedes,POR,"FW,MF",25,1996,13,8,707,7.9,1,1,2,1,0,0,1,0,0.13,0.13,0.25,0.13,0.25
ENG-Premier League,2223,Wolves,Hugo Bueno,ESP,DF,19,2002,21,16,1310,14.6,0,1,1,0,0,0,1,0,0.0,0.07,0.07,0.0,0.07
ENG-Premier League,2223,Wolves,Hwang Hee-chan,KOR,"FW,MF",26,1996,27,12,1130,12.6,3,1,4,3,0,0,1,0,0.24,0.08,0.32,0.24,0.32
ENG-Premier League,2223,Wolves,Joe Hodge,IRL,MF,19,2002,6,1,175,1.9,0,0,0,0,0,0,1,0,0.0,0.0,0.0,0.0,0.0
ENG-Premier League,2223,Wolves,Jonny Castro,ESP,DF,28,1994,18,14,1261,14.0,1,0,1,1,0,0,3,1,0.07,0.0,0.07,0.07,0.07
ENG-Premier League,2223,Wolves,José Sá,POR,GK,29,1993,36,36,3240,36.0,0,0,0,0,0,0,2,0,0.0,0.0,0.0,0.0,0.0
ENG-Premier League,2223,Wolves,João Gomes,BRA,MF,21,2001,11,7,653,7.3,1,0,1,1,0,0,5,0,0.14,0.0,0.14,0.14,0.14
ENG-Premier League,2223,Wolves,João Moutinho,POR,MF,35,1986,31,20,1780,19.8,0,2,2,0,0,0,3,0,0.0,0.1,0.1,0.0,0.1
ENG-Premier League,2223,Wolves,Leander Dendoncker,BEL,MF,27,1995,4,2,214,2.4,0,0,0,0,0,0,0,0,0.0,0.0,0.0,0.0,0.0
ENG-Premier League,2223,Wolves,Mario Lemina,GAB,MF,28,1993,19,17,1299,14.4,0,1,1,0,0,0,4,1,0.0,0.07,0.07,0.0,0.07
ENG-Premier League,2223,Wolves,Matheus Cunha,BRA,FW,23,1999,17,12,965,10.7,2,0,2,2,0,0,1,0,0.19,0.0,0.19,0.19,0.19
ENG-Premier League,2223,Wolves,Matheus Nunes,POR,MF,23,1998,34,30,2467,27.4,1,1,2,1,0,0,2,1,0.04,0.04,0.07,0.04,0.07
ENG-Premier League,2223,Wolves,Max Kilman,ENG,DF,25,1997,37,37,3307,36.7,0,0,0,0,0,0,3,0,0.0,0.0,0.0,0.0,0.0
ENG-Premier League,2223,Wolves,Morgan Gibbs-White,ENG,MF,22,2000,2,2,180,2.0,0,0,0,0,0,0,1,0,0.0,0.0,0.0,0.0,0.0
ENG-Premier League,2223,Wolves,Nathan Collins,IRL,DF,21,2001,26,19,1814,20.2,0,0,0,0,0,0,2,1,0.0,0.0,0.0,0.0,0.0
ENG-Premier League,2223,Wolves,Nélson Semedo,POR,DF,28,1993,36,31,2632,29.2,0,1,1,0,0,0,11,1,0.0,0.03,0.03,0.0,0.03
ENG-Premier League,2223,Wolves,Pablo Sarabia,ESP,"MF,FW",30,1992,13,9,765,8.5,1,0,1,1,0,0,3,0,0.12,0.0,0.12,0.12,0.12
ENG-Premier League,2223,Wolves,Pedro Neto,POR,"MF,FW",22,2000,18,13,964,10.7,0,0,0,0,0,0,1,0,0.0,0.0,0.0,0.0,0.0
ENG-Premier League,2223,Wolves,Rayan Aït-Nouri,ALG,"DF,MF",21,2001,21,9,1076,12.0,1,0,1,1,0,0,4,0,0.08,0.0,0.08,0.08,0.08
ENG-Premier League,2223,Wolves,Raúl Jiménez,MEX,FW,31,1991,15,8,846,9.4,0,1,1,0,0,0,0,0,0.0,0.11,0.11,0.0,0.11
ENG-Premier League,2223,Wolves,Rúben Neves,POR,MF,25,1997,35,33,3019,33.5,6,1,7,3,3,3,12,0,0.18,0.03,0.21,0.09,0.12
ENG-Premier League,2223,Wolves,Saša Kalajdžić,AUT,FW,25,1997,1,1,45,0.5,0,0,0,0,0,0,0,0,0.0,0.0,0.0,0.0,0.0
ENG-Premier League,2223,Wolves,Toti Gomes,POR,DF,23,1999,17,10,984,10.9,1,0,1,1,0,0,6,0,0.09,0.0,0.09,0.09,0.09
ESP-La Liga,2223,Almería,Adri Embarba,ESP,"FW,MF",30,1992,29,18,1472,16.4,4,3,7,3,1,1,5,1,0.24,0.18,0.43,0.18,0.37
ESP-La Liga,2223,Almería,Alejandro Pozo Pozo,ESP,"DF,MF",23,1999,30,20,1880,20.9,0,3,3,0,0,0,2,0,0.0,0.14,0.14,0.0,0.14
ESP-La Liga,2223,Almería,Arnau Puigmal,ESP,MF,21,2001,22,7,763,8.5,1,0,1,1,0,0,4,0,0.12,0.0,0.12,0.12,0.12
ESP-La Liga,2223,Almería,Chumi,ESP,DF,23,1999,21,15,1489,16.5,1,0,1,1,0,0,5,0,0.06,0.0,0.06,0.06,0.06
ESP-La Liga,2223,Almería,Curro,ESP,"FW,MF",26,1996,2,0,43,0.5,0,0,0,0,0,0,1,0,0.0,0.0,0.0,0.0,0.0
ESP-La Liga,2223,Almería,César de la Hoz,ESP,MF,30,1992,25,18,1673,18.6,1,0,1,1,0,0,6,0,0.05,0.0,0.05,0.05,0.05
ESP-La Liga,2223,Almería,Diego Mariño,ESP,GK,32,1990,1,0,45,0.5,0,0,0,0,0,0,0,0,0.0,0.0,0.0,0.0,0.0
ESP-La Liga,2223,Almería,Dyego Sousa,POR,FW,32,1989,20,3,527,5.9,0,1,1,0,0,0,1,0,0.0,0.17,0.17,0.0,0.17
ESP-La Liga,2223,Almería,El Bilal Touré,MLI,FW,20,2001,21,15,1264,14.0,7,2,9,7,0,0,0,0,0.5,0.14,0.64,0.5,0.64
ESP-La Liga,2223,Almería,Fernando,ESP,GK,32,1990,37,37,3285,36.5,0,0,0,0,0,0,3,0,0.0,0.0,0.0,0.0,0.0
ESP-La Liga,2223,Almería,Fernando Pacheco,ESP,GK,30,1992,1,1,90,1.0,0,0,0,0,0,0,0,0,0.0,0.0,0.0,0.0,0.0
ESP-La Liga,2223,Almería,Francisco Portillo,ESP,MF,32,1990,27,4,722,8.0,2,1,3,2,0,0,1,0,0.25,0.12,0.37,0.25,0.37
ESP-La Liga,2223,Almería,Gonzalo Melero,ESP,MF,28,1994,27,24,1855,20.6,4,3,7,3,1,1,5,0,0.19,0.15,0.34,0.15,0.29
ESP-La Liga,2223,Almería,Houboulang Mendes,GNB,DF,24,1998,14,11,886,9.8,0,1,1,0,0,0,2,0,0.0,0.1,0.1,0.0,0.1
ESP-La Liga,2223,Almería,José Carlos Lazo,ESP,MF,26,1996,1,0,20,0.2,0,0,0,0,0,0,0,0,0.0,0.0,0.0,0.0,0.0
ESP-La Liga,2223,Almería,Kaiky,BRA,DF,18,2004,13,7,581,6.5,0,0,0,0,0,0,5,0,0.0,0.0,0.0,0.0,0.0
ESP-La Liga,2223,Almería,Largie Ramazani,BEL,"FW,MF",21,2001,33,13,1403,15.6,3,1,4,3,0,1,6,0,0.19,0.06,0.26,0.19,0.26
ESP-La Liga,2223,Almería,Lucas Robertone,ARG,MF,25,1997,37,34,2843,31.6,2,7,9,2,0,0,7,0,0.06,0.22,0.28,0.06,0.28
ESP-La Liga,2223,Almería,Luis Suárez,COL,FW,24,1997,21,18,1490,16.6,4,4,8,4,0,0,4,1,0.24,0.24,0.48,0.24,0.48
ESP-La Liga,2223,Almería,Lázaro,BRA,"FW,MF",20,2002,19,7,716,8.0,6,0,6,6,0,0,1,0,0.75,0.0,0.75,0.75,0.75
ESP-La Liga,2223,Almería,Léo Baptistão,BRA,"FW,MF",29,1992,28,24,1726,19.2,4,1,5,4,0,0,7,0,0.21,0.05,0.26,0.21,0.26
ESP-La Liga,2223,Almería,Marko Milovanović,SRB,FW,18,2003,2,0,15,0.2,0,0,0,0,0,0,1,0,0.0,0.0,0.0,0.0,0.0
ESP-La Liga,2223,Almería,Rodrigo Ely,BRA,DF,28,1993,36,36,3155,35.1,0,1,1,0,0,0,10,1,0.0,0.03,0.03,0.0,0.03
ESP-La Liga,2223,Almería,Samu Costa,POR,MF,21,2000,32,22,1989,22.1,1,2,3,1,0,0,5,0,0.05,0.09,0.14,0.05,0.14
ESP-La Liga,2223,Almería,Sergio Akieme,ESP,DF,24,1997,29,27,2297,25.5,1,0,1,1,0,0,5,0,0.04,0.0,0.04,0.04,0.04
ESP-La Liga,2223,Almería,Srđan Babić,SRB,DF,26,1996,34,33,2998,33.3,3,0,3,3,0,0,5,0,0.09,0.0,0.09,0.09,0.09
ESP-La Liga,2223,Almería,Umar Sadiq,NGA,FW,25,1997,3,3,240,2.7,2,0,2,2,0,0,1,0,0.75,0.0,0.75,0.75,0.75
ESP-La Liga,2223,Almería,Álex Centelles,ESP,"DF,MF",24,1997,15,11,1123,12.5,1,2,3,1,0,0,0,1,0.08,0.16,0.24,0.08,0.24
ESP-La Liga,2223,Almería,Íñigo Eguaras,ESP,MF,30,1992,25,10,967,10.7,1,1,2,1,0,0,6,0,0.09,0.09,0.19,0.09,0.19
ESP-La Liga,2223,Athletic Club,Adu Ares,ESP,MF,20,2001,8,0,84,0.9,0,0,0,0,0,0,0,0,0.0,0.0,0.0,0.0,0.0
ESP-La Liga,2223,Athletic Club,Aitor Paredes,ESP,DF,22,2000,16,9,859,9.5,0,0,0,0,0,0,3,0,0.0,0.0,0.0,0.0,0.0
ESP-La Liga,2223,Athletic Club,Ander Capa,ESP,DF,30,1992,7,1,109,1.2,0,0,0,0,0,0,1,0,0.0,0.0,0.0,0.0,0.0
ESP-La Liga,2223,Athletic Club,Ander Herrera,ESP,MF,32,1989,17,9,697,7.7,0,1,1,0,0,0,4,1,0.0,0.13,0.13,0.0,0.13
ESP-La Liga,2223,Athletic Club,Asier Villalibre,ESP,FW,24,1997,5,1,97,1.1,0,0,0,0,0,0,0,0,0.0,0.0,0.0,0.0,0.0
ESP-La Liga,2223,Athletic Club,Dani García,ESP,MF,32,1990,25,18,1485,16.5,0,2,2,0,0,0,6,0,0.0,0.12,0.12,0.0,0.12
ESP-La Liga,2223,Athletic Club,Daniel Vivian,ESP,DF,23,1999,29,26,2376,26.4,1,0,1,1,0,0,7,1,0.04,0.0,0.04,0.04,0.04
ESP-La Liga,2223,Athletic Club,Gorka Guruzeta,ESP,FW,25,1996,30,17,1421,15.8,6,1,7,6,0,0,2,0,0.38,0.06,0.44,0.38,0.44
ESP-La Liga,2223,Athletic Club,Iker Muniain,ESP,MF,29,1992,30,19,1689,18.8,0,3,3,0,0,0,2,0,0.0,0.16,0.16,0.0,0.16
ESP-La Liga,2223,Athletic Club,Iñaki Williams,GHA,"FW,MF",28,1994,36,34,2836,31.5,10,3,13,9,1,2,2,0,0.32,0.1,0.41,0.29,0.38
ESP-La Liga,2223,Athletic Club,Iñigo Lekue,ESP,DF,29,1993,20,14,1321,14.7,0,1,1,0,0,0,1,0,0.0,0.07,0.07,0.0,0.07
ESP-La Liga,2223,Athletic Club,Iñigo Martínez,ESP,DF,31,1991,15,15,1338,14.9,1,0,1,1,0,0,1,0,0.07,0.0,0.07,0.07,0.07
ESP-La Liga,2223,Athletic Club,Jon Morcillo,ESP,MF,23,1998,10,0,76,0.8,0,1,1,0,0,0,0,0,0.0,1.18,1.18,0.0,1.18
ESP-La Liga,2223,Athletic Club,Julen Agirrezabala,ESP,GK,21,2000,8,7,675,7.5,0,0,0,0,0,0,0,0,0.0,0.0,0.0,0.0,0.0
ESP-La Liga,2223,Athletic Club,Mikel Balenziaga,ESP,DF,34,1988,3,1,115,1.3,0,0,0,0,0,0,0,0,0.0,0.0,0.0,0.0,0.0
ESP-La Liga,2223,Athletic Club,Mikel Vesga,ESP,MF,29,1993,36,28,2575,28.6,3,3,6,1,2,3,5,0,0.1,0.1,0.21,0.03,0.14
ESP-La Liga,2223,Athletic Club,Nico Williams,ESP,MF,20,2002,36,32,2656,29.5,6,4,10,6,0,0,3,0,0.2,0.14,0.34,0.2,0.34
ESP-La Liga,2223,Athletic Club,Oier Zarraga,ESP,MF,23,1999,26,6,852,9.5,0,0,0,0,0,0,5,0,0.0,0.0,0.0,0.0,0.0
ESP-La Liga,2223,Athletic Club,Oihan Sancet,ESP,MF,22,2000,36,32,2532,28.1,10,2,12,8,2,2,6,1,0.36,0.07,0.43,0.28,0.36
ESP-La Liga,2223,Athletic Club,Raúl García,ESP,"MF,FW",36,1986,35,6,967,10.7,2,3,5,2,0,0,4,0,0.19,0.28,0.47,0.19,0.47
ESP-La Liga,2223,Athletic Club,Unai Simón,ESP,GK,25,1997,31,31,2745,30.5,0,0,0,0,0,0,2,0,0.0,0.0,0.0,0.0,0.0
ESP-La Liga,2223,Athletic Club,Unai Vencedor Paris,ESP,MF,21,2000,10,0,193,2.1,0,0,0,0,0,0,2,0,0.0,0.0,0.0,0.0,0.0
ESP-La Liga,2223,Athletic Club,Yeray Álvarez,ESP,DF,27,1995,28,27,2332,25.9,1,1,2,1,0,0,7,1,0.04,0.04,0.08,0.04,0.08
ESP-La Liga,2223,Athletic Club,Yuri Berchiche,ESP,DF,32,1990,29,27,2406,26.7,1,1,2,1,0,0,9,1,0.04,0.04,0.07,0.04,0.07
ESP-La Liga,2223,Athletic Club,Álex Berenguer,ESP,MF,27,1995,37,26,2297,25.5,4,1,5,4,0,0,2,0,0.16,0.04,0.2,0.16,0.2
ESP-La Liga,2223,Athletic Club,Óscar de Marcos,ESP,DF,33,1989,37,32,2819,31.3,1,6,7,1,0,0,7,0,0.03,0.19,0.22,0.03,0.22
ESP-La Liga,2223,Atlético Madrid,Antoine Griezmann,FRA,"FW,MF",31,1991,38,31,2859,31.8,15,16,31,15,0,0,2,0,0.47,0.5,0.98,0.47,0.98
ESP-La Liga,2223,Atlético Madrid,Antonio Gomis,ESP,GK,19,2003,1,0,6,0.1,0,0,0,0,0,0,0,0,0.0,0.0,0.0,0.0,0.0
ESP-La Liga,2223,Atlético Madrid,Axel Witsel,BEL,"DF,MF",33,1989,33,25,2258,25.1,0,0,0,0,0,0,2,1,0.0,0.0,0.0,0.0,0.0
ESP-La Liga,2223,Atlético Madrid,Carlos Martín,ESP,"FW,MF",20,2002,4,0,28,0.3,0,0,0,0,0,0,1,0,0.0,0.0,0.0,0.0,0.0
ESP-La Liga,2223,Atlético Madrid,Felipe,BRA,DF,33,1989,3,2,194,2.2,0,0,0,0,0,0,0,0,0.0,0.0,0.0,0.0,0.0
ESP-La Liga,2223,Atlético Madrid,Geoffrey Kondogbia,CTA,MF,29,1993,20,10,1006,11.2,0,2,2,0,0,0,5,0,0.0,0.18,0.18,0.0,0.18
ESP-La Liga,2223,Atlético Madrid,Ivo Grbić,CRO,GK,26,1996,12,10,922,10.2,0,0,0,0,0,0,3,0,0.0,0.0,0.0,0.0,0.0
ESP-La Liga,2223,Atlético Madrid,Jan Oblak,SVN,GK,29,1993,28,28,2492,27.7,0,0,0,0,0,0,1,0,0.0,0.0,0.0,0.0,0.0
ESP-La Liga,2223,Atlético Madrid,José María Giménez,URU,DF,27,1995,28,26,2423,26.9,2,1,3,2,0,0,9,0,0.07,0.04,0.11,0.07,0.11
ESP-La Liga,2223,Atlético Madrid,João Félix,POR,"FW,MF",22,1999,14,7,650,7.2,4,3,7,4,0,0,5,0,0.55,0.42,0.97,0.55,0.97
ESP-La Liga,2223,Atlético Madrid,Koke,ESP,MF,30,1992,33,30,2545,28.3,0,3,3,0,0,0,4,0,0.0,0.11,0.11,0.0,0.11
ESP-La Liga,2223,Atlético Madrid,Marcos Llorente,ESP,MF,27,1995,22,21,1703,18.9,1,2,3,1,0,0,5,0,0.05,0.11,0.16,0.05,0.16
ESP-La Liga,2223,Atlético Madrid,Mario Hermoso,ESP,DF,27,1995,26,24,2110,23.4,3,2,5,3,0,0,7,2,0.13,0.09,0.21,0.13,0.21
ESP-La Liga,2223,Atlético Madrid,Matheus Cunha,BRA,"MF,FW",23,1999,11,2,377,4.2,0,2,2,0,0,0,2,0,0.0,0.48,0.48,0.0,0.48
ESP-La Liga,2223,Atlético Madrid,Matt Doherty,IRL,"DF,MF",30,1992,2,0,18,0.2,0,0,0,0,0,0,0,0,0.0,0.0,0.0,0.0,0.0
ESP-La Liga,2223,Atlético Madrid,Memphis,NED,FW,28,1994,8,3,270,3.0,4,0,4,4,0,0,1,0,1.33,0.0,1.33,1.33,1.33
ESP-La Liga,2223,Atlético Madrid,Nahuel Molina,ARG,DF,24,1998,33,33,2867,31.9,4,2,6,4,0,0,7,1,0.13,0.06,0.19,0.13,0.19
ESP-La Liga,2223,Atlético Madrid,Pablo Barrios,ESP,MF,19,2003,21,6,724,8.0,0,1,1,0,0,0,4,0,0.0,0.12,0.12,0.0,0.12
ESP-La Liga,2223,Atlético Madrid,Reinildo Mandava,MOZ,DF,28,1994,22,22,1857,20.6,0,0,0,0,0,0,4,0,0.0,0.0,0.0,0.0,0.0
ESP-La Liga,2223,Atlético Madrid,Rodrigo De Paul,ARG,MF,28,1994,30,24,1923,21.4,2,7,9,2,0,0,5,0,0.09,0.33,0.42,0.09,0.42
ESP-La Liga,2223,Atlético Madrid,Saúl Ñíguez,ESP,"MF,DF",27,1994,31,11,1100,12.2,3,1,4,3,0,0,8,0,0.25,0.08,0.33,0.25,0.33
ESP-La Liga,2223,Atlético Madrid,Sergio Reguilón,ESP,DF,25,1996,11,2,309,3.4,0,0,0,0,0,0,3,1,0.0,0.0,0.0,0.0,0.0
ESP-La Liga,2223,Atlético Madrid,Stefan Savić,MNE,DF,31,1991,22,22,1943,21.6,0,0,0,0,0,0,4,2,0.0,0.0,0.0,0.0,0.0
ESP-La Liga,2223,Atlético Madrid,Thomas Lemar,FRA,MF,26,1995,27,17,1252,13.9,1,3,4,1,0,0,1,0,0.07,0.22,0.29,0.07,0.29
ESP-La Liga,2223,Atlético Madrid,Yannick Carrasco,BEL,"DF,MF",28,1993,35,26,2317,25.7,7,3,10,6,1,1,2,0,0.27,0.12,0.39,0.23,0.35
ESP-La Liga,2223,Atlético Madrid,Álvaro Morata,ESP,FW,29,1992,36,23,1900,21.1,13,2,15,13,0,0,4,0,0.62,0.09,0.71,0.62,0.71
ESP-La Liga,2223,Atlético Madrid,Ángel Correa,ARG,"FW,MF",27,1995,35,13,1455,16.2,9,1,10,9,0,0,3,1,0.56,0.06,0.62,0.56,0.62
ESP-La Liga,2223,Barcelona,Aleix Garrido,ESP,MF,18,2004,1,0,7,0.1,0,0,0,0,0,0,0,0,0.0,0.0,0.0,0.0,0.0
ESP-La Liga,2223,Barcelona,Alejandro Balde,ESP,DF,18,2003,33,30,2471,27.5,1,6,7,1,0,0,4,0,0.04,0.22,0.25,0.04,0.25
ESP-La Liga,2223,Barcelona,Andreas Christensen,DEN,DF,26,1996,23,22,1760,19.6,1,1,2,1,0,0,2,0,0.05,0.05,0.1,0.05,0.1
ESP-La Liga,2223,Barcelona,Ansu Fati,ESP,FW,19,2002,36,12,1393,15.5,7,3,10,7,0,0,3,0,0.45,0.19,0.65,0.45,0.65
ESP-La Liga,2223,Barcelona,Chadi Riad,MAR,DF,19,2003,1,0,2,0.0,0,0,0,0,0,0,0,0,0.0,0.0,0.0,0.0,0.0
ESP-La Liga,2223,Barcelona,Eric García,ESP,"DF,MF",21,2001,24,15,1417,15.7,1,0,1,1,0,0,3,0,0.06,0.0,0.06,0.06,0.06
ESP-La Liga,2223,Barcelona,Ferran Torres,ESP,FW,22,2000,33,14,1392,15.5,4,2,6,4,0,1,5,1,0.26,0.13,0.39,0.26,0.39
ESP-La Liga,2223,Barcelona,Franck Kessié,CIV,MF,25,1996,28,7,990,11.0,1,1,2,1,0,0,4,0,0.09,0.09,0.18,0.09,0.18
ESP-La Liga,2223,Barcelona,Frenkie de Jong,NED,MF,25,1997,33,29,2534,28.2,2,4,6,2,0,0,3,0,0.07,0.14,0.21,0.07,0.21
ESP-La Liga,2223,Barcelona,Gavi,ESP,"MF,FW",17,2004,36,30,2531,28.1,2,4,6,2,0,0,10,0,0.07,0.14,0.21,0.07,0.21
ESP-La Liga,2223,Barcelona,Gerard Piqué,ESP,DF,35,1987,6,4,384,4.3,0,0,0,0,0,0,2,1,0.0,0.0,0.0,0.0,0.0
ESP-La Liga,2223,Barcelona,Héctor Bellerín,ESP,DF,27,1995,3,1,143,1.6,0,0,0,0,0,0,0,0,0.0,0.0,0.0,0.0,0.0
ESP-La Liga,2223,Barcelona,Iñaki Peña,ESP,GK,23,1999,2,0,73,0.8,0,0,0,0,0,0,0,0,0.0,0.0,0.0,0.0,0.0
ESP-La Liga,2223,Barcelona,Jordi Alba,ESP,DF,33,1989,24,14,1419,15.8,2,3,5,2,0,0,6,1,0.13,0.19,0.32,0.13,0.32
ESP-La Liga,2223,Barcelona,Jules Koundé,FRA,DF,23,1998,29,28,2426,27.0,1,3,4,1,0,0,2,0,0.04,0.11,0.15,0.04,0.15
ESP-La Liga,2223,Barcelona,Lamine Yamal,ESP,"FW,MF",15,2007,1,0,8,0.1,0,0,0,0,0,0,0,0,0.0,0.0,0.0,0.0,0.0
ESP-La Liga,2223,Barcelona,Marc-André ter Stegen,GER,GK,30,1992,38,38,3347,37.2,0,0,0,0,0,0,0,0,0.0,0.0,0.0,0.0,0.0
ESP-La Liga,2223,Barcelona,Marcos Alonso,ESP,DF,31,1990,24,11,1172,13.0,1,0,1,1,0,0,3,0,0.08,0.0,0.08,0.08,0.08
ESP-La Liga,2223,Barcelona,Memphis,NED,FW,28,1994,2,2,114,1.3,1,0,1,1,0,0,0,0,0.79,0.0,0.79,0.79,0.79
ESP-La Liga,2223,Barcelona,Ousmane Dembélé,FRA,FW,25,1997,25,16,1410,15.7,5,7,12,5,0,0,4,0,0.32,0.45,0.77,0.32,0.77
ESP-La Liga,2223,Barcelona,Pablo Torre,ESP,FW,19,2003,8,1,144,1.6,0,0,0,0,0,0,0,0,0.0,0.0,0.0,0.0,0.0
ESP-La Liga,2223,Barcelona,Pedri,ESP,MF,19,2002,26,22,1976,22.0,6,1,7,6,0,0,2,0,0.27,0.05,0.32,0.27,0.32
ESP-La Liga,2223,Barcelona,Pierre-Emerick Aubameyang,GAB,"FW,MF",33,1989,1,0,9,0.1,0,0,0,0,0,0,0,0,0.0,0.0,0.0,0.0,0.0
ESP-La Liga,2223,Barcelona,Raphinha,BRA,FW,25,1996,36,25,2072,23.0,7,7,14,7,0,0,9,0,0.3,0.3,0.61,0.3,0.61
ESP-La Liga,2223,Barcelona,Robert Lewandowski,POL,FW,33,1988,34,33,2847,31.6,23,7,30,23,0,1,4,1,0.73,0.22,0.95,0.73,0.95
ESP-La Liga,2223,Barcelona,Ronald Araújo,URU,DF,23,1999,22,21,1800,20.0,0,2,2,0,0,0,5,1,0.0,0.1,0.1,0.0,0.1
ESP-La Liga,2223,Barcelona,Sergi Roberto,ESP,"DF,MF",30,1992,23,15,1308,14.5,4,1,5,4,0,0,3,0,0.28,0.07,0.34,0.28,0.34
ESP-La Liga,2223,Barcelona,Sergio Busquets,ESP,MF,34,1988,30,28,2339,26.0,0,4,4,0,0,0,8,1,0.0,0.15,0.15,0.0,0.15
ESP-La Liga,2223,Barcelona,Ángel Alarcón,ESP,FW,18,2004,4,0,25,0.3,0,0,0,0,0,0,0,0,0.0,0.0,0.0,0.0,0.0
ESP-La Liga,2223,Celta Vigo,Agustín Marchesín,ARG,GK,34,1988,19,19,1710,19.0,0,0,0,0,0,0,2,0,0.0,0.0,0.0,0.0,0.0
ESP-La Liga,2223,Celta Vigo,Augusto Solari,ARG,MF,30,1992,12,3,262,2.9,0,1,1,0,0,0,0,0,0.0,0.34,0.34,0.0,0.34
ESP-La Liga,2223,Celta Vigo,Carles Pérez,ESP,"MF,FW",24,1998,35,23,2144,23.8,3,5,8,3,0,0,5,0,0.13,0.21,0.34,0.13,0.34
ESP-La Liga,2223,Celta Vigo,Carlos Dominguez,ESP,DF,21,2001,3,1,108,1.2,0,0,0,0,0,0,0,0,0.0,0.0,0.0,0.0,0.0
ESP-La Liga,2223,Celta Vigo,Fernando Medrano,ESP,DF,22,2000,1,0,13,0.1,0,0,0,0,0,0,0,0,0.0,0.0,0.0,0.0,0.0
ESP-La Liga,2223,Celta Vigo,Fran Beltrán,ESP,MF,23,1999,36,33,2855,31.7,0,2,2,0,0,0,4,0,0.0,0.06,0.06,0.0,0.06
ESP-La Liga,2223,Celta Vigo,Franco Cervi,ARG,MF,28,1994,36,21,1894,21.0,0,4,4,0,0,0,2,1,0.0,0.19,0.19,0.0,0.19
ESP-La Liga,2223,Celta Vigo,Gabriel Veiga,ESP,MF,20,2002,36,28,2294,25.5,11,4,15,11,0,0,6,1,0.43,0.16,0.59,0.43,0.59
ESP-La Liga,2223,Celta Vigo,Gonçalo Paciência,POR,FW,27,1994,25,5,662,7.4,2,0,2,2,0,0,2,1,0.27,0.0,0.27,0.27,0.27
ESP-La Liga,2223,Celta Vigo,Haris Seferović,SUI,FW,30,1992,18,10,887,9.9,3,1,4,3,0,0,3,0,0.3,0.1,0.41,0.3,0.41
ESP-La Liga,2223,Celta Vigo,Hugo Mallo,ESP,DF,31,1991,26,26,2163,24.0,0,1,1,0,0,0,6,1,0.0,0.04,0.04,0.0,0.04
ESP-La Liga,2223,Celta Vigo,Hugo Sotelo,ESP,MF,18,2003,1,0,17,0.2,0,0,0,0,0,0,0,0,0.0,0.0,0.0,0.0,0.0
ESP-La Liga,2223,Celta Vigo,Iago Aspas,ESP,FW,34,1987,37,31,2868,31.9,12,3,15,10,2,3,6,0,0.38,0.09,0.47,0.31,0.41
ESP-La Liga,2223,Celta Vigo,Iván Villar,ESP,GK,25,1997,19,19,1710,19.0,0,0,0,0,0,0,0,0,0.0,0.0,0.0,0.0,0.0
ESP-La Liga,2223,Celta Vigo,Javi Galán,ESP,DF,27,1994,37,36,3160,35.1,0,3,3,0,0,0,6,0,0.0,0.09,0.09,0.0,0.09
ESP-La Liga,2223,Celta Vigo,Joseph Aidoo,GHA,DF,26,1995,35,35,3119,34.7,3,0,3,3,0,0,6,1,0.09,0.0,0.09,0.09,0.09
ESP-La Liga,2223,Celta Vigo,Jørgen Strand Larsen,NOR,FW,22,2000,32,20,1705,18.9,4,4,8,4,0,0,4,0,0.21,0.21,0.42,0.21,0.42
ESP-La Liga,2223,Celta Vigo,Kevin Vázquez,ESP,"DF,MF",29,1993,10,6,441,4.9,0,0,0,0,0,0,2,0,0.0,0.0,0.0,0.0,0.0
ESP-La Liga,2223,Celta Vigo,Luca de la Torre,USA,MF,24,1998,28,16,1481,16.5,0,2,2,0,0,0,6,0,0.0,0.12,0.12,0.0,0.12
ESP-La Liga,2223,Celta Vigo,Miguel Rodríguez,ESP,"FW,MF",19,2003,7,3,252,2.8,1,1,2,1,0,0,0,0,0.36,0.36,0.71,0.36,0.71
ESP-La Liga,2223,Celta Vigo,Pablo Durán,ESP,FW,21,2001,4,0,36,0.4,0,0,0,0,0,0,0,0,0.0,0.0,0.0,0.0,0.0
ESP-La Liga,2223,Celta Vigo,Renato Tapia,PER,"MF,DF",27,1995,28,16,1451,16.1,0,0,0,0,0,0,8,1,0.0,0.0,0.0,0.0,0.0
ESP-La Liga,2223,Celta Vigo,Unai Núñez,ESP,DF,25,1997,36,35,3151,35.0,0,0,0,0,0,0,8,0,0.0,0.0,0.0,0.0,0.0
ESP-La Liga,2223,Celta Vigo,Williot Swedberg,SWE,"FW,MF",18,2004,4,0,55,0.6,0,0,0,0,0,0,1,0,0.0,0.0,0.0,0.0,0.0
ESP-La Liga,2223,Celta Vigo,Óscar Mingueza,ESP,DF,23,1999,21,13,1284,14.3,0,0,0,0,0,0,2,0,0.0,0.0,0.0,0.0,0.0
ESP-La Liga,2223,Celta Vigo,Óscar Rodríguez Arnaiz,ESP,MF,24,1998,33,19,1775,19.7,2,0,2,2,0,0,6,0,0.1,0.0,0.1,0.1,0.1
ESP-La Liga,2223,Cádiz,Alberto Perea,ESP,MF,31,1990,1,1,45,0.5,0,0,0,0,0,0,0,0,0.0,0.0,0.0,0.0,0.0
ESP-La Liga,2223,Cádiz,Alfonso Espino,URU,DF,30,1992,36,35,3122,34.7,0,4,4,0,0,0,7,0,0.0,0.12,0.12,0.0,0.12
ESP-La Liga,2223,Cádiz,Anthony Lozano,HON,FW,29,1993,28,14,1443,16.0,1,1,2,1,0,0,6,0,0.06,0.06,0.12,0.06,0.12
ESP-La Liga,2223,Cádiz,Antonio Blanco,ESP,MF,22,2000,3,2,158,1.8,0,0,0,0,0,0,0,0,0.0,0.0,0.0,0.0,0.0
ESP-La Liga,2223,Cádiz,Awer Mabil,AUS,MF,26,1995,5,1,165,1.8,0,0,0,0,0,0,0,0,0.0,0.0,0.0,0.0,0.0
ESP-La Liga,2223,Cádiz,Brian Ocampo,URU,MF,23,1999,18,15,1119,12.4,1,1,2,1,0,0,2,0,0.08,0.08,0.16,0.08,0.16
ESP-La Liga,2223,Cádiz,Cala,ESP,DF,32,1989,3,1,137,1.5,0,0,0,0,0,0,0,0,0.0,0.0,0.0,0.0,0.0
ESP-La Liga,2223,Cádiz,Carlos García,ESP,DF,22,2000,1,0,25,0.3,0,1,1,0,0,0,0,0,0.0,3.6,3.6,0.0,3.6
ESP-La Liga,2223,Cádiz,Chris Ramos,ESP,FW,25,1997,15,7,710,7.9,1,0,1,1,0,0,2,0,0.13,0.0,0.13,0.13,0.13
ESP-La Liga,2223,Cádiz,David Gil,ESP,GK,28,1994,4,4,360,4.0,0,0,0,0,0,0,0,0,0.0,0.0,0.0,0.0,0.0
ESP-La Liga,2223,Cádiz,Fali,ESP,"DF,MF",28,1993,25,22,1714,19.0,0,0,0,0,0,0,6,0,0.0,0.0,0.0,0.0,0.0
ESP-La Liga,2223,Cádiz,Fede San Emeterio,ESP,MF,25,1997,33,24,1844,20.5,0,1,1,0,0,0,14,0,0.0,0.05,0.05,0.0,0.05
ESP-La Liga,2223,Cádiz,Francisco Mwepu,ZAM,FW,22,2000,1,0,21,0.2,0,0,0,0,0,0,0,0,0.0,0.0,0.0,0.0,0.0
ESP-La Liga,2223,Cádiz,Gonzalo Escalante,ARG,MF,29,1993,14,13,1121,12.5,4,1,5,4,0,0,4,0,0.32,0.08,0.4,0.32,0.4
ESP-La Liga,2223,Cádiz,Isaac Carcelen,ESP,DF,29,1993,27,25,2199,24.4,0,1,1,0,0,0,4,3,0.0,0.04,0.04,0.0,0.04
ESP-La Liga,2223,Cádiz,Iván Alejo,ESP,MF,27,1995,31,13,1311,14.6,0,1,1,0,0,0,13,1,0.0,0.07,0.07,0.0,0.07
ESP-La Liga,2223,Cádiz,Jeremías Ledesma,ARG,GK,29,1993,34,34,3060,34.0,0,0,0,0,0,0,2,0,0.0,0.0,0.0,0.0,0.0
ESP-La Liga,2223,Cádiz,Jorge Meré,ESP,DF,25,1997,10,6,601,6.7,0,0,0,0,0,0,0,0,0.0,0.0,0.0,0.0,0.0
ESP-La Liga,2223,Cádiz,Joseba Zaldúa,ESP,DF,30,1992,10,7,639,7.1,0,1,1,0,0,0,4,0,0.0,0.14,0.14,0.0,0.14
ESP-La Liga,2223,Cádiz,José Antonio,ESP,MF,18,2004,2,0,46,0.5,0,1,1,0,0,0,0,0,0.0,1.96,1.96,0.0,1.96
ESP-La Liga,2223,Cádiz,José Mari,ESP,MF,34,1987,18,2,397,4.4,0,0,0,0,0,0,4,0,0.0,0.0,0.0,0.0,0.0
ESP-La Liga,2223,Cádiz,Lucas Pérez,ESP,FW,33,1988,14,5,628,7.0,3,0,3,3,0,0,3,0,0.43,0.0,0.43,0.43,0.43
ESP-La Liga,2223,Cádiz,Luis Hernández,ESP,DF,33,1989,35,35,3149,35.0,0,0,0,0,0,0,8,1,0.0,0.0,0.0,0.0,0.0
ESP-La Liga,2223,Cádiz,Mamadou Mbaye,SEN,DF,24,1998,14,7,760,8.4,0,0,0,0,0,0,2,0,0.0,0.0,0.0,0.0,0.0
ESP-La Liga,2223,Cádiz,Mamady Diarra,MLI,MF,22,2000,2,1,66,0.7,0,0,0,0,0,0,0,0,0.0,0.0,0.0,0.0,0.0
ESP-La Liga,2223,Cádiz,Raúl Parra,ESP,DF,22,1999,6,4,310,3.4,0,0,0,0,0,0,1,0,0.0,0.0,0.0,0.0,0.0
ESP-La Liga,2223,Cádiz,Roger Martí,ESP,FW,31,1991,14,8,639,7.1,1,0,1,1,0,0,1,0,0.14,0.0,0.14,0.14,0.14
ESP-La Liga,2223,Cádiz,Rubén Alcaraz,ESP,MF,31,1991,31,22,2043,22.7,3,0,3,1,2,3,11,1,0.13,0.0,0.13,0.04,0.04
ESP-La Liga,2223,Cádiz,Rubén Sobrino,ESP,"MF,FW",30,1992,33,28,2465,27.4,3,2,5,3,0,0,11,0,0.11,0.07,0.18,0.11,0.18
ESP-La Liga,2223,Cádiz,Santiago Arzamendia,PAR,"DF,MF",24,1998,12,5,483,5.4,0,0,0,0,0,0,0,0,0.0,0.0,0.0,0.0,0.0
ESP-La Liga,2223,Cádiz,Sergi Guardiola,ESP,FW,31,1991,17,14,1165,12.9,3,0,3,3,0,0,2,0,0.23,0.0,0.23,0.23,0.23
ESP-La Liga,2223,Cádiz,Theo Bongonda,COD,MF,26,1995,31,24,1938,21.5,4,3,7,3,1,1,2,0,0.19,0.14,0.33,0.14,0.28
ESP-La Liga,2223,Cádiz,Tomás Alarcón,CHI,MF,23,1999,4,2,223,2.5,0,0,0,0,0,0,2,1,0.0,0.0,0.0,0.0,0.0
ESP-La Liga,2223,Cádiz,Víctor Chust,ESP,DF,22,2000,14,10,965,10.7,1,0,1,1,0,0,3,0,0.09,0.0,0.09,0.09,0.09
ESP-La Liga,2223,Cádiz,Youba Diarra,MLI,MF,24,1998,5,1,98,1.1,0,0,0,0,0,0,2,0,0.0,0.0,0.0,0.0,0.0
ESP-La Liga,2223,Cádiz,Álex Fernández,ESP,"MF,FW",29,1992,28,17,1576,17.5,3,0,3,2,1,1,0,0,0.17,0.0,0.17,0.11,0.11
ESP-La Liga,2223,Cádiz,Álvaro Giménez,ESP,"FW,MF",31,1991,1,0,17,0.2,0,0,0,0,0,0,0,0,0.0,0.0,0.0,0.0,0.0
ESP-La Liga,2223,Cádiz,Álvaro Negredo,ESP,FW,36,1985,21,9,757,8.4,1,2,3,1,0,0,0,0,0.12,0.24,0.36,0.12,0.36
ESP-La Liga,2223,Elche,Alejandro Alfaro,ESP,MF,20,2002,1,0,15,0.2,0,0,0,0,0,0,0,0,0.0,0.0,0.0,0.0,0.0
ESP-La Liga,2223,Elche,Axel Werner,ARG,GK,26,1996,2,2,180,2.0,0,0,0,0,0,0,0,0,0.0,0.0,0.0,0.0,0.0
ESP-La Liga,2223,Elche,Carlos Clerc,ESP,"DF,MF",30,1992,32,31,2639,29.3,0,1,1,0,0,0,5,0,0.0,0.03,0.03,0.0,0.03
ESP-La Liga,2223,Elche,Carmona,ESP,"MF,DF",20,2002,9,8,589,6.5,1,0,1,1,0,0,5,1,0.15,0.0,0.15,0.15,0.15
ESP-La Liga,2223,Elche,Diego González,ESP,DF,27,1995,16,8,958,10.6,0,0,0,0,0,0,4,0,0.0,0.0,0.0,0.0,0.0
ESP-La Liga,2223,Elche,Domingos Quina,POR,MF,22,1999,10,2,275,3.1,0,0,0,0,0,0,3,1,0.0,0.0,0.0,0.0,0.0
ESP-La Liga,2223,Elche,Enzo Roco,CHI,DF,29,1992,22,19,1652,18.4,0,0,0,0,0,0,7,1,0.0,0.0,0.0,0.0,0.0
ESP-La Liga,2223,Elche,Ezequiel Ponce,ARG,"FW,MF",25,1997,34,8,1129,12.5,4,0,4,4,0,0,2,1,0.32,0.0,0.32,0.32,0.32
ESP-La Liga,2223,Elche,Federico Fernández,ARG,DF,33,1989,1,1,90,1.0,0,0,0,0,0,0,0,0,0.0,0.0,0.0,0.0,0.0
ESP-La Liga,2223,Elche,Fidel,ESP,"MF,FW",32,1989,27,21,1714,19.0,3,2,5,2,1,1,5,0,0.16,0.11,0.26,0.11,0.21
ESP-La Liga,2223,Elche,Gerard Gumbau,ESP,MF,27,1994,35,31,2737,30.4,1,6,7,1,0,0,11,0,0.03,0.2,0.23,0.03,0.23
ESP-La Liga,2223,Elche,Gonzalo Verdú,ESP,DF,33,1988,16,9,703,7.8,1,0,1,1,0,0,1,2,0.13,0.0,0.13,0.13,0.13
ESP-La Liga,2223,Elche,Helibelton Palacios,COL,"DF,MF",29,1993,24,23,1915,21.3,0,0,0,0,0,0,6,0,0.0,0.0,0.0,0.0,0.0
ESP-La Liga,2223,Elche,Javier Pastore,ARG,MF,33,1989,1,0,5,0.1,0,0,0,0,0,0,0,0,0.0,0.0,0.0,0.0,0.0
ESP-La Liga,2223,Elche,Johan Mojica,COL,"DF,MF",29,1992,3,3,270,3.0,0,0,0,0,0,0,2,0,0.0,0.0,0.0,0.0,0.0
ESP-La Liga,2223,Elche,John Donald,ESP,"MF,DF",21,2000,14,13,1092,12.1,0,0,0,0,0,0,3,1,0.0,0.0,0.0,0.0,0.0
ESP-La Liga,2223,Elche,Josan,ESP,"DF,MF",32,1989,26,9,1078,12.0,1,3,4,1,0,0,3,0,0.08,0.25,0.33,0.08,0.33
ESP-La Liga,2223,Elche,Lautaro Blanco,ARG,"DF,MF",23,1999,17,9,872,9.7,0,2,2,0,0,0,2,0,0.0,0.21,0.21,0.0,0.21
ESP-La Liga,2223,Elche,Lisandro Magallán,ARG,DF,28,1993,14,11,902,10.0,0,0,0,0,0,0,0,1,0.0,0.0,0.0,0.0,0.0
ESP-La Liga,2223,Elche,Lucas Boyé,ARG,FW,26,1996,35,29,2462,27.4,7,2,9,7,0,1,7,1,0.26,0.07,0.33,0.26,0.33
ESP-La Liga,2223,Elche,Nicolás Fernández,ARG,"MF,DF",22,2000,18,3,514,5.7,0,1,1,0,0,0,2,0,0.0,0.18,0.18,0.0,0.18
ESP-La Liga,2223,Elche,Omar Mascarell,EQG,"MF,DF",29,1993,28,28,2447,27.2,0,1,1,0,0,0,6,0,0.0,0.04,0.04,0.0,0.04
ESP-La Liga,2223,Elche,Pape Cheikh Diop,SEN,MF,24,1997,2,0,37,0.4,0,0,0,0,0,0,1,1,0.0,0.0,0.0,0.0,0.0
ESP-La Liga,2223,Elche,Pedro Bigas,ESP,DF,31,1990,28,25,2020,22.4,0,0,0,0,0,0,4,2,0.0,0.0,0.0,0.0,0.0
ESP-La Liga,2223,Elche,Pere Milla,ESP,"FW,MF",29,1992,31,21,1843,20.5,6,1,7,3,3,3,7,0,0.29,0.05,0.34,0.15,0.2
ESP-La Liga,2223,Elche,Pol Lirola,ESP,DF,24,1997,12,7,628,7.0,1,0,1,1,0,0,1,0,0.14,0.0,0.14,0.14,0.14
ESP-La Liga,2223,Elche,Randy Nteka,ANG,"FW,MF",24,1997,14,10,726,8.1,0,0,0,0,0,0,1,0,0.0,0.0,0.0,0.0,0.0
ESP-La Liga,2223,Elche,Raúl Guti,ESP,MF,25,1996,28,12,1117,12.4,0,0,0,0,0,0,1,0,0.0,0.0,0.0,0.0,0.0
ESP-La Liga,2223,Elche,Roger Martí,ESP,"FW,MF",31,1991,12,8,655,7.3,0,1,1,0,0,0,2,0,0.0,0.14,0.14,0.0,0.14
ESP-La Liga,2223,Elche,Tete Morente,ESP,"MF,FW",25,1996,32,23,2068,23.0,4,0,4,4,0,0,5,0,0.17,0.0,0.17,0.17,0.17
ESP-La Liga,2223,Elche,Álex Collado,ESP,MF,23,1999,15,8,722,8.0,1,1,2,1,0,0,1,0,0.12,0.12,0.25,0.12,0.25
ESP-La Liga,2223,Elche,Édgar Badía,ESP,GK,30,1992,36,36,3240,36.0,0,0,0,0,0,0,2,0,0.0,0.0,0.0,0.0,0.0
ESP-La Liga,2223,Espanyol,Adri Embarba,ESP,"FW,MF",30,1992,1,0,35,0.4,0,0,0,0,0,0,0,0,0.0,0.0,0.0,0.0,0.0
ESP-La Liga,2223,Espanyol,Adrià Pedrosa,ESP,DF,24,1998,7,2,229,2.5,0,0,0,0,0,0,0,0,0.0,0.0,0.0,0.0,0.0
ESP-La Liga,2223,Espanyol,Aleix Vidal,ESP,"MF,FW",32,1989,25,10,1025,11.4,0,3,3,0,0,0,10,1,0.0,0.26,0.26,0.0,0.26
ESP-La Liga,2223,Espanyol,Benjamin Lecomte,FRA,GK,31,1991,10,10,899,10.0,0,0,0,0,0,0,1,1,0.0,0.0,0.0,0.0,0.0
ESP-La Liga,2223,Espanyol,Brian Oliván,ESP,DF,28,1994,30,29,2403,26.7,1,7,8,1,0,0,7,0,0.04,0.26,0.3,0.04,0.3
ESP-La Liga,2223,Espanyol,César Montes,MEX,DF,25,1997,20,18,1590,17.7,3,0,3,3,0,0,6,0,0.17,0.0,0.17,0.17,0.17
ESP-La Liga,2223,Espanyol,Dani Gómez,ESP,FW,24,1998,8,0,88,1.0,0,0,0,0,0,0,2,0,0.0,0.0,0.0,0.0,0.0
ESP-La Liga,2223,Espanyol,Denis Suárez,ESP,MF,28,1994,18,11,945,10.5,0,0,0,0,0,0,2,0,0.0,0.0,0.0,0.0,0.0
ESP-La Liga,2223,Espanyol,Edu Expósito,ESP,MF,25,1996,28,13,1160,12.9,2,2,4,2,0,0,3,1,0.16,0.16,0.31,0.16,0.31
ESP-La Liga,2223,Espanyol,Fernando Calero,ESP,"DF,MF",26,1995,27,20,1611,17.9,0,1,1,0,0,0,6,0,0.0,0.06,0.06,0.0,0.06
ESP-La Liga,2223,Espanyol,Fernando Pacheco,ESP,GK,30,1992,16,16,1440,16.0,0,0,0,0,0,0,0,0,0.0,0.0,0.0,0.0,0.0
ESP-La Liga,2223,Espanyol,Javi Puado,ESP,"MF,FW",24,1998,37,25,2340,26.0,7,2,9,7,0,0,4,0,0.27,0.08,0.35,0.27,0.35
ESP-La Liga,2223,Espanyol,Joan García,ESP,GK,21,2001,1,1,90,1.0,0,0,0,0,0,0,0,0,0.0,0.0,0.0,0.0,0.0
ESP-La Liga,2223,Espanyol,Joselu,ESP,FW,32,1990,34,33,2990,33.2,16,2,18,11,5,5,2,0,0.48,0.06,0.54,0.33,0.39
ESP-La Liga,2223,Espanyol,José Carlos Lazo,ESP,MF,26,1996,10,0,159,1.8,1,1,2,1,0,0,0,0,0.57,0.57,1.13,0.57,1.13
ESP-La Liga,2223,Espanyol,José Gragera,ESP,"MF,DF",21,2000,9,5,460,5.1,1,0,1,1,0,0,2,0,0.2,0.0,0.2,0.2,0.2
ESP-La Liga,2223,Espanyol,Keidi Bare,ALB,MF,24,1997,18,4,503,5.6,0,1,1,0,0,0,0,0,0.0,0.18,0.18,0.0,0.18
ESP-La Liga,2223,Espanyol,Leandro Cabrera,URU,DF,31,1991,32,31,2669,29.7,0,1,1,0,0,0,10,2,0.0,0.03,0.03,0.0,0.03
ESP-La Liga,2223,Espanyol,Luca Koleosho,ITA,MF,17,2004,4,0,59,0.7,1,0,1,1,0,0,0,0,1.53,0.0,1.53,1.53,1.53
ESP-La Liga,2223,Espanyol,Martin Braithwaite,DEN,"FW,MF",31,1991,31,29,2456,27.3,10,2,12,10,0,0,5,1,0.37,0.07,0.44,0.37,0.44
ESP-La Liga,2223,Espanyol,Nabil Touaizi,MAR,MF,21,2001,1,0,3,0.0,0,0,0,0,0,0,0,0,0.0,0.0,0.0,0.0,0.0
ESP-La Liga,2223,Espanyol,Nico Ribaudo,ESP,"MF,FW",21,2001,32,16,1248,13.9,1,2,3,1,0,0,4,0,0.07,0.14,0.22,0.07,0.22
ESP-La Liga,2223,Espanyol,Omar El Hilali,MAR,DF,18,2003,5,1,92,1.0,0,0,0,0,0,0,1,0,0.0,0.0,0.0,0.0,0.0
ESP-La Liga,2223,Espanyol,Pol Lozano,ESP,MF,22,1999,4,0,17,0.2,0,0,0,0,0,0,1,0,0.0,0.0,0.0,0.0,0.0
ESP-La Liga,2223,Espanyol,Roger Martínez,ESP,MF,18,2004,1,0,7,0.1,0,0,0,0,0,0,0,0,0.0,0.0,0.0,0.0,0.0
ESP-La Liga,2223,Espanyol,Ronaël Pierre-Gabriel,FRA,DF,24,1998,8,2,236,2.6,1,0,1,1,0,0,2,1,0.38,0.0,0.38,0.38,0.38
ESP-La Liga,2223,Espanyol,Rubén,ESP,"MF,DF",21,2001,18,9,888,9.9,0,2,2,0,0,0,1,0,0.0,0.2,0.2,0.0,0.2
ESP-La Liga,2223,Espanyol,Sergi Darder,ESP,MF,28,1993,38,38,3320,36.9,6,3,9,6,0,0,4,0,0.16,0.08,0.24,0.16,0.24
ESP-La Liga,2223,Espanyol,Sergi Gómez,ESP,DF,30,1992,29,26,2339,26.0,0,0,0,0,0,0,1,2,0.0,0.0,0.0,0.0,0.0
ESP-La Liga,2223,Espanyol,Simo,ESP,DF,17,2005,7,0,148,1.6,0,0,0,0,0,0,0,0,0.0,0.0,0.0,0.0,0.0
ESP-La Liga,2223,Espanyol,Vinicius Souza,BRA,MF,23,1999,34,27,2428,27.0,1,1,2,1,0,0,10,1,0.04,0.04,0.07,0.04,0.07
ESP-La Liga,2223,Espanyol,Álvaro Fernández,ESP,GK,24,1998,11,11,990,11.0,0,0,0,0,0,0,1,0,0.0,0.0,0.0,0.0,0.0
ESP-La Liga,2223,Espanyol,Óscar Gil,ESP,DF,25,1997,33,31,2559,28.4,0,1,1,0,0,0,14,0,0.0,0.04,0.04,0.0,0.04
ESP-La Liga,2223,Getafe,Alejandro Revuelta Montero,ESP,DF,22,2000,1,0,1,0.0,0,0,0,0,0,0,0,0,0.0,0.0,0.0,0.0,0.0
ESP-La Liga,2223,Getafe,Borja Mayoral,ESP,FW,25,1997,35,33,2759,30.7,8,2,10,8,0,2,4,0,0.26,0.07,0.33,0.26,0.33
ESP-La Liga,2223,Getafe,Carles Aleñá,ESP,"MF,FW",24,1998,35,26,2119,23.5,2,2,4,2,0,0,12,1,0.08,0.08,0.17,0.08,0.17
ESP-La Liga,2223,Getafe,Damián Suárez,URU,"DF,MF",34,1988,28,26,1946,21.6,1,1,2,1,0,0,7,0,0.05,0.05,0.09,0.05,0.09
ESP-La Liga,2223,Getafe,David Soria,ESP,GK,29,1993,38,38,3420,38.0,0,0,0,0,0,0,2,0,0.0,0.0,0.0,0.0,0.0
ESP-La Liga,2223,Getafe,Djené,TOG,DF,30,1991,33,33,2840,31.6,0,1,1,0,0,0,10,1,0.0,0.03,0.03,0.0,0.03
ESP-La Liga,2223,Getafe,Domingos Duarte,POR,DF,27,1995,31,30,2657,29.5,0,2,2,0,0,0,11,1,0.0,0.07,0.07,0.0,0.07
ESP-La Liga,2223,Getafe,Enes Ünal,TUR,FW,25,1997,35,35,2970,33.0,14,3,17,9,5,6,6,0,0.42,0.09,0.52,0.27,0.36
ESP-La Liga,2223,Getafe,Fabrizio Angileri,ARG,DF,28,1994,15,7,585,6.5,0,0,0,0,0,0,2,1,0.0,0.0,0.0,0.0,0.0
ESP-La Liga,2223,Getafe,Gastón Álvarez,URU,DF,22,2000,22,16,1501,16.7,2,0,2,2,0,0,7,1,0.12,0.0,0.12,0.12,0.12
ESP-La Liga,2223,Getafe,Gonzalo Villar,ESP,MF,24,1998,16,3,457,5.1,0,0,0,0,0,0,5,0,0.0,0.0,0.0,0.0,0.0
ESP-La Liga,2223,Getafe,Iglesias,ESP,DF,24,1998,32,21,2146,23.8,1,0,1,1,0,0,7,0,0.04,0.0,0.04,0.04,0.04
ESP-La Liga,2223,Getafe,Jaime Mata,ESP,"FW,MF",33,1988,18,5,437,4.9,1,1,2,1,0,0,5,0,0.21,0.21,0.41,0.21,0.41
ESP-La Liga,2223,Getafe,Jaime Seoane,ESP,MF,25,1997,16,2,326,3.6,0,0,0,0,0,0,1,0,0.0,0.0,0.0,0.0,0.0
ESP-La Liga,2223,Getafe,Jordan Amavi,FRA,DF,28,1994,5,1,200,2.2,0,0,0,0,0,0,2,1,0.0,0.0,0.0,0.0,0.0
ESP-La Liga,2223,Getafe,Juanmi Latasa,ESP,FW,21,2001,18,2,448,5.0,1,0,1,1,0,0,2,0,0.2,0.0,0.2,0.2,0.2
ESP-La Liga,2223,Getafe,Luis Milla,ESP,MF,27,1994,27,22,1856,20.6,0,3,3,0,0,0,6,1,0.0,0.15,0.15,0.0,0.15
ESP-La Liga,2223,Getafe,Mauro Arambarri,URU,MF,26,1995,13,13,992,11.0,0,1,1,0,0,0,5,1,0.0,0.09,0.09,0.0,0.09
ESP-La Liga,2223,Getafe,Moises Parra Gutierrez,ESP,MF,20,2002,1,0,10,0.1,0,0,0,0,0,0,0,0,0.0,0.0,0.0,0.0,0.0
ESP-La Liga,2223,Getafe,Munir El Haddadi,MAR,"MF,FW",26,1995,28,10,1150,12.8,3,1,4,3,0,0,4,0,0.23,0.08,0.31,0.23,0.31
ESP-La Liga,2223,Getafe,Nemanja Maksimović,SRB,MF,27,1995,29,26,2053,22.8,0,0,0,0,0,0,3,0,0.0,0.0,0.0,0.0,0.0
ESP-La Liga,2223,Getafe,Omar Alderete,PAR,DF,25,1996,25,23,2047,22.7,1,1,2,1,0,0,9,0,0.04,0.04,0.09,0.04,0.09
ESP-La Liga,2223,Getafe,Portu,ESP,"MF,DF",30,1992,34,17,1770,19.7,0,3,3,0,0,0,7,1,0.0,0.15,0.15,0.0,0.15
ESP-La Liga,2223,Getafe,Stefan Mitrović,SRB,DF,32,1990,22,18,1680,18.7,0,0,0,0,0,0,5,0,0.0,0.0,0.0,0.0,0.0
ESP-La Liga,2223,Getafe,Ángel Algobia,ESP,MF,23,1999,26,11,1138,12.6,0,0,0,0,0,0,3,0,0.0,0.0,0.0,0.0,0.0
ESP-La Liga,2223,Girona,Aleix García,ESP,MF,25,1997,30,26,2337,26.0,1,5,6,1,0,0,1,0,0.04,0.19,0.23,0.04,0.23
ESP-La Liga,2223,Girona,Alexander Callens,PER,DF,30,1992,6,0,120,1.3,0,0,0,0,0,0,1,0,0.0,0.0,0.0,0.0,0.0
ESP-La Liga,2223,Girona,Arnau Martinez,ESP,DF,19,2003,33,32,2732,30.4,3,4,7,3,0,0,11,0,0.1,0.13,0.23,0.1,0.23
ESP-La Liga,2223,Girona,Bernardo Espinosa,COL,DF,33,1989,20,14,1225,13.6,1,1,2,1,0,0,5,0,0.07,0.07,0.15,0.07,0.15
ESP-La Liga,2223,Girona,Borja García,ESP,"MF,FW",31,1990,11,10,679,7.5,1,0,1,1,0,0,1,0,0.13,0.0,0.13,0.13,0.13
ESP-La Liga,2223,Girona,Cristhian Stuani,URU,FW,35,1986,32,8,1090,12.1,9,0,9,4,5,6,8,0,0.74,0.0,0.74,0.33,0.33
ESP-La Liga,2223,Girona,David López,ESP,"DF,MF",32,1989,20,19,1652,18.4,3,1,4,3,0,0,5,0,0.16,0.05,0.22,0.16,0.22
ESP-La Liga,2223,Girona,Iván Martín,ESP,MF,23,1999,24,18,1586,17.6,3,3,6,3,0,0,2,0,0.17,0.17,0.34,0.17,0.34
ESP-La Liga,2223,Girona,Javi Hernández,ESP,DF,24,1998,25,13,1116,12.4,1,2,3,1,0,0,3,0,0.08,0.16,0.24,0.08,0.24
ESP-La Liga,2223,Girona,Joel Roca,ESP,FW,17,2005,5,0,84,0.9,0,0,0,0,0,0,1,0,0.0,0.0,0.0,0.0,0.0
ESP-La Liga,2223,Girona,Juan Carlos,ESP,GK,34,1988,10,10,900,10.0,0,0,0,0,0,0,0,0,0.0,0.0,0.0,0.0,0.0
ESP-La Liga,2223,Girona,Juanpe,ESP,DF,31,1991,19,17,1426,15.8,1,0,1,1,0,0,3,0,0.06,0.0,0.06,0.06,0.06
ESP-La Liga,2223,Girona,Manu Vallejo,ESP,"MF,FW",25,1997,7,2,206,2.3,0,1,1,0,0,0,0,0,0.0,0.44,0.44,0.0,0.44
ESP-La Liga,2223,Girona,Miguel Gutiérrez,ESP,"DF,MF",21,2001,34,27,2390,26.6,2,3,5,2,0,0,6,0,0.08,0.11,0.19,0.08,0.19
ESP-La Liga,2223,Girona,Oriol Romeu,ESP,MF,30,1991,33,33,2950,32.8,2,0,2,2,0,0,10,1,0.06,0.0,0.06,0.06,0.06
ESP-La Liga,2223,Girona,Oscar Ureña,DOM,MF,19,2003,3,1,100,1.1,0,0,0,0,0,0,0,0,0.0,0.0,0.0,0.0,0.0
ESP-La Liga,2223,Girona,Paulo Gazzaniga,ARG,GK,30,1992,28,28,2520,28.0,0,0,0,0,0,0,4,0,0.0,0.0,0.0,0.0,0.0
ESP-La Liga,2223,Girona,Ramón Terrats,ESP,MF,21,2000,8,2,212,2.4,0,0,0,0,0,0,0,0,0.0,0.0,0.0,0.0,0.0
ESP-La Liga,2223,Girona,Reinier,BRA,"MF,FW",20,2002,18,5,647,7.2,2,1,3,2,0,0,1,1,0.28,0.14,0.42,0.28,0.42
ESP-La Liga,2223,Girona,Ricard Artero,ESP,MF,19,2003,7,0,133,1.5,0,0,0,0,0,0,0,0,0.0,0.0,0.0,0.0,0.0
ESP-La Liga,2223,Girona,Rodrigo Riquelme,ESP,"MF,FW",22,2000,34,25,2179,24.2,4,4,8,4,0,0,1,0,0.17,0.17,0.33,0.17,0.33
ESP-La Liga,2223,Girona,Samuel Sáiz,ESP,MF,31,1991,8,1,240,2.7,2,0,2,0,2,2,1,0,0.75,0.0,0.75,0.0,0.0
ESP-La Liga,2223,Girona,Santiago Bueno,URU,DF,23,1998,34,34,3010,33.4,0,1,1,0,0,0,7,1,0.0,0.03,0.03,0.0,0.03
ESP-La Liga,2223,Girona,Toni Villa,ESP,MF,27,1995,24,12,895,9.9,1,3,4,1,0,0,2,0,0.1,0.3,0.4,0.1,0.4
ESP-La Liga,2223,Girona,Valentín Castellanos,ARG,FW,23,1998,35,33,2597,28.9,13,0,13,12,1,1,11,0,0.45,0.0,0.45,0.42,0.42
ESP-La Liga,2223,Girona,Valery Fernández,ESP,"MF,DF",22,1999,25,7,967,10.7,0,2,2,0,0,0,1,0,0.0,0.19,0.19,0.0,0.19
ESP-La Liga,2223,Girona,Viktor Tsyhankov,UKR,MF,24,1997,19,17,1489,16.5,3,6,9,3,0,0,0,0,0.18,0.36,0.54,0.18,0.54
ESP-La Liga,2223,Girona,Yan Couto,BRA,"MF,DF",20,2002,25,12,1158,12.9,1,2,3,1,0,0,3,0,0.08,0.16,0.23,0.08,0.23
ESP-La Liga,2223,Girona,Yangel Herrera,VEN,MF,24,1998,20,12,963,10.7,2,2,4,2,0,0,4,0,0.19,0.19,0.37,0.19,0.37
ESP-La Liga,2223,Mallorca,Abdón Prats,ESP,FW,29,1992,26,2,416,4.6,1,1,2,1,0,0,1,0,0.22,0.22,0.43,0.22,0.43
ESP-La Liga,2223,Mallorca,Amath,SEN,"MF,FW",26,1996,28,12,1227,13.6,2,0,2,2,0,0,2,1,0.15,0.0,0.15,0.15,0.15
ESP-La Liga,2223,Mallorca,Antonio Raillo,ESP,DF,30,1991,31,31,2766,30.7,2,3,5,2,0,0,11,1,0.07,0.1,0.16,0.07,0.16
ESP-La Liga,2223,Mallorca,Antonio Sánchez,ESP,"MF,DF",25,1997,32,11,1076,12.0,0,0,0,0,0,0,5,0,0.0,0.0,0.0,0.0,0.0
ESP-La Liga,2223,Mallorca,Braian Cufré,ARG,"MF,DF",25,1996,5,2,220,2.4,0,0,0,0,0,0,0,0,0.0,0.0,0.0,0.0,0.0
ESP-La Liga,2223,Mallorca,Clément Grenier,FRA,MF,31,1991,21,6,718,8.0,0,0,0,0,0,0,7,0,0.0,0.0,0.0,0.0,0.0
ESP-La Liga,2223,Mallorca,Copete,ESP,DF,22,1999,28,27,2206,24.5,1,0,1,1,0,0,7,1,0.04,0.0,0.04,0.04,0.04
ESP-La Liga,2223,Mallorca,Dani Rodríguez,ESP,MF,34,1988,35,26,2100,23.3,3,6,9,3,0,0,8,0,0.13,0.26,0.39,0.13,0.39
ESP-La Liga,2223,Mallorca,Dennis Hadžikadunić,BIH,DF,24,1998,8,7,614,6.8,0,0,0,0,0,0,1,0,0.0,0.0,0.0,0.0,0.0
ESP-La Liga,2223,Mallorca,Dominik Greif,SVK,GK,25,1997,1,1,90,1.0,0,0,0,0,0,0,0,0,0.0,0.0,0.0,0.0,0.0
ESP-La Liga,2223,Mallorca,Franco Russo,ARG,DF,27,1994,3,2,145,1.6,0,0,0,0,0,0,0,0,0.0,0.0,0.0,0.0,0.0
ESP-La Liga,2223,Mallorca,Giovanni González,URU,"DF,MF",27,1994,15,9,926,10.3,0,2,2,0,0,0,5,0,0.0,0.19,0.19,0.0,0.19
ESP-La Liga,2223,Mallorca,Iddrisu Baba,GHA,MF,26,1996,29,20,1705,18.9,0,0,0,0,0,0,5,0,0.0,0.0,0.0,0.0,0.0
ESP-La Liga,2223,Mallorca,Iñigo Ruiz de Galarreta,ESP,MF,28,1993,30,28,2449,27.2,0,1,1,0,0,0,12,0,0.0,0.04,0.04,0.0,0.04
ESP-La Liga,2223,Mallorca,Jaume Costa,ESP,DF,34,1988,32,30,2599,28.9,0,1,1,0,0,0,10,0,0.0,0.03,0.03,0.0,0.03
ESP-La Liga,2223,Mallorca,Javier Llabrés,ESP,MF,19,2002,1,0,17,0.2,0,0,0,0,0,0,0,0,0.0,0.0,0.0,0.0,0.0
ESP-La Liga,2223,Mallorca,Josep Antoni Gayá,ESP,DF,22,2000,2,1,98,1.1,0,0,0,0,0,0,0,0,0.0,0.0,0.0,0.0,0.0
ESP-La Liga,2223,Mallorca,Lago Junior,CIV,"FW,MF",31,1990,5,0,52,0.6,0,0,0,0,0,0,0,0,0.0,0.0,0.0,0.0,0.0
ESP-La Liga,2223,Mallorca,Lee Kang-in,KOR,"MF,FW",21,2001,36,33,2823,31.4,6,6,12,6,0,0,10,0,0.19,0.19,0.38,0.19,0.38
ESP-La Liga,2223,Mallorca,Leo Román,ESP,GK,22,2000,1,1,90,1.0,0,0,0,0,0,0,0,0,0.0,0.0,0.0,0.0,0.0
ESP-La Liga,2223,Mallorca,Ludwig Augustinsson,SWE,DF,28,1994,4,1,132,1.5,0,0,0,0,0,0,0,0,0.0,0.0,0.0,0.0,0.0
ESP-La Liga,2223,Mallorca,Manu Morlanes,ESP,MF,23,1999,12,9,706,7.8,1,0,1,1,0,0,3,0,0.13,0.0,0.13,0.13,0.13
ESP-La Liga,2223,Mallorca,Martin Valjent,SVK,DF,26,1995,30,30,2656,29.5,0,0,0,0,0,0,8,0,0.0,0.0,0.0,0.0,0.0
ESP-La Liga,2223,Mallorca,Matija Nastasić,SRB,DF,29,1993,14,10,906,10.1,1,0,1,1,0,0,3,0,0.1,0.0,0.1,0.1,0.1
ESP-La Liga,2223,Mallorca,Pablo Maffeo,ESP,DF,25,1997,35,34,2975,33.1,2,4,6,2,0,0,6,1,0.06,0.12,0.18,0.06,0.18
ESP-La Liga,2223,Mallorca,Predrag Rajković,SRB,GK,26,1995,36,36,3240,36.0,0,0,0,0,0,0,3,0,0.0,0.0,0.0,0.0,0.0
ESP-La Liga,2223,Mallorca,Rodrigo Battaglia,ARG,MF,31,1991,15,8,686,7.6,0,0,0,0,0,0,5,0,0.0,0.0,0.0,0.0,0.0
ESP-La Liga,2223,Mallorca,Rubén Quintanilla,ESP,MF,20,2002,1,0,4,0.0,0,0,0,0,0,0,0,0,0.0,0.0,0.0,0.0,0.0
ESP-La Liga,2223,Mallorca,Tino Kadewere,ZIM,"FW,MF",26,1996,15,5,542,6.0,1,0,1,1,0,0,1,0,0.17,0.0,0.17,0.17,0.17
ESP-La Liga,2223,Mallorca,Vedat Muriqi,KVX,FW,28,1994,35,34,2937,32.6,15,3,18,11,4,5,6,1,0.46,0.09,0.55,0.34,0.43
ESP-La Liga,2223,Mallorca,Ángel Rodríguez,ESP,FW,35,1987,17,2,394,4.4,1,0,1,1,0,0,1,0,0.23,0.0,0.23,0.23,0.23
ESP-La Liga,2223,Osasuna,Abde Ezzalzouli,MAR,"FW,MF",20,2001,28,19,1504,16.7,4,2,6,4,0,0,4,2,0.24,0.12,0.36,0.24,0.36
ESP-La Liga,2223,Osasuna,Aimar Oroz,ESP,"MF,FW",20,2001,31,23,2013,22.4,3,6,9,2,1,1,6,0,0.13,0.27,0.4,0.09,0.36
ESP-La Liga,2223,Osasuna,Aitor Fernández,ESP,GK,31,1991,21,21,1890,21.0,0,0,0,0,0,0,1,0,0.0,0.0,0.0,0.0,0.0
ESP-La Liga,2223,Osasuna,Ante Budimir,CRO,FW,31,1991,31,22,1798,20.0,8,0,8,8,0,0,5,0,0.4,0.0,0.4,0.4,0.4
ESP-La Liga,2223,Osasuna,Aridane Hernández,ESP,DF,33,1989,23,20,1793,19.9,0,1,1,0,0,0,1,0,0.0,0.05,0.05,0.0,0.05
ESP-La Liga,2223,Osasuna,Darko Brašanac,SRB,MF,30,1992,25,9,1041,11.6,1,1,2,1,0,0,5,0,0.09,0.09,0.17,0.09,0.17
ESP-La Liga,2223,Osasuna,David García,ESP,DF,28,1994,32,31,2680,29.8,2,0,2,2,0,0,8,1,0.07,0.0,0.07,0.07,0.07
ESP-La Liga,2223,Osasuna,Diego Moreno,ESP,DF,21,2001,11,7,638,7.1,0,0,0,0,0,0,1,0,0.0,0.0,0.0,0.0,0.0
ESP-La Liga,2223,Osasuna,Ezequiel Ávila,ARG,"FW,MF",28,1994,29,23,1709,19.0,8,2,10,6,2,3,7,1,0.42,0.11,0.53,0.32,0.42
ESP-La Liga,2223,Osasuna,Iker Benito,ESP,MF,19,2002,4,2,176,2.0,0,0,0,0,0,0,0,0,0.0,0.0,0.0,0.0,0.0
ESP-La Liga,2223,Osasuna,Iker Muñoz,ESP,MF,19,2002,8,2,254,2.8,0,0,0,0,0,0,0,0,0.0,0.0,0.0,0.0,0.0
ESP-La Liga,2223,Osasuna,Jon Moncayola,ESP,"MF,DF",24,1998,37,25,2448,27.2,1,3,4,1,0,0,6,0,0.04,0.11,0.15,0.04,0.15
ESP-La Liga,2223,Osasuna,Jorge Herrando,ESP,DF,21,2001,1,1,25,0.3,0,0,0,0,0,0,0,1,0.0,0.0,0.0,0.0,0.0
ESP-La Liga,2223,Osasuna,Juan Cruz Armada,ESP,DF,30,1992,27,21,2062,22.9,0,0,0,0,0,0,7,0,0.0,0.0,0.0,0.0,0.0
ESP-La Liga,2223,Osasuna,Kike Barja,ESP,"FW,MF",25,1997,27,15,1312,14.6,1,6,7,1,0,0,1,0,0.07,0.41,0.48,0.07,0.48
ESP-La Liga,2223,Osasuna,Kiké,ESP,FW,32,1989,35,7,1021,11.3,2,0,2,1,1,1,5,0,0.18,0.0,0.18,0.09,0.09
ESP-La Liga,2223,Osasuna,Lucas Torró,ESP,MF,28,1994,33,31,2477,27.5,1,0,1,1,0,0,10,0,0.04,0.0,0.04,0.04,0.04
ESP-La Liga,2223,Osasuna,Manu Sánchez,ESP,DF,21,2000,31,22,2124,23.6,0,2,2,0,0,0,3,0,0.0,0.08,0.08,0.0,0.08
ESP-La Liga,2223,Osasuna,Moi Gómez,ESP,MF,28,1994,33,28,2453,27.3,3,2,5,3,0,0,5,0,0.11,0.07,0.18,0.11,0.18
ESP-La Liga,2223,Osasuna,Nacho Vidal,ESP,DF,27,1995,20,15,1247,13.9,0,0,0,0,0,0,4,0,0.0,0.0,0.0,0.0,0.0
ESP-La Liga,2223,Osasuna,Pablo Ibáñez,ESP,MF,23,1998,25,12,1064,11.8,0,1,1,0,0,0,1,0,0.0,0.08,0.08,0.0,0.08
ESP-La Liga,2223,Osasuna,Roberto Torres,ESP,MF,33,1989,2,0,11,0.1,0,0,0,0,0,0,0,0,0.0,0.0,0.0,0.0,0.0
ESP-La Liga,2223,Osasuna,Rubén García,ESP,"MF,FW",29,1993,29,11,1159,12.9,2,2,4,2,0,0,2,0,0.16,0.16,0.31,0.16,0.31
ESP-La Liga,2223,Osasuna,Rubén Peña,ESP,"DF,MF",31,1991,20,14,1277,14.2,0,1,1,0,0,0,2,1,0.0,0.07,0.07,0.0,0.07
ESP-La Liga,2223,Osasuna,Sergio Herrera,ESP,GK,29,1993,17,17,1530,17.0,0,0,0,0,0,0,3,0,0.0,0.0,0.0,0.0,0.0
ESP-La Liga,2223,Osasuna,Unai García,ESP,DF,30,1992,21,20,1713,19.0,0,1,1,0,0,0,6,1,0.0,0.05,0.05,0.0,0.05
ESP-La Liga,2223,Rayo Vallecano,Abdul Mumin,GHA,DF,24,1998,16,9,922,10.2,0,0,0,0,0,0,2,0,0.0,0.0,0.0,0.0,0.0
ESP-La Liga,2223,Rayo Vallecano,Andrés Martín,ESP,MF,23,1999,9,3,205,2.3,0,0,0,0,0,0,1,0,0.0,0.0,0.0,0.0,0.0
ESP-La Liga,2223,Rayo Vallecano,Bebé,CPV,"FW,MF",32,1990,4,0,60,0.7,0,0,0,0,0,0,1,0,0.0,0.0,0.0,0.0,0.0
ESP-La Liga,2223,Rayo Vallecano,Catena,ESP,DF,27,1994,35,35,3103,34.5,1,1,2,1,0,0,14,1,0.03,0.03,0.06,0.03,0.06
ESP-La Liga,2223,Rayo Vallecano,Diego López,ESP,GK,40,1981,2,1,96,1.1,0,0,0,0,0,0,0,0,0.0,0.0,0.0,0.0,0.0
ESP-La Liga,2223,Rayo Vallecano,Diego Méndez,ESP,MF,18,2003,1,0,1,0.0,0,0,0,0,0,0,0,0,0.0,0.0,0.0,0.0,0.0
ESP-La Liga,2223,Rayo Vallecano,Esteban Saveljich,MNE,DF,31,1991,1,0,1,0.0,0,0,0,0,0,0,1,0,0.0,0.0,0.0,0.0,0.0
ESP-La Liga,2223,Rayo Vallecano,Florian Lejeune,FRA,DF,31,1991,31,31,2565,28.5,4,0,4,4,0,0,6,3,0.14,0.0,0.14,0.14,0.14
ESP-La Liga,2223,Rayo Vallecano,Fran Garcia,ESP,DF,22,1999,38,38,3407,37.9,2,3,5,2,0,0,1,0,0.05,0.08,0.13,0.05,0.13
ESP-La Liga,2223,Rayo Vallecano,Isaac Palazón Camacho,ESP,MF,27,1994,37,36,2965,32.9,9,5,14,8,1,3,4,0,0.27,0.15,0.42,0.24,0.39
ESP-La Liga,2223,Rayo Vallecano,Iván Balliu,ALB,DF,30,1992,37,37,3232,35.9,0,0,0,0,0,0,6,0,0.0,0.0,0.0,0.0,0.0
ESP-La Liga,2223,Rayo Vallecano,José Pozo,ESP,MF,26,1996,8,1,88,1.0,0,0,0,0,0,0,0,0,0.0,0.0,0.0,0.0,0.0
ESP-La Liga,2223,Rayo Vallecano,Mario Hernández,ESP,DF,23,1999,3,1,103,1.1,0,0,0,0,0,0,1,0,0.0,0.0,0.0,0.0,0.0
ESP-La Liga,2223,Rayo Vallecano,Mario Suárez,ESP,MF,35,1987,2,0,12,0.1,0,0,0,0,0,0,0,1,0.0,0.0,0.0,0.0,0.0
ESP-La Liga,2223,Rayo Vallecano,Pablo Muñoz,ESP,MF,18,2003,2,0,12,0.1,0,0,0,0,0,0,0,0,0.0,0.0,0.0,0.0,0.0
ESP-La Liga,2223,Rayo Vallecano,Pathé Ciss,SEN,MF,28,1994,32,12,1282,14.2,1,0,1,1,0,0,4,0,0.07,0.0,0.07,0.07,0.07
ESP-La Liga,2223,Rayo Vallecano,Pep Chavarría,ESP,MF,24,1998,16,2,366,4.1,0,2,2,0,0,0,1,0,0.0,0.49,0.49,0.0,0.49
ESP-La Liga,2223,Rayo Vallecano,Radamel Falcao,COL,FW,36,1986,27,3,616,6.8,2,0,2,1,1,1,4,0,0.29,0.0,0.29,0.15,0.15
ESP-La Liga,2223,Rayo Vallecano,Randy Nteka,ANG,"FW,MF",24,1997,10,0,116,1.3,0,0,0,0,0,0,0,1,0.0,0.0,0.0,0.0,0.0
ESP-La Liga,2223,Rayo Vallecano,Raúl de Tomás,ESP,FW,27,1994,19,9,805,8.9,4,0,4,3,1,2,2,0,0.45,0.0,0.45,0.34,0.34
ESP-La Liga,2223,Rayo Vallecano,Salvi,ESP,MF,31,1991,24,4,490,5.4,0,0,0,0,0,0,2,0,0.0,0.0,0.0,0.0,0.0
ESP-La Liga,2223,Rayo Vallecano,Santi Comesaña,ESP,MF,25,1996,35,29,2451,27.2,3,2,5,3,0,0,6,0,0.11,0.07,0.18,0.11,0.18
ESP-La Liga,2223,Rayo Vallecano,Sergio Camello,ESP,FW,21,2001,38,27,2401,26.7,6,5,11,6,0,0,1,0,0.22,0.19,0.41,0.22,0.41
ESP-La Liga,2223,Rayo Vallecano,Stole Dimitrievski,MKD,GK,28,1993,37,37,3324,36.9,0,0,0,0,0,0,4,0,0.0,0.0,0.0,0.0,0.0
ESP-La Liga,2223,Rayo Vallecano,Unai López,ESP,MF,26,1995,34,12,1254,13.9,1,2,3,1,0,0,2,0,0.07,0.14,0.22,0.07,0.22
ESP-La Liga,2223,Rayo Vallecano,Álvaro García,ESP,MF,29,1992,35,34,2870,31.9,5,5,10,5,0,0,7,0,0.16,0.16,0.31,0.16,0.31
ESP-La Liga,2223,Rayo Vallecano,Óscar Trejo,ARG,"MF,FW",34,1988,34,28,2145,23.8,3,4,7,2,1,2,9,0,0.13,0.17,0.29,0.08,0.25
ESP-La Liga,2223,Rayo Vallecano,Óscar Valentín,ESP,MF,27,1994,34,29,2555,28.4,0,0,0,0,0,0,11,0,0.0,0.0,0.0,0.0,0.0
ESP-La Liga,2223,Real Betis,Abner,BRA,DF,22,2000,13,7,607,6.7,0,0,0,0,0,0,2,0,0.0,0.0,0.0,0.0,0.0
ESP-La Liga,2223,Real Betis,Aitor Ruibal,ESP,"DF,MF",26,1996,26,15,1454,16.2,0,0,0,0,0,0,4,1,0.0,0.0,0.0,0.0,0.0
ESP-La Liga,2223,Real Betis,Andrés Guardado,MEX,MF,35,1986,26,16,1373,15.3,1,1,2,1,0,0,7,0,0.07,0.07,0.13,0.07,0.13
ESP-La Liga,2223,Real Betis,Ayoze Pérez,ESP,"MF,FW",29,1993,19,17,1386,15.4,3,1,4,3,0,0,3,0,0.19,0.06,0.26,0.19,0.26
ESP-La Liga,2223,Real Betis,Borja Iglesias,ESP,FW,29,1993,35,29,2365,26.3,15,3,18,10,5,6,2,1,0.57,0.11,0.68,0.38,0.49
ESP-La Liga,2223,Real Betis,Claudio Bravo,CHI,GK,39,1983,12,12,1080,12.0,0,0,0,0,0,0,2,0,0.0,0.0,0.0,0.0,0.0
ESP-La Liga,2223,Real Betis,Felix Garreta,ESP,DF,18,2004,1,1,90,1.0,0,0,0,0,0,0,0,0,0.0,0.0,0.0,0.0,0.0
ESP-La Liga,2223,Real Betis,Fran Delgado,ESP,DF,21,2001,1,0,12,0.1,0,0,0,0,0,0,0,0,0.0,0.0,0.0,0.0,0.0
ESP-La Liga,2223,Real Betis,Germán Pezzella,ARG,DF,31,1991,31,29,2511,27.9,0,0,0,0,0,0,4,3,0.0,0.0,0.0,0.0,0.0
ESP-La Liga,2223,Real Betis,Guido Rodríguez,ARG,MF,28,1994,34,33,2872,31.9,1,0,1,1,0,0,8,0,0.03,0.0,0.03,0.03,0.03
ESP-La Liga,2223,Real Betis,Joaquín,ESP,MF,41,1981,22,2,496,5.5,0,2,2,0,0,0,2,0,0.0,0.36,0.36,0.0,0.36
ESP-La Liga,2223,Real Betis,Juan Cruz,ESP,MF,22,2000,6,1,178,2.0,1,0,1,1,0,0,1,0,0.51,0.0,0.51,0.51,0.51
ESP-La Liga,2223,Real Betis,Juan Miranda,ESP,DF,22,2000,21,16,1472,16.4,3,2,5,3,0,0,1,1,0.18,0.12,0.31,0.18,0.31
ESP-La Liga,2223,Real Betis,Juanmi,ESP,MF,29,1993,22,9,925,10.3,4,0,4,4,0,0,3,0,0.39,0.0,0.39,0.39,0.39
ESP-La Liga,2223,Real Betis,Loren Morón,ESP,FW,28,1993,2,0,15,0.2,0,0,0,0,0,0,1,0,0.0,0.0,0.0,0.0,0.0
ESP-La Liga,2223,Real Betis,Luiz Felipe,ITA,DF,25,1997,23,22,1763,19.6,0,0,0,0,0,0,3,3,0.0,0.0,0.0,0.0,0.0
ESP-La Liga,2223,Real Betis,Luiz Henrique,BRA,MF,21,2001,33,21,1807,20.1,1,3,4,1,0,0,6,0,0.05,0.15,0.2,0.05,0.2
ESP-La Liga,2223,Real Betis,Martín Montoya,ESP,DF,31,1991,6,6,453,5.0,0,0,0,0,0,0,1,0,0.0,0.0,0.0,0.0,0.0
ESP-La Liga,2223,Real Betis,Nabil Fekir,FRA,MF,29,1993,15,12,961,10.7,2,2,4,1,1,1,4,1,0.19,0.19,0.37,0.09,0.28
ESP-La Liga,2223,Real Betis,Paul Akouokou,CIV,"MF,DF",24,1997,12,3,447,5.0,0,0,0,0,0,0,3,0,0.0,0.0,0.0,0.0,0.0
ESP-La Liga,2223,Real Betis,Roberto González,ESP,MF,21,2001,2,0,54,0.6,0,0,0,0,0,0,1,0,0.0,0.0,0.0,0.0,0.0
ESP-La Liga,2223,Real Betis,Rodri,ESP,MF,22,2000,30,19,1601,17.8,2,3,5,2,0,0,0,0,0.11,0.17,0.28,0.11,0.28
ESP-La Liga,2223,Real Betis,Rui Silva,POR,GK,28,1994,26,26,2340,26.0,0,0,0,0,0,0,2,0,0.0,0.0,0.0,0.0,0.0
ESP-La Liga,2223,Real Betis,Sergio Canales,ESP,MF,31,1991,31,28,2402,26.7,4,3,7,3,1,1,4,2,0.15,0.11,0.26,0.11,0.22
ESP-La Liga,2223,Real Betis,Víctor Ruiz,ESP,DF,33,1989,10,5,560,6.2,0,0,0,0,0,0,0,0,0.0,0.0,0.0,0.0,0.0
ESP-La Liga,2223,Real Betis,William Carvalho,POR,MF,30,1992,33,31,2438,27.1,3,1,4,3,0,0,6,1,0.11,0.04,0.15,0.11,0.15
ESP-La Liga,2223,Real Betis,Willian José,BRA,FW,30,1991,28,6,731,8.1,2,1,3,1,1,1,1,0,0.25,0.12,0.37,0.12,0.25
ESP-La Liga,2223,Real Betis,Youssouf Sabaly,SEN,DF,29,1993,23,19,1680,18.7,1,1,2,1,0,0,2,0,0.05,0.05,0.11,0.05,0.11
ESP-La Liga,2223,Real Betis,Álex Moreno,ESP,DF,29,1993,15,15,1350,15.0,0,3,3,0,0,0,1,0,0.0,0.2,0.2,0.0,0.2
ESP-La Liga,2223,Real Betis,Édgar González,ESP,DF,25,1997,25,18,1772,19.7,0,0,0,0,0,0,8,2,0.0,0.0,0.0,0.0,0.0
ESP-La Liga,2223,Real Madrid,Andriy Lunin,UKR,GK,23,1999,7,7,630,7.0,0,0,0,0,0,0,0,0,0.0,0.0,0.0,0.0,0.0
ESP-La Liga,2223,Real Madrid,Antonio Rüdiger,GER,DF,29,1993,33,26,2415,26.8,1,0,1,1,0,0,1,0,0.04,0.0,0.04,0.04,0.04
ESP-La Liga,2223,Real Madrid,Aurélien Tchouaméni,FRA,MF,22,2000,33,24,2119,23.5,0,4,4,0,0,0,2,0,0.0,0.17,0.17,0.0,0.17
ESP-La Liga,2223,Real Madrid,Casemiro,BRA,MF,30,1992,1,0,8,0.1,0,0,0,0,0,0,0,0,0.0,0.0,0.0,0.0,0.0
ESP-La Liga,2223,Real Madrid,Dani Carvajal,ESP,DF,30,1992,27,20,1784,19.8,0,2,2,0,0,0,8,1,0.0,0.1,0.1,0.0,0.1
ESP-La Liga,2223,Real Madrid,Dani Ceballos,ESP,MF,25,1996,30,19,1564,17.4,0,4,4,0,0,0,8,0,0.0,0.23,0.23,0.0,0.23
ESP-La Liga,2223,Real Madrid,David Alaba,AUT,DF,30,1992,23,21,1838,20.4,1,3,4,1,0,0,3,0,0.05,0.15,0.2,0.05,0.2
ESP-La Liga,2223,Real Madrid,Eden Hazard,BEL,FW,31,1991,6,2,196,2.2,0,1,1,0,0,1,0,0,0.0,0.46,0.46,0.0,0.46
ESP-La Liga,2223,Real Madrid,Eduardo Camavinga,FRA,"MF,DF",19,2002,37,21,2010,22.3,0,1,1,0,0,0,6,0,0.0,0.04,0.04,0.0,0.04
ESP-La Liga,2223,Real Madrid,Federico Valverde,URU,"MF,FW",24,1998,34,29,2502,27.8,7,4,11,7,0,0,2,0,0.25,0.14,0.4,0.25,0.4
ESP-La Liga,2223,Real Madrid,Ferland Mendy,FRA,DF,27,1995,18,17,1351,15.0,0,1,1,0,0,0,2,0,0.0,0.07,0.07,0.0,0.07
ESP-La Liga,2223,Real Madrid,Jesús Vallejo,ESP,DF,25,1997,1,0,22,0.2,0,0,0,0,0,0,0,0,0.0,0.0,0.0,0.0,0.0
ESP-La Liga,2223,Real Madrid,Karim Benzema,FRA,FW,34,1987,24,24,2038,22.6,19,3,22,12,7,8,1,0,0.84,0.13,0.97,0.53,0.66
ESP-La Liga,2223,Real Madrid,Lucas Vázquez,ESP,DF,31,1991,23,12,1144,12.7,4,1,5,4,0,0,2,0,0.31,0.08,0.39,0.31,0.39
ESP-La Liga,2223,Real Madrid,Luka Modrić,CRO,MF,36,1985,33,19,1744,19.4,4,3,7,3,1,1,7,0,0.21,0.15,0.36,0.15,0.31
ESP-La Liga,2223,Real Madrid,Marco Asensio,ESP,"FW,MF",26,1996,31,15,1442,16.0,9,6,15,9,0,1,1,0,0.56,0.37,0.94,0.56,0.94
ESP-La Liga,2223,Real Madrid,Mariano,DOM,FW,28,1993,9,1,157,1.7,0,0,0,0,0,0,2,0,0.0,0.0,0.0,0.0,0.0
ESP-La Liga,2223,Real Madrid,Nacho,ESP,DF,32,1990,27,18,1637,18.2,1,1,2,1,0,0,7,0,0.05,0.05,0.11,0.05,0.11
ESP-La Liga,2223,Real Madrid,Rodrygo,BRA,FW,21,2001,34,25,2379,26.4,9,8,17,8,1,1,4,0,0.34,0.3,0.64,0.3,0.61
ESP-La Liga,2223,Real Madrid,Sergio Arribas,ESP,MF,20,2001,2,0,19,0.2,0,0,0,0,0,0,0,0,0.0,0.0,0.0,0.0,0.0
ESP-La Liga,2223,Real Madrid,Thibaut Courtois,BEL,GK,30,1992,31,31,2790,31.0,0,0,0,0,0,0,0,0,0.0,0.0,0.0,0.0,0.0
ESP-La Liga,2223,Real Madrid,Toni Kroos,GER,MF,32,1990,30,25,2155,23.9,2,4,6,2,0,0,2,1,0.08,0.17,0.25,0.08,0.25
ESP-La Liga,2223,Real Madrid,Vinicius Júnior,BRA,FW,22,2000,33,32,2823,31.4,10,9,19,10,0,0,10,1,0.32,0.29,0.61,0.32,0.61
ESP-La Liga,2223,Real Madrid,Álvaro Odriozola,ESP,DF,26,1995,3,0,39,0.4,0,0,0,0,0,0,0,0,0.0,0.0,0.0,0.0,0.0
ESP-La Liga,2223,Real Madrid,Álvaro Rodríguez,URU,FW,18,2004,6,0,79,0.9,1,1,2,1,0,0,0,0,1.14,1.14,2.28,1.14,2.28
ESP-La Liga,2223,Real Madrid,Éder Militão,BRA,DF,24,1998,33,30,2703,30.0,5,0,5,5,0,0,4,0,0.17,0.0,0.17,0.17,0.17
ESP-La Liga,2223,Real Sociedad,Aihen Muñoz,ESP,DF,24,1997,23,20,1756,19.5,0,1,1,0,0,0,2,0,0.0,0.05,0.05,0.0,0.05
ESP-La Liga,2223,Real Sociedad,Alex Sola,ESP,DF,23,1999,10,3,349,3.9,0,0,0,0,0,0,1,0,0.0,0.0,0.0,0.0,0.0
ESP-La Liga,2223,Real Sociedad,Alexander Isak,SWE,FW,22,1999,2,2,152,1.7,1,0,1,1,0,0,0,0,0.59,0.0,0.59,0.59,0.59
ESP-La Liga,2223,Real Sociedad,Alexander Sørloth,NOR,FW,26,1995,34,28,2386,26.5,12,3,15,12,0,0,4,0,0.45,0.11,0.57,0.45,0.57
ESP-La Liga,2223,Real Sociedad,Ander Barrenetxea,ESP,"DF,MF",20,2001,23,9,878,9.8,3,1,4,3,0,0,4,0,0.31,0.1,0.41,0.31,0.41
ESP-La Liga,2223,Real Sociedad,Ander Guevara,ESP,MF,25,1997,8,2,221,2.5,0,0,0,0,0,0,2,0,0.0,0.0,0.0,0.0,0.0
ESP-La Liga,2223,Real Sociedad,Ander Martin,ESP,MF,21,2000,3,0,41,0.5,0,0,0,0,0,0,0,0,0.0,0.0,0.0,0.0,0.0
ESP-La Liga,2223,Real Sociedad,Andoni Gorosabel,ESP,DF,25,1996,27,19,1708,19.0,0,0,0,0,0,0,3,0,0.0,0.0,0.0,0.0,0.0
ESP-La Liga,2223,Real Sociedad,Aritz Elustondo,ESP,DF,28,1994,25,16,1449,16.1,0,1,1,0,0,0,5,1,0.0,0.06,0.06,0.0,0.06
ESP-La Liga,2223,Real Sociedad,Asier Illarramendi,ESP,MF,32,1990,24,13,1076,12.0,1,0,1,1,0,0,5,0,0.08,0.0,0.08,0.08,0.08
ESP-La Liga,2223,Real Sociedad,Beñat Turrientes,ESP,MF,20,2002,6,1,106,1.2,0,0,0,0,0,0,0,0,0.0,0.0,0.0,0.0,0.0
ESP-La Liga,2223,Real Sociedad,Brais Méndez,ESP,MF,25,1997,34,28,2407,26.7,8,4,12,8,0,0,6,0,0.3,0.15,0.45,0.3,0.45
ESP-La Liga,2223,Real Sociedad,Carlos Fernández,ESP,FW,26,1996,24,8,631,7.0,1,0,1,1,0,0,6,0,0.14,0.0,0.14,0.14,0.14
ESP-La Liga,2223,Real Sociedad,David Silva,ESP,"MF,FW",36,1986,28,25,1937,21.5,2,5,7,2,0,0,3,0,0.09,0.23,0.33,0.09,0.33
ESP-La Liga,2223,Real Sociedad,Diego Rico,ESP,DF,29,1993,20,18,1646,18.3,0,0,0,0,0,0,3,0,0.0,0.0,0.0,0.0,0.0
ESP-La Liga,2223,Real Sociedad,Igor Zubeldia,ESP,DF,25,1997,31,29,2542,28.2,1,1,2,1,0,0,11,0,0.04,0.04,0.07,0.04,0.07
ESP-La Liga,2223,Real Sociedad,Jon Karrikaburu,ESP,FW,19,2002,6,0,93,1.0,0,0,0,0,0,0,1,0,0.0,0.0,0.0,0.0,0.0
ESP-La Liga,2223,Real Sociedad,Jon Magunazelaia,ESP,MF,21,2001,2,0,65,0.7,0,0,0,0,0,0,0,0,0.0,0.0,0.0,0.0,0.0
ESP-La Liga,2223,Real Sociedad,Jon Pacheco,ESP,DF,21,2001,17,12,1193,13.3,0,1,1,0,0,0,2,0,0.0,0.08,0.08,0.0,0.08
ESP-La Liga,2223,Real Sociedad,Martín Zubimendi,ESP,MF,23,1999,36,35,3101,34.5,1,3,4,1,0,0,12,0,0.03,0.09,0.12,0.03,0.12
ESP-La Liga,2223,Real Sociedad,Mikel Merino,ESP,MF,26,1996,33,28,2494,27.7,2,9,11,2,0,1,5,1,0.07,0.32,0.4,0.07,0.4
ESP-La Liga,2223,Real Sociedad,Mikel Oyarzabal,ESP,"FW,MF",25,1997,23,14,1214,13.5,4,1,5,2,2,3,1,0,0.3,0.07,0.37,0.15,0.22
ESP-La Liga,2223,Real Sociedad,Mohamed Ali Cho,FRA,"FW,MF",18,2004,19,5,587,6.5,1,2,3,1,0,0,1,0,0.15,0.31,0.46,0.15,0.46
ESP-La Liga,2223,Real Sociedad,Olasagasti,ESP,MF,21,2000,3,0,65,0.7,0,0,0,0,0,0,0,0,0.0,0.0,0.0,0.0,0.0
ESP-La Liga,2223,Real Sociedad,Pablo Marín,ESP,MF,19,2003,10,3,360,4.0,0,0,0,0,0,0,1,0,0.0,0.0,0.0,0.0,0.0
ESP-La Liga,2223,Real Sociedad,Roberto Navarro,ESP,MF,20,2002,17,1,351,3.9,0,0,0,0,0,0,2,0,0.0,0.0,0.0,0.0,0.0
ESP-La Liga,2223,Real Sociedad,Robin Le Normand,ESP,DF,25,1996,33,31,2796,31.1,0,0,0,0,0,0,6,0,0.0,0.0,0.0,0.0,0.0
ESP-La Liga,2223,Real Sociedad,Takefusa Kubo,JPN,"FW,MF",21,2001,35,29,2439,27.1,9,4,13,9,0,0,3,0,0.33,0.15,0.48,0.33,0.48
ESP-La Liga,2223,Real Sociedad,Umar Sadiq,NGA,FW,25,1997,2,1,82,0.9,1,0,1,1,0,0,0,0,1.1,0.0,1.1,1.1,1.1
ESP-La Liga,2223,Real Sociedad,Álex Remiro,ESP,GK,27,1995,38,38,3420,38.0,0,0,0,0,0,0,1,0,0.0,0.0,0.0,0.0,0.0
ESP-La Liga,2223,Sevilla,Adnan Januzaj,BEL,MF,27,1995,2,1,47,0.5,0,0,0,0,0,0,0,0,0.0,0.0,0.0,0.0,0.0
ESP-La Liga,2223,Sevilla,Alex Telles,BRA,"DF,MF",29,1992,27,15,1427,15.9,0,2,2,0,0,0,6,0,0.0,0.13,0.13,0.0,0.13
ESP-La Liga,2223,Sevilla,Bryan Gil,ESP,MF,21,2001,17,10,918,10.2,2,2,4,2,0,0,4,0,0.2,0.2,0.39,0.2,0.39
ESP-La Liga,2223,Sevilla,Carlos Álvarez,ESP,MF,18,2003,1,0,10,0.1,0,0,0,0,0,0,1,0,0.0,0.0,0.0,0.0,0.0
ESP-La Liga,2223,Sevilla,Carmona,ESP,DF,20,2002,10,5,527,5.9,2,1,3,2,0,0,6,1,0.34,0.17,0.51,0.34,0.51
ESP-La Liga,2223,Sevilla,Diego Iturralde,ESP,DF,19,2003,1,1,45,0.5,0,0,0,0,0,0,1,0,0.0,0.0,0.0,0.0,0.0
ESP-La Liga,2223,Sevilla,Fernando,BRA,"MF,DF",35,1987,22,19,1577,17.5,0,1,1,0,0,0,3,1,0.0,0.06,0.06,0.0,0.06
ESP-La Liga,2223,Sevilla,Gonzalo Montiel,ARG,DF,25,1997,28,17,1524,16.9,0,3,3,0,0,0,8,1,0.0,0.18,0.18,0.0,0.18
ESP-La Liga,2223,Sevilla,Isco,ESP,"MF,FW",30,1992,12,10,799,8.9,0,2,2,0,0,0,5,0,0.0,0.23,0.23,0.0,0.23
ESP-La Liga,2223,Sevilla,Ivan Rakitić,CRO,MF,34,1988,31,21,1788,19.9,1,3,4,0,1,2,3,1,0.05,0.15,0.2,0.0,0.15
ESP-La Liga,2223,Sevilla,Iván Romero,ESP,"FW,MF",21,2001,1,0,11,0.1,0,0,0,0,0,0,1,0,0.0,0.0,0.0,0.0,0.0
ESP-La Liga,2223,Sevilla,Jesús Corona,MEX,MF,29,1993,4,1,111,1.2,1,0,1,1,0,0,0,0,0.81,0.0,0.81,0.81,0.81
ESP-La Liga,2223,Sevilla,Jesús Navas,ESP,"DF,MF",36,1985,32,21,1981,22.0,0,0,0,0,0,0,5,0,0.0,0.0,0.0,0.0,0.0
ESP-La Liga,2223,Sevilla,Joan Jordán,ESP,MF,28,1994,23,19,1592,17.7,0,1,1,0,0,0,8,0,0.0,0.06,0.06,0.0,0.06
ESP-La Liga,2223,Sevilla,Karim Rekik,NED,DF,27,1994,16,15,1181,13.1,1,1,2,1,0,0,2,0,0.08,0.08,0.15,0.08,0.15
ESP-La Liga,2223,Sevilla,Kasper Dolberg,DEN,FW,24,1997,4,2,197,2.2,0,1,1,0,0,0,0,0,0.0,0.46,0.46,0.0,0.46
ESP-La Liga,2223,Sevilla,Kike Salas,ESP,DF,20,2002,6,4,368,4.1,1,1,2,1,0,0,1,1,0.24,0.24,0.49,0.24,0.49
ESP-La Liga,2223,Sevilla,Loïc Bade,FRA,DF,22,2000,19,16,1449,16.1,1,0,1,1,0,0,4,0,0.06,0.0,0.06,0.06,0.06
ESP-La Liga,2223,Sevilla,Lucas Ocampos,ARG,"MF,FW",28,1994,19,11,1165,12.9,4,0,4,1,3,3,7,0,0.31,0.0,0.31,0.08,0.08
ESP-La Liga,2223,Sevilla,Manu Bueno,ESP,MF,18,2004,2,2,149,1.7,0,0,0,0,0,0,0,0,0.0,0.0,0.0,0.0,0.0
ESP-La Liga,2223,Sevilla,Marcos Acuña,ARG,DF,30,1991,30,21,1912,21.2,3,2,5,3,0,0,10,3,0.14,0.09,0.24,0.14,0.24
ESP-La Liga,2223,Sevilla,Marcão,BRA,DF,26,1996,5,4,375,4.2,0,0,0,0,0,0,2,0,0.0,0.0,0.0,0.0,0.0
ESP-La Liga,2223,Sevilla,Marko Dmitrović,SRB,GK,30,1992,15,13,1269,14.1,0,0,0,0,0,0,1,0,0.0,0.0,0.0,0.0,0.0
ESP-La Liga,2223,Sevilla,Nemanja Gudelj,SRB,"DF,MF",30,1991,34,31,2779,30.9,3,1,4,3,0,0,8,0,0.1,0.03,0.13,0.1,0.13
ESP-La Liga,2223,Sevilla,Pape Gueye,SEN,MF,23,1999,16,15,1171,13.0,1,3,4,1,0,0,6,3,0.08,0.23,0.31,0.08,0.31
ESP-La Liga,2223,Sevilla,Papu Gómez,ARG,MF,34,1988,19,11,1065,11.8,1,1,2,1,0,0,4,0,0.08,0.08,0.17,0.08,0.17
ESP-La Liga,2223,Sevilla,Pedro Ortiz,ESP,MF,21,2000,1,0,1,0.0,0,0,0,0,0,0,0,0,0.0,0.0,0.0,0.0,0.0
ESP-La Liga,2223,Sevilla,Rafa Mir,ESP,FW,25,1997,26,16,1298,14.4,6,0,6,6,0,0,1,0,0.42,0.0,0.42,0.42,0.42
ESP-La Liga,2223,Sevilla,Suso,ESP,"MF,FW",28,1993,25,10,1065,11.8,2,4,6,2,0,0,1,0,0.17,0.34,0.51,0.17,0.51
ESP-La Liga,2223,Sevilla,Tanguy Nianzou,FRA,DF,20,2002,19,16,1366,15.2,1,0,1,1,0,0,1,1,0.07,0.0,0.07,0.07,0.07
ESP-La Liga,2223,Sevilla,Thomas Delaney,DEN,MF,30,1991,8,2,309,3.4,0,0,0,0,0,0,3,0,0.0,0.0,0.0,0.0,0.0
ESP-La Liga,2223,Sevilla,Yassine Bounou,MAR,GK,31,1991,25,25,2151,23.9,0,0,0,0,0,0,2,0,0.0,0.0,0.0,0.0,0.0
ESP-La Liga,2223,Sevilla,Youssef En-Nesyri,MAR,FW,25,1997,31,17,1661,18.5,8,1,9,8,0,0,4,0,0.43,0.05,0.49,0.43,0.49
ESP-La Liga,2223,Sevilla,Érik Lamela,ARG,"MF,FW",30,1992,32,20,1844,20.5,6,0,6,6,0,0,10,1,0.29,0.0,0.29,0.29,0.29
ESP-La Liga,2223,Sevilla,Óliver Torres,ESP,MF,27,1994,32,27,2137,23.7,3,1,4,3,0,0,2,0,0.13,0.04,0.17,0.13,0.17
ESP-La Liga,2223,Valencia,Alberto Marí,ESP,FW,21,2001,5,0,86,1.0,1,0,1,1,0,0,1,0,1.05,0.0,1.05,1.05,1.05
ESP-La Liga,2223,Valencia,André Almeida,POR,MF,22,2000,34,29,2539,28.2,2,4,6,2,0,0,3,0,0.07,0.14,0.21,0.07,0.21
ESP-La Liga,2223,Valencia,Carlos Soler,ESP,MF,25,1997,3,3,242,2.7,1,0,1,0,1,1,0,0,0.37,0.0,0.37,0.0,0.0
ESP-La Liga,2223,Valencia,Cenk Özkacar,TUR,DF,21,2000,17,14,1365,15.2,0,0,0,0,0,0,1,0,0.0,0.0,0.0,0.0,0.0
ESP-La Liga,2223,Valencia,Cristhian Mosquera,ESP,DF,18,2004,3,1,145,1.6,0,0,0,0,0,0,0,0,0.0,0.0,0.0,0.0,0.0
ESP-La Liga,2223,Valencia,Diego López,ESP,MF,20,2002,10,5,447,5.0,3,1,4,3,0,0,0,0,0.6,0.2,0.81,0.6,0.81
ESP-La Liga,2223,Valencia,Dimitri Foulquier,FRA,DF,29,1993,30,17,1738,19.3,0,2,2,0,0,0,4,0,0.0,0.1,0.1,0.0,0.1
ESP-La Liga,2223,Valencia,Edinson Cavani,URU,FW,35,1987,25,20,1449,16.1,5,2,7,3,2,3,6,0,0.31,0.12,0.43,0.19,0.31
ESP-La Liga,2223,Valencia,Eray Cömert,SUI,DF,24,1998,23,19,1672,18.6,1,0,1,1,0,0,5,1,0.05,0.0,0.05,0.05,0.05
ESP-La Liga,2223,Valencia,Francisco Perez,ESP,MF,19,2002,7,0,141,1.6,0,0,0,0,0,0,2,0,0.0,0.0,0.0,0.0,0.0
ESP-La Liga,2223,Valencia,Gabriel Paulista,BRA,DF,31,1990,21,18,1504,16.7,1,0,1,1,0,0,4,2,0.06,0.0,0.06,0.06,0.06
ESP-La Liga,2223,Valencia,Giorgi Mamardashvili,GEO,GK,21,2000,38,38,3420,38.0,0,0,0,0,0,0,3,0,0.0,0.0,0.0,0.0,0.0
ESP-La Liga,2223,Valencia,Hugo Duro,ESP,FW,22,1999,30,12,1385,15.4,1,1,2,1,0,1,5,0,0.06,0.06,0.13,0.06,0.13
ESP-La Liga,2223,Valencia,Hugo Guillamón,ESP,MF,22,2000,25,19,1632,18.1,1,4,5,0,1,1,5,0,0.06,0.22,0.28,0.0,0.22
ESP-La Liga,2223,Valencia,Ilaix Moriba,GUI,MF,19,2003,24,10,1011,11.2,0,2,2,0,0,0,6,2,0.0,0.18,0.18,0.0,0.18
ESP-La Liga,2223,Valencia,Javier Guerra,ESP,MF,19,2003,10,6,605,6.7,1,0,1,1,0,0,0,0,0.15,0.0,0.15,0.15,0.15
ESP-La Liga,2223,Valencia,Jesus Vazquez,ESP,DF,19,2003,10,3,310,3.4,0,0,0,0,0,0,1,0,0.0,0.0,0.0,0.0,0.0
ESP-La Liga,2223,Valencia,José Luis Gayà,ESP,DF,27,1995,31,31,2709,30.1,1,3,4,1,0,1,4,0,0.03,0.1,0.13,0.03,0.13
ESP-La Liga,2223,Valencia,Justin Kluivert,NED,"FW,MF",23,1999,26,15,1447,16.1,6,0,6,5,1,1,4,0,0.37,0.0,0.37,0.31,0.31
ESP-La Liga,2223,Valencia,Marcos André,BRA,FW,25,1996,17,3,447,5.0,1,0,1,1,0,0,2,1,0.2,0.0,0.2,0.2,0.2
ESP-La Liga,2223,Valencia,Maxi Gómez,URU,FW,25,1996,3,0,108,1.2,0,0,0,0,0,0,0,0,0.0,0.0,0.0,0.0,0.0
ESP-La Liga,2223,Valencia,Mouctar Diakhaby,GUI,DF,25,1996,29,28,2446,27.2,3,0,3,3,0,0,7,1,0.11,0.0,0.11,0.11,0.11
ESP-La Liga,2223,Valencia,Nicolás González,ESP,MF,20,2002,26,18,1405,15.6,1,1,2,1,0,0,2,0,0.06,0.06,0.13,0.06,0.13
ESP-La Liga,2223,Valencia,Samu Castillejo,ESP,"FW,MF",27,1995,25,17,1362,15.1,4,0,4,4,0,0,7,0,0.26,0.0,0.26,0.26,0.26
ESP-La Liga,2223,Valencia,Samuel Lino,BRA,"FW,MF",22,1999,38,33,2887,32.1,6,1,7,6,0,0,4,0,0.19,0.03,0.22,0.19,0.22
ESP-La Liga,2223,Valencia,Thierry Correia,POR,DF,23,1999,27,24,2009,22.3,0,0,0,0,0,0,5,0,0.0,0.0,0.0,0.0,0.0
ESP-La Liga,2223,Valencia,Toni Lato,ESP,"DF,MF",24,1997,24,9,914,10.2,1,0,1,1,0,0,1,0,0.1,0.0,0.1,0.1,0.1
ESP-La Liga,2223,Valencia,Yunus Musah,USA,MF,19,2002,33,26,2110,23.4,0,2,2,0,0,0,10,1,0.0,0.09,0.09,0.0,0.09
ESP-La Liga,2223,Valladolid,Anuar,MAR,"MF,FW",27,1995,3,3,210,2.3,1,0,1,1,0,0,1,0,0.43,0.0,0.43,0.43,0.43
ESP-La Liga,2223,Valladolid,Babatunde Akinsola,NGA,MF,19,2003,1,0,11,0.1,0,0,0,0,0,0,0,0,0.0,0.0,0.0,0.0,0.0
ESP-La Liga,2223,Valladolid,Cyle Larin,CAN,FW,27,1995,19,16,1469,16.3,8,3,11,6,2,2,4,0,0.49,0.18,0.67,0.37,0.55
ESP-La Liga,2223,Valladolid,Darwin Machís,VEN,"MF,FW",29,1993,11,7,599,6.7,0,1,1,0,0,0,1,0,0.0,0.15,0.15,0.0,0.15
ESP-La Liga,2223,Valladolid,David Torres,ESP,DF,19,2003,7,2,385,4.3,0,0,0,0,0,0,1,0,0.0,0.0,0.0,0.0,0.0
ESP-La Liga,2223,Valladolid,Gonzalo Plata,ECU,"FW,MF",21,2000,34,26,2302,25.6,1,5,6,1,0,0,1,0,0.04,0.2,0.23,0.04,0.23
ESP-La Liga,2223,Valladolid,Iván Fresneda,ESP,"DF,MF",17,2004,22,18,1743,19.4,0,0,0,0,0,0,3,0,0.0,0.0,0.0,0.0,0.0
ESP-La Liga,2223,Valladolid,Iván Sánchez,ESP,"MF,FW",29,1992,25,13,1154,12.8,1,1,2,1,0,0,0,0,0.08,0.08,0.16,0.08,0.16
ESP-La Liga,2223,Valladolid,Javi Sánchez,ESP,DF,25,1997,32,28,2392,26.6,1,0,1,1,0,0,11,0,0.04,0.0,0.04,0.04,0.04
ESP-La Liga,2223,Valladolid,Jawad El Yamiq,MAR,DF,30,1992,25,19,1608,17.9,1,0,1,1,0,0,1,1,0.06,0.0,0.06,0.06,0.06
ESP-La Liga,2223,Valladolid,Joaquín Fernández,ESP,DF,26,1996,27,24,2156,24.0,1,0,1,1,0,0,4,0,0.04,0.0,0.04,0.04,0.04
ESP-La Liga,2223,Valladolid,Jordi Masip,ESP,GK,33,1989,28,28,2507,27.9,0,0,0,0,0,0,4,0,0.0,0.0,0.0,0.0,0.0
ESP-La Liga,2223,Valladolid,Juanjo Narváez,COL,MF,27,1995,5,1,148,1.6,0,0,0,0,0,0,0,0,0.0,0.0,0.0,0.0,0.0
ESP-La Liga,2223,Valladolid,Kenedy,BRA,FW,26,1996,12,2,275,3.1,0,1,1,0,0,0,3,0,0.0,0.33,0.33,0.0,0.33
ESP-La Liga,2223,Valladolid,Kike Pérez,ESP,MF,25,1997,36,28,2307,25.6,1,2,3,1,0,0,9,0,0.04,0.08,0.12,0.04,0.12
ESP-La Liga,2223,Valladolid,Lucas Olaza,URU,DF,28,1994,23,16,1494,16.6,0,1,1,0,0,0,3,0,0.0,0.06,0.06,0.0,0.06
ESP-La Liga,2223,Valladolid,Lucas Oliveira Rosa,BRA,"DF,MF",22,2000,17,11,931,10.3,0,1,1,0,0,0,3,0,0.0,0.1,0.1,0.0,0.1
ESP-La Liga,2223,Valladolid,Luis Pérez,ESP,"DF,MF",27,1995,18,15,1213,13.5,0,1,1,0,0,0,2,0,0.0,0.07,0.07,0.0,0.07
ESP-La Liga,2223,Valladolid,Manuel Pozo,ESP,FW,20,2001,1,0,19,0.2,0,0,0,0,0,0,0,0,0.0,0.0,0.0,0.0,0.0
ESP-La Liga,2223,Valladolid,Martin Hongla,CMR,"DF,MF",24,1998,16,15,1306,14.5,0,0,0,0,0,0,7,2,0.0,0.0,0.0,0.0,0.0
ESP-La Liga,2223,Valladolid,Mickael Malsa,MTQ,MF,26,1995,5,0,69,0.8,0,0,0,0,0,0,0,0,0.0,0.0,0.0,0.0,0.0
ESP-La Liga,2223,Valladolid,Monchu,ESP,MF,22,1999,33,23,2031,22.6,3,2,5,3,0,0,10,0,0.13,0.09,0.22,0.13,0.22
ESP-La Liga,2223,Valladolid,Roberto Arroyo,ESP,FW,18,2003,1,0,15,0.2,0,0,0,0,0,0,0,0,0.0,0.0,0.0,0.0,0.0
ESP-La Liga,2223,Valladolid,Roque Mesa,ESP,MF,33,1989,29,20,1617,18.0,2,1,3,2,0,0,11,1,0.11,0.06,0.17,0.11,0.17
ESP-La Liga,2223,Valladolid,Selim Amallah,MAR,"MF,FW",25,1996,7,3,267,3.0,2,1,3,2,0,0,2,1,0.67,0.34,1.01,0.67,1.01
ESP-La Liga,2223,Valladolid,Sergi Guardiola,ESP,FW,31,1991,14,8,502,5.6,0,0,0,0,0,0,1,0,0.0,0.0,0.0,0.0,0.0
ESP-La Liga,2223,Valladolid,Sergio Asenjo,ESP,GK,33,1989,10,10,900,10.0,0,0,0,0,0,0,0,0,0.0,0.0,0.0,0.0,0.0
ESP-La Liga,2223,Valladolid,Sergio Escudero,ESP,"DF,MF",32,1989,23,17,1439,16.0,1,0,1,1,0,0,3,0,0.06,0.0,0.06,0.06,0.06
ESP-La Liga,2223,Valladolid,Sergio León,ESP,FW,33,1989,29,14,1334,14.8,6,1,7,5,1,2,0,1,0.4,0.07,0.47,0.34,0.4
ESP-La Liga,2223,Valladolid,Shon Weissman,ISR,FW,26,1996,15,6,747,8.3,1,0,1,1,0,0,1,0,0.12,0.0,0.12,0.12,0.12
ESP-La Liga,2223,Valladolid,Sékou Gassama,SEN,FW,27,1995,1,0,36,0.4,0,0,0,0,0,0,0,0,0.0,0.0,0.0,0.0,0.0
ESP-La Liga,2223,Valladolid,Toni Villa,ESP,MF,27,1995,2,1,91,1.0,0,0,0,0,0,0,0,0,0.0,0.0,0.0,0.0,0.0
ESP-La Liga,2223,Valladolid,Zouhair Feddal,MAR,DF,33,1989,8,4,375,4.2,0,0,0,0,0,0,1,0,0.0,0.0,0.0,0.0,0.0
ESP-La Liga,2223,Valladolid,Álvaro Aceves,ESP,GK,19,2003,1,0,13,0.1,0,0,0,0,0,0,0,0,0.0,0.0,0.0,0.0,0.0
ESP-La Liga,2223,Valladolid,Álvaro Aguado,ESP,MF,26,1996,34,18,1888,21.0,1,2,3,1,0,0,4,0,0.05,0.1,0.14,0.05,0.14
ESP-La Liga,2223,Valladolid,Óscar Plano,ESP,"MF,FW",31,1991,33,22,2038,22.6,1,1,2,1,0,0,3,0,0.04,0.04,0.09,0.04,0.09
ESP-La Liga,2223,Villarreal,Alberto Del Moral,ESP,MF,22,2000,1,0,5,0.1,0,0,0,0,0,0,0,0,0.0,0.0,0.0,0.0,0.0
ESP-La Liga,2223,Villarreal,Alberto Moreno,ESP,DF,30,1992,24,14,1296,14.4,0,1,1,0,0,0,7,0,0.0,0.07,0.07,0.0,0.07
ESP-La Liga,2223,Villarreal,Alfonso Pedraza,ESP,DF,26,1996,26,20,1633,18.1,0,3,3,0,0,0,5,0,0.0,0.17,0.17,0.0,0.17
ESP-La Liga,2223,Villarreal,Arnaut Danjuma,NED,FW,25,1997,10,6,479,5.3,2,0,2,1,1,1,0,0,0.38,0.0,0.38,0.19,0.19
ESP-La Liga,2223,Villarreal,Aïssa Mandi,ALG,DF,30,1991,21,16,1461,16.2,0,0,0,0,0,0,1,0,0.0,0.0,0.0,0.0,0.0
ESP-La Liga,2223,Villarreal,Daniel Parejo,ESP,MF,33,1989,37,37,3285,36.5,3,4,7,1,2,4,6,0,0.08,0.11,0.19,0.03,0.14
ESP-La Liga,2223,Villarreal,Diego Collado,ESP,"FW,MF",21,2001,2,0,6,0.1,0,0,0,0,0,0,0,0,0.0,0.0,0.0,0.0,0.0
ESP-La Liga,2223,Villarreal,Fernando Niño,ESP,FW,21,2000,3,0,22,0.2,0,0,0,0,0,0,0,0,0.0,0.0,0.0,0.0,0.0
ESP-La Liga,2223,Villarreal,Filip Jørgensen,DEN,GK,20,2002,2,2,180,2.0,0,0,0,0,0,0,0,0,0.0,0.0,0.0,0.0,0.0
ESP-La Liga,2223,Villarreal,Francis Coquelin,FRA,MF,31,1991,16,9,748,8.3,1,0,1,1,0,0,2,0,0.12,0.0,0.12,0.12,0.12
ESP-La Liga,2223,Villarreal,Gerard Moreno,ESP,FW,30,1992,21,14,1230,13.7,7,3,10,6,1,2,4,0,0.51,0.22,0.73,0.44,0.66
ESP-La Liga,2223,Villarreal,Gerónimo Rulli,ARG,GK,30,1992,14,14,1260,14.0,0,0,0,0,0,0,1,0,0.0,0.0,0.0,0.0,0.0
ESP-La Liga,2223,Villarreal,Giovani Lo Celso,ARG,"MF,FW",26,1996,22,14,1126,12.5,2,3,5,2,0,0,3,0,0.16,0.24,0.4,0.16,0.4
ESP-La Liga,2223,Villarreal,Haissem Hassan,EGY,MF,20,2002,2,0,52,0.6,0,0,0,0,0,0,0,0,0.0,0.0,0.0,0.0,0.0
ESP-La Liga,2223,Villarreal,Johan Mojica,COL,DF,29,1992,17,5,642,7.1,0,0,0,0,0,0,0,0,0.0,0.0,0.0,0.0,0.0
ESP-La Liga,2223,Villarreal,Jorge Cuenca,ESP,DF,22,1999,10,5,506,5.6,0,0,0,0,0,0,1,0,0.0,0.0,0.0,0.0,0.0
ESP-La Liga,2223,Villarreal,José Luis Morales,ESP,FW,35,1987,29,11,1211,13.5,7,0,7,7,0,0,2,0,0.52,0.0,0.52,0.52,0.52
ESP-La Liga,2223,Villarreal,Juan Foyth,ARG,DF,24,1998,24,22,1958,21.8,1,0,1,1,0,0,6,0,0.05,0.0,0.05,0.05,0.05
ESP-La Liga,2223,Villarreal,Kiko Femenía,ESP,DF,31,1991,20,13,1133,12.6,0,0,0,0,0,0,0,0,0.0,0.0,0.0,0.0,0.0
ESP-La Liga,2223,Villarreal,Mamadou Fall,SEN,DF,19,2002,1,0,30,0.3,0,0,0,0,0,0,0,0,0.0,0.0,0.0,0.0,0.0
ESP-La Liga,2223,Villarreal,Manu Morlanes,ESP,MF,23,1999,4,2,158,1.8,0,0,0,0,0,0,0,1,0.0,0.0,0.0,0.0,0.0
ESP-La Liga,2223,Villarreal,Manu Trigueros,ESP,MF,30,1991,23,8,828,9.2,0,1,1,0,0,0,2,1,0.0,0.11,0.11,0.0,0.11
ESP-La Liga,2223,Villarreal,Nicolas Jackson,SEN,FW,21,2001,26,16,1598,17.8,12,4,16,12,0,0,6,1,0.68,0.23,0.9,0.68,0.9
ESP-La Liga,2223,Villarreal,Pascu,ESP,FW,19,2003,2,0,10,0.1,1,0,1,1,0,0,0,0,9.0,0.0,9.0,9.0,9.0
ESP-La Liga,2223,Villarreal,Pau Torres,ESP,DF,25,1997,34,34,3054,33.9,1,0,1,1,0,0,10,0,0.03,0.0,0.03,0.03,0.03
ESP-La Liga,2223,Villarreal,Pepe Reina,ESP,GK,39,1982,22,22,1980,22.0,0,0,0,0,0,0,2,0,0.0,0.0,0.0,0.0,0.0
ESP-La Liga,2223,Villarreal,Ramón Terrats,ESP,MF,21,2000,16,11,816,9.1,1,1,2,1,0,0,1,0,0.11,0.11,0.22,0.11,0.22
ESP-La Liga,2223,Villarreal,Raúl Albiol,ESP,DF,36,1985,25,24,2119,23.5,0,0,0,0,0,0,6,0,0.0,0.0,0.0,0.0,0.0
ESP-La Liga,2223,Villarreal,Samuel Chukwueze,NGA,"FW,MF",23,1999,37,27,2339,26.0,6,5,11,6,0,0,1,0,0.23,0.19,0.42,0.23,0.42
ESP-La Liga,2223,Villarreal,Yéremy Pino,ESP,"MF,FW",19,2002,36,31,2447,27.2,4,6,10,4,0,0,8,0,0.15,0.22,0.37,0.15,0.37
ESP-La Liga,2223,Villarreal,Álex Baena,ESP,"MF,FW",21,2001,35,19,1947,21.6,6,2,8,6,0,0,13,1,0.28,0.09,0.37,0.28,0.37
ESP-La Liga,2223,Villarreal,Étienne Capoue,FRA,MF,34,1988,28,22,1955,21.7,3,0,3,3,0,0,4,0,0.14,0.0,0.14,0.14,0.14
FRA-Ligue 1,2223,Ajaccio,Anthony Khelifa,ALG,DF,16,2005,2,0,10,0.1,0,0,0,0,0,0,0,0,0.0,0.0,0.0,0.0,0.0
FRA-Ligue 1,2223,Ajaccio,Ben Hamed Touré,CIV,FW,18,2003,4,2,209,2.3,0,0,0,0,0,0,0,0,0.0,0.0,0.0,0.0,0.0
FRA-Ligue 1,2223,Ajaccio,Benjamin Leroy,FRA,GK,33,1989,32,32,2798,31.1,0,0,0,0,0,0,1,0,0.0,0.0,0.0,0.0,0.0
FRA-Ligue 1,2223,Ajaccio,Bevic Moussiti-Oko,CGO,FW,27,1995,17,7,698,7.8,1,0,1,1,0,0,1,0,0.13,0.0,0.13,0.13,0.13
FRA-Ligue 1,2223,Ajaccio,Clément Vidal,FRA,DF,22,2000,26,21,1901,21.1,1,0,1,1,0,0,5,1,0.05,0.0,0.05,0.05,0.05
FRA-Ligue 1,2223,Ajaccio,Cyrille Bayala,BFA,MF,26,1996,33,25,2009,22.3,1,1,2,1,0,0,3,1,0.04,0.04,0.09,0.04,0.09
FRA-Ligue 1,2223,Ajaccio,Cédric Avinel,GLP,DF,35,1986,24,19,1794,19.9,1,0,1,1,0,0,2,1,0.05,0.0,0.05,0.05,0.05
FRA-Ligue 1,2223,Ajaccio,Fernand Mayembo,CGO,DF,26,1996,11,8,707,7.9,0,0,0,0,0,0,1,0,0.0,0.0,0.0,0.0,0.0
FRA-Ligue 1,2223,Ajaccio,Florian Chabrolle,FRA,MF,24,1998,7,3,329,3.7,0,0,0,0,0,0,1,0,0.0,0.0,0.0,0.0,0.0
FRA-Ligue 1,2223,Ajaccio,François-Joseph Sollacaro,FRA,GK,28,1994,6,6,540,6.0,0,0,0,0,0,0,1,0,0.0,0.0,0.0,0.0,0.0
FRA-Ligue 1,2223,Ajaccio,Ghjuvanni Quilichini,FRA,GK,19,2002,1,0,82,0.9,0,0,0,0,0,0,0,0,0.0,0.0,0.0,0.0,0.0
FRA-Ligue 1,2223,Ajaccio,Ismael Diallo,CIV,DF,25,1997,28,25,2176,24.2,0,0,0,0,0,0,9,1,0.0,0.0,0.0,0.0,0.0
FRA-Ligue 1,2223,Ajaccio,Ivane Chegra,FRA,MF,18,2004,6,1,193,2.1,0,0,0,0,0,0,0,0,0.0,0.0,0.0,0.0,0.0
FRA-Ligue 1,2223,Ajaccio,Kevin Spadanuda,SUI,MF,25,1997,22,13,1063,11.8,0,1,1,0,0,0,3,0,0.0,0.08,0.08,0.0,0.08
FRA-Ligue 1,2223,Ajaccio,Kouamé Botué,BFA,FW,19,2002,8,2,229,2.5,0,0,0,0,0,0,0,0,0.0,0.0,0.0,0.0,0.0
FRA-Ligue 1,2223,Ajaccio,Mathieu Coutadeur,FRA,MF,36,1986,27,22,1947,21.6,0,0,0,0,0,0,2,0,0.0,0.0,0.0,0.0,0.0
FRA-Ligue 1,2223,Ajaccio,Mehdi Puch-Herrantz,FRA,MF,18,2004,4,0,47,0.5,0,0,0,0,0,0,0,0,0.0,0.0,0.0,0.0,0.0
FRA-Ligue 1,2223,Ajaccio,Mickaël Alphonse,GLP,DF,33,1989,26,14,1361,15.1,0,0,0,0,0,0,2,1,0.0,0.0,0.0,0.0,0.0
FRA-Ligue 1,2223,Ajaccio,Mickaël Barreto,FRA,MF,31,1991,20,15,1325,14.7,1,1,2,1,0,0,1,0,0.07,0.07,0.14,0.07,0.14
FRA-Ligue 1,2223,Ajaccio,Mohamed Youssouf,COM,DF,34,1988,30,27,2459,27.3,0,0,0,0,0,0,5,1,0.0,0.0,0.0,0.0,0.0
FRA-Ligue 1,2223,Ajaccio,Mounaim El Idrissy,FRA,FW,23,1999,32,30,2497,27.7,6,0,6,6,0,0,10,0,0.22,0.0,0.22,0.22,0.22
FRA-Ligue 1,2223,Ajaccio,Moussa Djitte,SEN,FW,22,1999,6,1,136,1.5,0,0,0,0,0,0,0,0,0.0,0.0,0.0,0.0,0.0
FRA-Ligue 1,2223,Ajaccio,Moussa Soumano,FRA,FW,17,2005,14,5,495,5.5,1,0,1,1,0,0,3,0,0.18,0.0,0.18,0.18,0.18
FRA-Ligue 1,2223,Ajaccio,Oumar Gonzalez,CMR,DF,24,1998,30,29,2578,28.6,0,0,0,0,0,0,10,0,0.0,0.0,0.0,0.0,0.0
FRA-Ligue 1,2223,Ajaccio,Paolo Lebas,FRA,MF,19,2003,1,0,55,0.6,0,0,0,0,0,0,0,0,0.0,0.0,0.0,0.0,0.0
FRA-Ligue 1,2223,Ajaccio,Qazim Laçi,ALB,MF,26,1996,9,2,212,2.4,0,0,0,0,0,0,0,0,0.0,0.0,0.0,0.0,0.0
FRA-Ligue 1,2223,Ajaccio,Riad Nouri,FRA,MF,37,1985,33,16,1693,18.8,1,1,2,1,0,1,3,0,0.05,0.05,0.11,0.05,0.11
FRA-Ligue 1,2223,Ajaccio,Romain Hamouma,FRA,FW,35,1987,19,14,1079,12.0,2,2,4,2,0,0,5,2,0.17,0.17,0.33,0.17,0.33
FRA-Ligue 1,2223,Ajaccio,Ruan Levine,BRA,FW,23,1999,3,0,24,0.3,0,0,0,0,0,0,0,0,0.0,0.0,0.0,0.0,0.0
FRA-Ligue 1,2223,Ajaccio,Thomas Mangani,FRA,MF,35,1987,26,14,1332,14.8,1,1,2,0,1,2,4,1,0.07,0.07,0.14,0.0,0.07
FRA-Ligue 1,2223,Ajaccio,Tony Strata,ROU,MF,17,2004,3,1,138,1.5,0,0,0,0,0,0,1,0,0.0,0.0,0.0,0.0,0.0
FRA-Ligue 1,2223,Ajaccio,Vincent Marchetti,FRA,MF,25,1997,31,29,2452,27.2,0,2,2,0,0,0,7,0,0.0,0.07,0.07,0.0,0.07
FRA-Ligue 1,2223,Ajaccio,Yanis Cimignani,FRA,MF,20,2002,8,3,279,3.1,0,0,0,0,0,0,0,0,0.0,0.0,0.0,0.0,0.0
FRA-Ligue 1,2223,Ajaccio,Yoann Touzghar,TUN,FW,35,1986,11,5,447,5.0,0,0,0,0,0,0,0,1,0.0,0.0,0.0,0.0,0.0
FRA-Ligue 1,2223,Ajaccio,Youcef Belaïli,ALG,"MF,FW",30,1992,17,15,1150,12.8,6,3,9,1,5,6,2,0,0.47,0.23,0.7,0.08,0.31
FRA-Ligue 1,2223,Ajaccio,Youssouf Koné,MLI,DF,27,1995,13,12,916,10.2,0,0,0,0,0,0,4,0,0.0,0.0,0.0,0.0,0.0
FRA-Ligue 1,2223,Angers,Abdallah Sima,SEN,FW,21,2001,34,19,1836,20.4,5,1,6,5,0,0,0,0,0.25,0.05,0.29,0.25,0.29
FRA-Ligue 1,2223,Angers,Abdoulaye Bamba,CIV,DF,32,1990,21,12,1364,15.2,0,0,0,0,0,0,2,0,0.0,0.0,0.0,0.0,0.0
FRA-Ligue 1,2223,Angers,Adrien Hunou,FRA,"MF,FW",28,1994,34,28,2234,24.8,4,1,5,4,0,0,2,0,0.16,0.04,0.2,0.16,0.2
FRA-Ligue 1,2223,Angers,Amine Salama,FRA,"FW,MF",22,2000,25,12,1249,13.9,3,1,4,3,0,0,1,0,0.22,0.07,0.29,0.22,0.29
FRA-Ligue 1,2223,Angers,Antonin Bobichon,FRA,"FW,MF",26,1995,3,0,18,0.2,0,0,0,0,0,0,0,0,0.0,0.0,0.0,0.0,0.0
FRA-Ligue 1,2223,Angers,Azzedine Ounahi,MAR,MF,22,2000,15,13,1129,12.5,0,0,0,0,0,0,1,0,0.0,0.0,0.0,0.0,0.0
FRA-Ligue 1,2223,Angers,Batista Mendy,FRA,"MF,DF",22,2000,35,35,2859,31.8,0,0,0,0,0,0,8,1,0.0,0.0,0.0,0.0,0.0
FRA-Ligue 1,2223,Angers,Cédric Hountondji,BEN,DF,28,1994,36,35,3095,34.4,0,0,0,0,0,0,7,0,0.0,0.0,0.0,0.0,0.0
FRA-Ligue 1,2223,Angers,Faouzi Ghoulam,ALG,DF,31,1991,7,6,479,5.3,0,0,0,0,0,0,0,0,0.0,0.0,0.0,0.0,0.0
FRA-Ligue 1,2223,Angers,Farid El Melali,ALG,"DF,MF",25,1997,17,9,806,9.0,0,0,0,0,0,0,1,0,0.0,0.0,0.0,0.0,0.0
FRA-Ligue 1,2223,Angers,Halid Šabanović,BIH,"DF,MF",22,1999,15,8,638,7.1,2,0,2,2,0,0,1,1,0.28,0.0,0.28,0.28,0.28
FRA-Ligue 1,2223,Angers,Himad Abdelli,ALG,"MF,FW",22,1999,30,24,2137,23.7,2,2,4,2,0,0,3,0,0.08,0.08,0.17,0.08,0.17
FRA-Ligue 1,2223,Angers,Ibrahim Amadou,FRA,DF,29,1993,7,4,424,4.7,0,0,0,0,0,0,2,0,0.0,0.0,0.0,0.0,0.0
FRA-Ligue 1,2223,Angers,Ibrahima Niane,SEN,FW,23,1999,16,15,1136,12.6,2,0,2,2,0,0,4,0,0.16,0.0,0.16,0.16,0.16
FRA-Ligue 1,2223,Angers,Ilyes Cheti,ALG,DF,27,1995,6,2,207,2.3,0,0,0,0,0,0,1,0,0.0,0.0,0.0,0.0,0.0
FRA-Ligue 1,2223,Angers,Jason Mbock,FRA,FW,22,1999,2,0,25,0.3,0,0,0,0,0,0,0,0,0.0,0.0,0.0,0.0,0.0
FRA-Ligue 1,2223,Angers,Jean Mattéo Bahoya,FRA,FW,17,2005,10,2,270,3.0,0,0,0,0,0,0,0,0,0.0,0.0,0.0,0.0,0.0
FRA-Ligue 1,2223,Angers,Justin-Noël Kalumba,FRA,DF,17,2004,7,7,546,6.1,0,0,0,0,0,0,0,0,0.0,0.0,0.0,0.0,0.0
FRA-Ligue 1,2223,Angers,Lilian Raolisoa,FRA,"DF,MF",22,2000,7,0,173,1.9,1,0,1,1,0,0,0,0,0.52,0.0,0.52,0.52,0.52
FRA-Ligue 1,2223,Angers,Lois Diony,FRA,FW,29,1992,11,5,506,5.6,2,0,2,2,0,0,1,0,0.36,0.0,0.36,0.36,0.36
FRA-Ligue 1,2223,Angers,Marin Jakoliš,CRO,"FW,MF",25,1996,1,0,28,0.3,0,0,0,0,0,0,0,0,0.0,0.0,0.0,0.0,0.0
FRA-Ligue 1,2223,Angers,Miha Blažič,SVN,DF,29,1993,24,22,1979,22.0,2,0,2,2,0,0,4,0,0.09,0.0,0.09,0.09,0.09
FRA-Ligue 1,2223,Angers,Nabil Bentaleb,ALG,MF,27,1994,30,29,2489,27.7,4,4,8,2,2,2,7,1,0.14,0.14,0.29,0.07,0.22
FRA-Ligue 1,2223,Angers,Ousmane Camara,MLI,DF,19,2003,9,6,521,5.8,0,0,0,0,0,0,2,0,0.0,0.0,0.0,0.0,0.0
FRA-Ligue 1,2223,Angers,Paul Bernardoni,FRA,GK,25,1997,27,27,2430,27.0,0,0,0,0,0,0,0,0,0.0,0.0,0.0,0.0,0.0
FRA-Ligue 1,2223,Angers,Pierrick Capelle,FRA,"MF,DF",35,1987,26,15,1428,15.9,0,3,3,0,0,0,8,0,0.0,0.19,0.19,0.0,0.19
FRA-Ligue 1,2223,Angers,Sada Thioub,SEN,"DF,MF",27,1995,27,11,1060,11.8,1,2,3,1,0,0,3,0,0.08,0.17,0.25,0.08,0.25
FRA-Ligue 1,2223,Angers,Sofiane Boufal,MAR,"MF,FW",28,1993,13,9,834,9.3,4,3,7,2,2,2,3,1,0.43,0.32,0.76,0.22,0.54
FRA-Ligue 1,2223,Angers,Souleyman Doumbia,CIV,"DF,MF",25,1996,24,21,1790,19.9,0,0,0,0,0,0,2,1,0.0,0.0,0.0,0.0,0.0
FRA-Ligue 1,2223,Angers,Waniss Taibi,FRA,MF,20,2002,11,1,189,2.1,0,1,1,0,0,0,1,0,0.0,0.48,0.48,0.0,0.48
FRA-Ligue 1,2223,Angers,Yahia Fofana,CIV,GK,21,2000,11,11,990,11.0,0,0,0,0,0,0,2,0,0.0,0.0,0.0,0.0,0.0
FRA-Ligue 1,2223,Angers,Yan Valery,TUN,DF,23,1999,30,30,2497,27.7,0,0,0,0,0,0,3,0,0.0,0.0,0.0,0.0,0.0
FRA-Ligue 1,2223,Angers,Zinédine Ould Khaled,FRA,MF,22,2000,4,0,51,0.6,0,0,0,0,0,0,0,0,0.0,0.0,0.0,0.0,0.0
FRA-Ligue 1,2223,Auxerre,Akim Zedadka,ALG,"MF,DF",27,1995,20,19,1599,17.8,0,0,0,0,0,0,5,0,0.0,0.0,0.0,0.0,0.0
FRA-Ligue 1,2223,Auxerre,Alexandre Coeff,FRA,DF,30,1992,7,6,586,6.5,0,1,1,0,0,0,0,0,0.0,0.15,0.15,0.0,0.15
FRA-Ligue 1,2223,Auxerre,Benoît Costil,FRA,GK,35,1987,19,19,1710,19.0,0,0,0,0,0,0,0,0,0.0,0.0,0.0,0.0,0.0
FRA-Ligue 1,2223,Auxerre,Birama Touré,MLI,MF,30,1992,38,38,3400,37.8,2,0,2,2,0,1,3,0,0.05,0.0,0.05,0.05,0.05
FRA-Ligue 1,2223,Auxerre,Brayann Pereira,FRA,DF,19,2003,2,2,180,2.0,0,0,0,0,0,0,0,0,0.0,0.0,0.0,0.0,0.0
FRA-Ligue 1,2223,Auxerre,Donovan Léon,GUF,GK,29,1992,2,2,180,2.0,0,0,0,0,0,0,0,0,0.0,0.0,0.0,0.0,0.0
FRA-Ligue 1,2223,Auxerre,Dénys Bain,FRA,DF,29,1993,2,1,126,1.4,0,0,0,0,0,0,0,0,0.0,0.0,0.0,0.0,0.0
FRA-Ligue 1,2223,Auxerre,Gauthier Hein,FRA,MF,25,1996,35,23,1874,20.8,2,0,2,2,0,0,1,0,0.1,0.0,0.1,0.1,0.1
FRA-Ligue 1,2223,Auxerre,Gaëtan Charbonnier,FRA,FW,33,1988,6,3,254,2.8,1,0,1,1,0,0,1,0,0.35,0.0,0.35,0.35,0.35
FRA-Ligue 1,2223,Auxerre,Gaëtan Perrin,FRA,"MF,FW",26,1996,37,15,1391,15.5,3,1,4,2,1,1,1,0,0.19,0.06,0.26,0.13,0.19
FRA-Ligue 1,2223,Auxerre,Gideon Mensah,GHA,"DF,MF",24,1998,26,26,2262,25.1,0,0,0,0,0,0,5,0,0.0,0.0,0.0,0.0,0.0
FRA-Ligue 1,2223,Auxerre,Hamza Sakhi,FRA,MF,26,1996,27,18,1658,18.4,1,2,3,1,0,0,1,0,0.05,0.11,0.16,0.05,0.16
FRA-Ligue 1,2223,Auxerre,Han-Noah Massengo,FRA,MF,21,2001,14,13,1116,12.4,0,0,0,0,0,0,3,0,0.0,0.0,0.0,0.0,0.0
FRA-Ligue 1,2223,Auxerre,Ionuț Radu,ROU,GK,25,1997,17,17,1530,17.0,0,0,0,0,0,0,0,0,0.0,0.0,0.0,0.0,0.0
FRA-Ligue 1,2223,Auxerre,Jubal,BRA,DF,28,1993,37,35,3217,35.7,3,1,4,2,1,1,7,0,0.08,0.03,0.11,0.06,0.08
FRA-Ligue 1,2223,Auxerre,Julian Jeanvier,GUI,DF,30,1992,22,20,1760,19.6,1,0,1,1,0,0,5,1,0.05,0.0,0.05,0.05,0.05
FRA-Ligue 1,2223,Auxerre,Kays Ruiz,FRA,MF,19,2002,1,1,62,0.7,0,0,0,0,0,0,1,0,0.0,0.0,0.0,0.0,0.0
FRA-Ligue 1,2223,Auxerre,Kenji-Van Boto,MAD,"MF,DF",26,1996,2,2,180,2.0,0,0,0,0,0,0,0,0,0.0,0.0,0.0,0.0,0.0
FRA-Ligue 1,2223,Auxerre,Kévin Danois,FRA,MF,18,2004,1,0,2,0.0,0,0,0,0,0,0,0,0,0.0,0.0,0.0,0.0,0.0
FRA-Ligue 1,2223,Auxerre,Lassine Sinayoko,MLI,"MF,FW",22,1999,33,16,1570,17.4,1,2,3,1,0,0,2,1,0.06,0.11,0.17,0.06,0.17
FRA-Ligue 1,2223,Auxerre,M'Baye Niang,SEN,FW,27,1994,30,17,1482,16.5,6,0,6,3,3,3,2,2,0.36,0.0,0.36,0.18,0.18
FRA-Ligue 1,2223,Auxerre,Mathias Autret,FRA,MF,31,1991,23,16,1290,14.3,2,2,4,1,1,1,0,0,0.14,0.14,0.28,0.07,0.21
FRA-Ligue 1,2223,Auxerre,Matthis Abline,FRA,FW,19,2003,19,8,806,9.0,2,1,3,1,1,2,1,0,0.22,0.11,0.33,0.11,0.22
FRA-Ligue 1,2223,Auxerre,Nuno da Costa,CPV,"FW,MF",31,1991,33,23,2003,22.3,5,4,9,5,0,0,5,1,0.22,0.18,0.4,0.22,0.4
FRA-Ligue 1,2223,Auxerre,Ousmane Camara,GUI,FW,20,2001,3,0,24,0.3,0,0,0,0,0,0,1,0,0.0,0.0,0.0,0.0,0.0
FRA-Ligue 1,2223,Auxerre,Paul Joly,FRA,DF,22,2000,10,10,867,9.6,0,0,0,0,0,0,2,0,0.0,0.0,0.0,0.0,0.0
FRA-Ligue 1,2223,Auxerre,Quentin Bernard,FRA,DF,33,1989,7,7,630,7.0,0,1,1,0,0,0,0,0,0.0,0.14,0.14,0.0,0.14
FRA-Ligue 1,2223,Auxerre,Rayan Raveloson,MAD,"DF,MF",25,1997,34,27,2431,27.0,2,1,3,2,0,0,0,0,0.07,0.04,0.11,0.07,0.11
FRA-Ligue 1,2223,Auxerre,Rémy Dugimont,FRA,"FW,MF",36,1986,11,0,113,1.3,0,1,1,0,0,0,1,0,0.0,0.8,0.8,0.0,0.8
FRA-Ligue 1,2223,Auxerre,Siriki Dembélé,CIV,MF,25,1996,12,4,372,4.1,0,0,0,0,0,0,1,0,0.0,0.0,0.0,0.0,0.0
FRA-Ligue 1,2223,Auxerre,Souleymane Touré,FRA,DF,19,2003,19,18,1588,17.6,1,0,1,1,0,0,5,1,0.06,0.0,0.06,0.06,0.06
FRA-Ligue 1,2223,Auxerre,Théo Pellenard,FRA,DF,28,1994,2,1,99,1.1,0,0,0,0,0,0,0,0,0.0,0.0,0.0,0.0,0.0
FRA-Ligue 1,2223,Auxerre,Youssouf M'Changama,COM,MF,31,1990,26,11,1081,12.0,0,0,0,0,0,0,1,0,0.0,0.0,0.0,0.0,0.0
FRA-Ligue 1,2223,Brest,Achraf Dari,MAR,DF,23,1999,18,15,1317,14.6,1,0,1,1,0,0,1,0,0.07,0.0,0.07,0.07,0.07
FRA-Ligue 1,2223,Brest,Alberth Elis,HON,MF,26,1996,10,2,257,2.9,0,0,0,0,0,0,0,0,0.0,0.0,0.0,0.0,0.0
FRA-Ligue 1,2223,Brest,Axel Camblan,FRA,FW,18,2003,7,0,68,0.8,0,0,0,0,0,0,0,0,0.0,0.0,0.0,0.0,0.0
FRA-Ligue 1,2223,Brest,Bradley Locko,FRA,DF,20,2002,7,2,270,3.0,0,0,0,0,0,0,0,0,0.0,0.0,0.0,0.0,0.0
FRA-Ligue 1,2223,Brest,Brendan Chardonnet,FRA,DF,27,1994,30,27,2491,27.7,0,0,0,0,0,0,6,0,0.0,0.0,0.0,0.0,0.0
FRA-Ligue 1,2223,Brest,Christophe Hérelle,MTQ,DF,29,1992,16,12,1060,11.8,0,0,0,0,0,0,2,0,0.0,0.0,0.0,0.0,0.0
FRA-Ligue 1,2223,Brest,Franck Honorat,FRA,"MF,FW",25,1996,33,29,2535,28.2,6,5,11,6,0,0,1,0,0.21,0.18,0.39,0.21,0.39
FRA-Ligue 1,2223,Brest,Félix Lemaréchal,FRA,MF,18,2003,13,2,288,3.2,0,0,0,0,0,0,2,0,0.0,0.0,0.0,0.0,0.0
FRA-Ligue 1,2223,Brest,Haris Belkebla,ALG,MF,28,1994,38,30,2656,29.5,2,0,2,1,1,1,3,0,0.07,0.0,0.07,0.03,0.03
FRA-Ligue 1,2223,Brest,Hianga'a Mbock,FRA,MF,22,1999,2,0,15,0.2,0,0,0,0,0,0,0,0,0.0,0.0,0.0,0.0,0.0
FRA-Ligue 1,2223,Brest,Hugo Magnetti,FRA,MF,24,1998,32,19,1688,18.8,1,2,3,1,0,0,2,0,0.05,0.11,0.16,0.05,0.16
FRA-Ligue 1,2223,Brest,Irvin Cardona,MLT,FW,24,1997,10,1,233,2.6,0,0,0,0,0,0,0,0,0.0,0.0,0.0,0.0,0.0
FRA-Ligue 1,2223,Brest,Islam Slimani,ALG,FW,34,1988,16,11,986,11.0,1,1,2,1,0,1,5,0,0.09,0.09,0.18,0.09,0.18
FRA-Ligue 1,2223,Brest,Jean-Kevin Duverne,HAI,DF,25,1997,34,27,2515,27.9,0,0,0,0,0,0,2,0,0.0,0.0,0.0,0.0,0.0
FRA-Ligue 1,2223,Brest,Jere Uronen,FIN,DF,28,1994,6,3,300,3.3,0,1,1,0,0,0,0,0,0.0,0.3,0.3,0.0,0.3
FRA-Ligue 1,2223,Brest,Joaquín Blázquez,ARG,GK,21,2001,1,1,90,1.0,0,0,0,0,0,0,0,0,0.0,0.0,0.0,0.0,0.0
FRA-Ligue 1,2223,Brest,Jérémy Le Douaron,FRA,"MF,FW",24,1998,32,24,2071,23.0,10,3,13,10,0,0,1,0,0.43,0.13,0.56,0.43,0.56
FRA-Ligue 1,2223,Brest,Karamoko Dembélé,ENG,"FW,MF",19,2003,15,0,179,2.0,0,0,0,0,0,0,0,0,0.0,0.0,0.0,0.0,0.0
FRA-Ligue 1,2223,Brest,Kenny Lala,MAD,DF,30,1991,17,16,1417,15.7,0,2,2,0,0,0,4,0,0.0,0.13,0.13,0.0,0.13
FRA-Ligue 1,2223,Brest,Lilian Brassier,FRA,DF,22,1999,36,35,3093,34.4,0,0,0,0,0,0,5,0,0.0,0.0,0.0,0.0,0.0
FRA-Ligue 1,2223,Brest,Mahdi Camara,FRA,MF,24,1998,31,20,1820,20.2,2,0,2,2,0,0,4,1,0.1,0.0,0.1,0.1,0.1
FRA-Ligue 1,2223,Brest,Marco Bizot,NED,GK,31,1991,37,37,3330,37.0,0,0,0,0,0,0,4,0,0.0,0.0,0.0,0.0,0.0
FRA-Ligue 1,2223,Brest,Mathias Pereira Lage,POR,"MF,FW",25,1996,24,16,1264,14.0,2,1,3,2,0,0,2,0,0.14,0.07,0.21,0.14,0.21
FRA-Ligue 1,2223,Brest,Noah Fadiga,SEN,DF,22,1999,21,16,1308,14.5,1,0,1,1,0,0,2,0,0.07,0.0,0.07,0.07,0.07
FRA-Ligue 1,2223,Brest,Pierre Lees-Melou,FRA,MF,29,1993,32,32,2767,30.7,5,5,10,5,0,0,10,1,0.16,0.16,0.33,0.16,0.33
FRA-Ligue 1,2223,Brest,Romain Del Castillo,FRA,"MF,FW",26,1996,27,16,1422,15.8,6,6,12,1,5,5,2,0,0.38,0.38,0.76,0.06,0.44
FRA-Ligue 1,2223,Brest,Steve Mounié,BEN,FW,27,1994,23,20,1655,18.4,6,0,6,5,1,1,2,0,0.33,0.0,0.33,0.27,0.27
FRA-Ligue 1,2223,Brest,Taïryk Arconte,FRA,FW,18,2003,4,1,128,1.4,0,0,0,0,0,0,0,0,0.0,0.0,0.0,0.0,0.0
FRA-Ligue 1,2223,Brest,Youcef Belaïli,ALG,"MF,FW",30,1992,6,4,356,4.0,0,2,2,0,0,0,3,0,0.0,0.51,0.51,0.0,0.51
FRA-Ligue 1,2223,Clermont Foot,Alidu Seidu,GHA,DF,22,2000,28,28,2458,27.3,0,0,0,0,0,0,10,1,0.0,0.0,0.0,0.0,0.0
FRA-Ligue 1,2223,Clermont Foot,Arial Mendy,SEN,MF,27,1994,5,1,223,2.5,0,0,0,0,0,0,0,0,0.0,0.0,0.0,0.0,0.0
FRA-Ligue 1,2223,Clermont Foot,Aïman Maurer,MAR,MF,17,2004,10,6,501,5.6,0,1,1,0,0,0,0,0,0.0,0.18,0.18,0.0,0.18
FRA-Ligue 1,2223,Clermont Foot,Baila Diallo,FRA,DF,21,2001,6,0,89,1.0,0,0,0,0,0,0,0,0,0.0,0.0,0.0,0.0,0.0
FRA-Ligue 1,2223,Clermont Foot,Brandon Baiye,BEL,MF,21,2000,7,0,51,0.6,0,0,0,0,0,0,0,0,0.0,0.0,0.0,0.0,0.0
FRA-Ligue 1,2223,Clermont Foot,Cheick Konaté,MLI,DF,18,2004,9,6,572,6.4,0,0,0,0,0,0,2,0,0.0,0.0,0.0,0.0,0.0
FRA-Ligue 1,2223,Clermont Foot,Elba Rashani,KVX,MF,29,1993,32,26,2162,24.0,3,3,6,3,0,0,3,0,0.12,0.12,0.25,0.12,0.25
FRA-Ligue 1,2223,Clermont Foot,Florent Ogier,FRA,DF,33,1989,26,18,1701,18.9,0,1,1,0,0,0,4,0,0.0,0.05,0.05,0.0,0.05
FRA-Ligue 1,2223,Clermont Foot,Grejohn Kyei,FRA,FW,26,1995,37,26,2232,24.8,10,3,13,6,4,6,3,0,0.4,0.12,0.52,0.24,0.36
FRA-Ligue 1,2223,Clermont Foot,Jason Berthomier,FRA,MF,32,1990,2,0,23,0.3,0,0,0,0,0,0,0,0,0.0,0.0,0.0,0.0,0.0
FRA-Ligue 1,2223,Clermont Foot,Jean-Claude Billong,CMR,DF,28,1993,1,0,23,0.3,0,0,0,0,0,0,0,0,0.0,0.0,0.0,0.0,0.0
FRA-Ligue 1,2223,Clermont Foot,Jim Allevinah,GAB,MF,27,1995,36,25,2244,24.9,1,1,2,1,0,0,2,0,0.04,0.04,0.08,0.04,0.08
FRA-Ligue 1,2223,Clermont Foot,Jodel Dossou,BEN,MF,30,1992,9,2,258,2.9,1,0,1,1,0,0,0,0,0.35,0.0,0.35,0.35,0.35
FRA-Ligue 1,2223,Clermont Foot,Johan Gastien,FRA,MF,34,1988,31,29,2603,28.9,4,3,7,4,0,0,7,0,0.14,0.1,0.24,0.14,0.24
FRA-Ligue 1,2223,Clermont Foot,Jérémie Bela,ANG,MF,29,1993,19,7,743,8.3,1,1,2,1,0,0,0,0,0.12,0.12,0.24,0.12,0.24
FRA-Ligue 1,2223,Clermont Foot,Komnen Andrić,SRB,FW,27,1995,34,16,1446,16.1,4,3,7,3,1,2,4,0,0.25,0.19,0.44,0.19,0.37
FRA-Ligue 1,2223,Clermont Foot,Mateusz Wieteska,POL,DF,25,1997,35,35,3117,34.6,0,1,1,0,0,0,7,1,0.0,0.03,0.03,0.0,0.03
FRA-Ligue 1,2223,Clermont Foot,Maxime Gonalons,FRA,MF,33,1989,25,19,1449,16.1,1,0,1,1,0,0,3,0,0.06,0.0,0.06,0.06,0.06
FRA-Ligue 1,2223,Clermont Foot,Maximiliano Caufriez,BEL,DF,25,1997,26,25,2222,24.7,1,0,1,1,0,0,10,1,0.04,0.0,0.04,0.04,0.04
FRA-Ligue 1,2223,Clermont Foot,Mehdi Zeffane,ALG,"MF,DF",30,1992,18,7,658,7.3,1,1,2,1,0,0,1,0,0.14,0.14,0.27,0.14,0.27
FRA-Ligue 1,2223,Clermont Foot,Mory Diaw,SEN,GK,29,1993,37,37,3330,37.0,0,0,0,0,0,0,0,0,0.0,0.0,0.0,0.0,0.0
FRA-Ligue 1,2223,Clermont Foot,Muhammed Cham,AUT,MF,21,2000,38,23,1968,21.9,7,4,11,5,2,2,2,0,0.32,0.18,0.5,0.23,0.41
FRA-Ligue 1,2223,Clermont Foot,Neto Borges,BRA,"MF,DF",25,1996,33,33,2833,31.5,3,1,4,3,0,0,4,2,0.1,0.03,0.13,0.1,0.13
FRA-Ligue 1,2223,Clermont Foot,Ouparine Djoco,GNB,GK,24,1998,1,1,90,1.0,0,0,0,0,0,0,0,0,0.0,0.0,0.0,0.0,0.0
FRA-Ligue 1,2223,Clermont Foot,Saîf-Eddine Khaoui,TUN,MF,27,1995,34,23,2027,22.5,7,3,10,7,0,0,4,0,0.31,0.13,0.44,0.31,0.44
FRA-Ligue 1,2223,Clermont Foot,Souleymane Cissé,FRA,DF,19,2002,2,0,36,0.4,0,0,0,0,0,0,0,0,0.0,0.0,0.0,0.0,0.0
FRA-Ligue 1,2223,Clermont Foot,Yanis Massolin,FRA,MF,19,2002,6,0,60,0.7,0,0,0,0,0,0,0,0,0.0,0.0,0.0,0.0,0.0
FRA-Ligue 1,2223,Clermont Foot,Yohann Magnin,FRA,MF,25,1997,38,25,2399,26.7,0,0,0,0,0,0,6,0,0.0,0.0,0.0,0.0,0.0
FRA-Ligue 1,2223,Lens,Adam Buksa,POL,FW,26,1996,8,0,101,1.1,0,0,0,0,0,0,0,0,0.0,0.0,0.0,0.0,0.0
FRA-Ligue 1,2223,Lens,Adrien Thomasson,FRA,"MF,FW",28,1993,20,16,1278,14.2,5,5,10,5,0,0,1,0,0.35,0.35,0.7,0.35,0.7
FRA-Ligue 1,2223,Lens,Alexis Claude-Maurice,FRA,"MF,FW",24,1998,20,5,604,6.7,5,3,8,5,0,0,0,0,0.75,0.45,1.19,0.75,1.19
FRA-Ligue 1,2223,Lens,Angelo Fulgini,NCL,"MF,FW",25,1996,17,12,858,9.5,1,1,2,1,0,0,0,0,0.1,0.1,0.21,0.1,0.21
FRA-Ligue 1,2223,Lens,Brice Samba,FRA,GK,28,1994,37,37,3330,37.0,0,0,0,0,0,0,3,0,0.0,0.0,0.0,0.0,0.0
FRA-Ligue 1,2223,Lens,Christopher Wooh,CMR,DF,20,2001,1,0,4,0.0,0,0,0,0,0,0,0,0,0.0,0.0,0.0,0.0,0.0
FRA-Ligue 1,2223,Lens,David Costa,POR,"MF,FW",21,2001,31,16,1407,15.6,1,3,4,1,0,0,2,0,0.06,0.19,0.26,0.06,0.26
FRA-Ligue 1,2223,Lens,Deiver Machado,COL,MF,28,1993,33,26,2184,24.3,4,3,7,4,0,0,5,1,0.16,0.12,0.29,0.16,0.29
FRA-Ligue 1,2223,Lens,Facundo Medina,ARG,DF,23,1999,32,32,2779,30.9,2,4,6,2,0,0,7,0,0.06,0.13,0.19,0.06,0.19
FRA-Ligue 1,2223,Lens,Florian Sotoca,FRA,"MF,FW",31,1990,38,34,3054,33.9,7,9,16,6,1,3,4,0,0.21,0.27,0.47,0.18,0.44
FRA-Ligue 1,2223,Lens,Gaël Kakuta,COD,"FW,MF",31,1991,2,0,22,0.2,0,0,0,0,0,0,0,0,0.0,0.0,0.0,0.0,0.0
FRA-Ligue 1,2223,Lens,Ignatius Ganago,CMR,"FW,MF",23,1999,4,0,59,0.7,0,0,0,0,0,0,0,0,0.0,0.0,0.0,0.0,0.0
FRA-Ligue 1,2223,Lens,Ismaël Boura,COM,DF,21,2000,9,0,93,1.0,0,0,0,0,0,0,0,0,0.0,0.0,0.0,0.0,0.0
FRA-Ligue 1,2223,Lens,Jean Onana,CMR,"MF,DF",22,2000,21,9,810,9.0,0,0,0,0,0,0,3,0,0.0,0.0,0.0,0.0,0.0
FRA-Ligue 1,2223,Lens,Jean-Louis Leca,FRA,GK,36,1985,1,1,90,1.0,0,0,0,0,0,0,0,0,0.0,0.0,0.0,0.0,0.0
FRA-Ligue 1,2223,Lens,Jimmy Cabot,FRA,MF,28,1994,11,5,511,5.7,0,1,1,0,0,0,2,0,0.0,0.18,0.18,0.0,0.18
FRA-Ligue 1,2223,Lens,Jonathan Gradit,FRA,DF,29,1992,33,33,2823,31.4,1,3,4,1,0,0,7,0,0.03,0.1,0.13,0.03,0.13
FRA-Ligue 1,2223,Lens,Julien Le Cardinal,FRA,"MF,DF",24,1997,8,2,165,1.8,0,0,0,0,0,0,0,0,0.0,0.0,0.0,0.0,0.0
FRA-Ligue 1,2223,Lens,Kevin Danso,AUT,DF,23,1998,37,37,3232,35.9,1,2,3,1,0,0,7,1,0.03,0.06,0.08,0.03,0.08
FRA-Ligue 1,2223,Lens,Loïs Openda,BEL,FW,22,2000,38,29,2517,28.0,21,4,25,20,1,1,2,0,0.75,0.14,0.89,0.72,0.86
FRA-Ligue 1,2223,Lens,Massadio Haïdara,MLI,"DF,MF",29,1992,36,17,1671,18.6,0,1,1,0,0,0,5,0,0.0,0.05,0.05,0.0,0.05
FRA-Ligue 1,2223,Lens,Patrick Berg,NOR,"DF,MF",24,1997,3,0,25,0.3,0,0,0,0,0,0,0,0,0.0,0.0,0.0,0.0,0.0
FRA-Ligue 1,2223,Lens,Przemysław Frankowski,POL,MF,27,1995,37,31,2833,31.5,5,3,8,2,3,3,4,0,0.16,0.1,0.25,0.06,0.16
FRA-Ligue 1,2223,Lens,Rémy Labeau Lascary,GLP,"FW,MF",19,2003,10,0,123,1.4,0,0,0,0,0,0,0,0,0.0,0.0,0.0,0.0,0.0
FRA-Ligue 1,2223,Lens,Salis Abdul Samed,GHA,MF,22,2000,33,33,2894,32.2,1,1,2,1,0,0,6,1,0.03,0.03,0.06,0.03,0.06
FRA-Ligue 1,2223,Lens,Seko Fofana,CIV,MF,27,1995,35,34,3073,34.1,7,5,12,6,1,2,2,0,0.21,0.15,0.35,0.18,0.32
FRA-Ligue 1,2223,Lens,Steven Fortes,CPV,DF,30,1992,1,0,7,0.1,0,0,0,0,0,0,0,0,0.0,0.0,0.0,0.0,0.0
FRA-Ligue 1,2223,Lens,Wesley Saïd,FRA,FW,27,1995,21,6,644,7.2,5,0,5,5,0,0,2,0,0.7,0.0,0.7,0.7,0.7
FRA-Ligue 1,2223,Lens,Łukasz Poręba,POL,MF,22,2000,10,3,260,2.9,0,1,1,0,0,0,1,0,0.0,0.35,0.35,0.0,0.35
FRA-Ligue 1,2223,Lille,Adam Ounas,ALG,MF,25,1996,21,12,1064,11.8,1,1,2,1,0,0,2,0,0.08,0.08,0.17,0.08,0.17
FRA-Ligue 1,2223,Lille,Akim Zedadka,ALG,"DF,MF",27,1995,8,4,354,3.9,1,0,1,1,0,0,1,0,0.25,0.0,0.25,0.25,0.25
FRA-Ligue 1,2223,Lille,Alan Virginius,FRA,FW,19,2003,15,1,258,2.9,1,0,1,1,0,0,1,0,0.35,0.0,0.35,0.35,0.35
FRA-Ligue 1,2223,Lille,Alexsandro Ribeiro,BRA,DF,22,1999,21,16,1612,17.9,3,0,3,3,0,0,4,0,0.17,0.0,0.17,0.17,0.17
FRA-Ligue 1,2223,Lille,Amine Messoussa,ALG,FW,17,2004,1,0,1,0.0,0,0,0,0,0,0,0,0,0.0,0.0,0.0,0.0,0.0
FRA-Ligue 1,2223,Lille,André Gomes,POR,MF,29,1993,26,18,1629,18.1,3,2,5,3,0,0,6,0,0.17,0.11,0.28,0.17,0.28
FRA-Ligue 1,2223,Lille,Angel Gomes,ENG,MF,21,2000,36,34,2816,31.3,2,6,8,1,1,1,8,0,0.06,0.19,0.26,0.03,0.22
FRA-Ligue 1,2223,Lille,Bafodé Diakité,FRA,DF,21,2001,33,29,2653,29.5,3,0,3,3,0,0,6,0,0.1,0.0,0.1,0.1,0.1
FRA-Ligue 1,2223,Lille,Benjamin André,FRA,MF,31,1990,34,33,2916,32.4,1,1,2,1,0,0,12,0,0.03,0.03,0.06,0.03,0.06
FRA-Ligue 1,2223,Lille,Carlos Baleba,CMR,"MF,FW",18,2004,19,5,478,5.3,0,0,0,0,0,0,3,1,0.0,0.0,0.0,0.0,0.0
FRA-Ligue 1,2223,Lille,Edon Zhegrova,KVX,MF,23,1999,22,11,1056,11.7,3,4,7,3,0,0,1,0,0.26,0.34,0.6,0.26,0.6
FRA-Ligue 1,2223,Lille,Gabriel Gudmundsson,SWE,"DF,MF",23,1999,18,9,838,9.3,0,0,0,0,0,0,3,0,0.0,0.0,0.0,0.0,0.0
FRA-Ligue 1,2223,Lille,Ismaily,BRA,"DF,MF",32,1990,23,21,1779,19.8,2,1,3,2,0,0,0,0,0.1,0.05,0.15,0.1,0.15
FRA-Ligue 1,2223,Lille,Jonas Martin,FRA,MF,32,1990,12,2,277,3.1,0,0,0,0,0,0,2,0,0.0,0.0,0.0,0.0,0.0
FRA-Ligue 1,2223,Lille,Jonathan Bamba,CIV,MF,26,1996,34,32,2783,30.9,6,7,13,6,0,0,6,0,0.19,0.23,0.42,0.19,0.42
FRA-Ligue 1,2223,Lille,Jonathan David,CAN,"FW,MF",22,2000,37,36,3166,35.2,24,4,28,14,10,11,6,0,0.68,0.11,0.8,0.4,0.51
FRA-Ligue 1,2223,Lille,José Fonte,POR,DF,38,1983,31,30,2592,28.8,1,0,1,1,0,0,7,0,0.03,0.0,0.03,0.03,0.03
FRA-Ligue 1,2223,Lille,Leny Yoro,FRA,"DF,MF",16,2005,13,8,769,8.5,0,0,0,0,0,0,0,0,0.0,0.0,0.0,0.0,0.0
FRA-Ligue 1,2223,Lille,Lucas Chevalier,FRA,GK,20,2001,32,32,2880,32.0,0,0,0,0,0,0,1,0,0.0,0.0,0.0,0.0,0.0
FRA-Ligue 1,2223,Lille,Léo Jardim,BRA,GK,27,1995,6,6,540,6.0,0,0,0,0,0,0,0,0,0.0,0.0,0.0,0.0,0.0
FRA-Ligue 1,2223,Lille,Mohamed Lamine Bayo,GUI,FW,24,1998,27,6,651,7.2,4,1,5,4,0,0,1,0,0.55,0.14,0.69,0.55,0.69
FRA-Ligue 1,2223,Lille,Rémy Cabella,FRA,MF,32,1990,32,28,2525,28.1,7,10,17,7,0,0,3,0,0.25,0.36,0.61,0.25,0.61
FRA-Ligue 1,2223,Lille,Simon Ramet,FRA,MF,19,2003,1,0,1,0.0,0,0,0,0,0,0,0,0,0.0,0.0,0.0,0.0,0.0
FRA-Ligue 1,2223,Lille,Tiago Djaló,POR,DF,22,2000,25,24,2017,22.4,2,0,2,2,0,0,7,0,0.09,0.0,0.09,0.09,0.09
FRA-Ligue 1,2223,Lille,Timothy Weah,USA,"DF,MF",22,2000,29,18,1748,19.4,0,2,2,0,0,0,2,0,0.0,0.1,0.1,0.0,0.1
FRA-Ligue 1,2223,Lille,Yusuf Yazıcı,TUR,MF,25,1997,4,3,200,2.2,1,1,2,1,0,0,0,0,0.45,0.45,0.9,0.45,0.9
FRA-Ligue 1,2223,Lorient,Adil Aouchiche,ALG,MF,20,2002,11,1,250,2.8,0,0,0,0,0,0,0,0,0.0,0.0,0.0,0.0,0.0
FRA-Ligue 1,2223,Lorient,Adrian Grbić,AUT,"FW,MF",25,1996,2,0,25,0.3,0,0,0,0,0,0,0,0,0.0,0.0,0.0,0.0,0.0
FRA-Ligue 1,2223,Lorient,Armand Lauriente,FRA,"MF,FW",23,1998,3,3,266,3.0,1,0,1,1,0,0,0,0,0.34,0.0,0.34,0.34,0.34
FRA-Ligue 1,2223,Lorient,Ayman Kari,FRA,MF,17,2004,5,0,96,1.1,0,0,0,0,0,0,0,0,0.0,0.0,0.0,0.0,0.0
FRA-Ligue 1,2223,Lorient,Bamba Dieng,SEN,"FW,MF",22,2000,15,9,747,8.3,3,0,3,2,1,1,1,0,0.36,0.0,0.36,0.24,0.24
FRA-Ligue 1,2223,Lorient,Bamo Meïté,CIV,DF,20,2001,17,16,1503,16.7,1,0,1,1,0,0,5,0,0.06,0.0,0.06,0.06,0.06
FRA-Ligue 1,2223,Lorient,Bonke Innocent,NGA,MF,26,1996,25,14,1182,13.1,0,1,1,0,0,0,5,0,0.0,0.08,0.08,0.0,0.08
FRA-Ligue 1,2223,Lorient,Chrislain Matsima,FRA,DF,20,2002,6,2,227,2.5,0,0,0,0,0,0,0,0,0.0,0.0,0.0,0.0,0.0
FRA-Ligue 1,2223,Lorient,Dango Ouattara,BFA,"MF,FW",20,2002,18,18,1548,17.2,6,5,11,6,0,0,3,1,0.35,0.29,0.64,0.35,0.64
FRA-Ligue 1,2223,Lorient,Darlin Yongwa,CMR,"MF,DF",21,2000,14,8,781,8.7,1,1,2,1,0,0,2,0,0.12,0.12,0.23,0.12,0.23
FRA-Ligue 1,2223,Lorient,Eli Junior Kroupi,FRA,"FW,MF",16,2006,1,0,8,0.1,0,0,0,0,0,0,0,0,0.0,0.0,0.0,0.0,0.0
FRA-Ligue 1,2223,Lorient,Enzo Le Fée,FRA,MF,22,2000,35,35,3028,33.6,5,6,11,5,0,0,5,0,0.15,0.18,0.33,0.15,0.33
FRA-Ligue 1,2223,Lorient,Gédéon Kalulu,COD,"DF,MF",24,1997,29,28,2438,27.1,0,4,4,0,0,0,6,0,0.0,0.15,0.15,0.0,0.15
FRA-Ligue 1,2223,Lorient,Ibrahima Koné,MLI,FW,23,1999,37,15,1577,17.5,7,1,8,5,2,3,3,0,0.4,0.06,0.46,0.29,0.34
FRA-Ligue 1,2223,Lorient,Igor Carioca,BRA,"DF,MF",25,1996,7,5,456,5.1,0,0,0,0,0,0,2,1,0.0,0.0,0.0,0.0,0.0
FRA-Ligue 1,2223,Lorient,Jean-Victor Makengo,FRA,MF,24,1998,15,12,1064,11.8,0,0,0,0,0,0,2,1,0.0,0.0,0.0,0.0,0.0
FRA-Ligue 1,2223,Lorient,Julien Laporte,FRA,DF,28,1993,20,19,1654,18.4,0,0,0,0,0,0,1,0,0.0,0.0,0.0,0.0,0.0
FRA-Ligue 1,2223,Lorient,Julien Ponceau,FRA,MF,21,2000,31,20,1655,18.4,1,4,5,1,0,0,1,0,0.05,0.22,0.27,0.05,0.27
FRA-Ligue 1,2223,Lorient,Laurent Abergel,FRA,MF,29,1993,29,28,2342,26.0,0,1,1,0,0,0,7,1,0.0,0.04,0.04,0.0,0.04
FRA-Ligue 1,2223,Lorient,Montassar Talbi,TUN,DF,24,1998,38,38,3420,38.0,1,2,3,1,0,0,0,0,0.03,0.05,0.08,0.03,0.08
FRA-Ligue 1,2223,Lorient,Quentin Boisgard,FRA,MF,25,1997,5,1,184,2.0,1,0,1,1,0,0,1,0,0.49,0.0,0.49,0.49,0.49
FRA-Ligue 1,2223,Lorient,Romain Faivre,FRA,MF,24,1998,16,14,1246,13.8,5,3,8,5,0,0,0,0,0.36,0.22,0.58,0.36,0.58
FRA-Ligue 1,2223,Lorient,Siriné Doucouré,MLI,FW,20,2002,12,0,136,1.5,0,1,1,0,0,0,0,0,0.0,0.66,0.66,0.0,0.66
FRA-Ligue 1,2223,Lorient,Stéphane Diarra,FRA,"MF,FW",23,1998,28,14,1066,11.8,2,0,2,2,0,0,1,0,0.17,0.0,0.17,0.17,0.17
FRA-Ligue 1,2223,Lorient,Terem Moffi,NGA,FW,23,1999,18,17,1386,15.4,12,0,12,11,1,2,1,0,0.78,0.0,0.78,0.71,0.71
FRA-Ligue 1,2223,Lorient,Théo Le Bris,FRA,"MF,DF",19,2002,27,15,1452,16.1,2,2,4,2,0,0,0,0,0.12,0.12,0.25,0.12,0.25
FRA-Ligue 1,2223,Lorient,Vincent Le Goff,FRA,DF,32,1989,37,37,3330,37.0,0,0,0,0,0,0,1,0,0.0,0.0,0.0,0.0,0.0
FRA-Ligue 1,2223,Lorient,Vito Mannone,ITA,GK,34,1988,18,17,1608,17.9,0,0,0,0,0,0,1,0,0.0,0.0,0.0,0.0,0.0
FRA-Ligue 1,2223,Lorient,Yoann Cathline,FRA,MF,20,2002,23,11,1090,12.1,1,1,2,1,0,0,0,0,0.08,0.08,0.17,0.08,0.17
FRA-Ligue 1,2223,Lorient,Yvon Mvogo,SUI,GK,28,1994,21,21,1812,20.1,0,0,0,0,0,0,0,0,0.0,0.0,0.0,0.0,0.0
FRA-Ligue 1,2223,Lyon,Alexandre Lacazette,FRA,FW,31,1991,35,34,2929,32.5,27,5,32,21,6,8,3,0,0.83,0.15,0.98,0.65,0.8
FRA-Ligue 1,2223,Lyon,Amin Sarr,SWE,FW,21,2001,13,6,537,6.0,1,1,2,1,0,0,0,0,0.17,0.17,0.34,0.17,0.34
FRA-Ligue 1,2223,Lyon,Anthony Lopes,POR,GK,31,1990,32,32,2816,31.3,0,0,0,0,0,0,2,1,0.0,0.0,0.0,0.0,0.0
FRA-Ligue 1,2223,Lyon,Bradley Barcola,FRA,"FW,MF",19,2002,26,15,1440,16.0,5,8,13,5,0,0,3,0,0.31,0.5,0.81,0.31,0.81
FRA-Ligue 1,2223,Lyon,Castello Lukeba,FRA,DF,19,2002,34,33,2986,33.2,2,0,2,2,0,0,9,1,0.06,0.0,0.06,0.06,0.06
FRA-Ligue 1,2223,Lyon,Corentin Tolisso,FRA,MF,27,1994,30,25,2036,22.6,1,2,3,1,0,0,3,0,0.04,0.09,0.13,0.04,0.13
FRA-Ligue 1,2223,Lyon,Damien Da Silva,FRA,DF,34,1988,7,3,338,3.8,0,0,0,0,0,0,2,0,0.0,0.0,0.0,0.0,0.0
FRA-Ligue 1,2223,Lyon,Dejan Lovren,CRO,DF,33,1989,17,17,1459,16.2,1,0,1,1,0,0,2,0,0.06,0.0,0.06,0.06,0.06
FRA-Ligue 1,2223,Lyon,Henrique,BRA,"DF,MF",28,1994,7,3,356,4.0,0,1,1,0,0,0,0,0,0.0,0.25,0.25,0.0,0.25
FRA-Ligue 1,2223,Lyon,Houssem Aouar,ALG,"MF,FW",24,1998,16,6,526,5.8,1,1,2,1,0,0,2,0,0.17,0.17,0.34,0.17,0.34
FRA-Ligue 1,2223,Lyon,Jeff Reine-Adélaïde,FRA,MF,24,1998,14,1,336,3.7,0,0,0,0,0,0,1,0,0.0,0.0,0.0,0.0,0.0
FRA-Ligue 1,2223,Lyon,Jeffinho,BRA,"MF,FW",22,1999,9,4,446,5.0,1,0,1,1,0,0,1,0,0.2,0.0,0.2,0.2,0.2
FRA-Ligue 1,2223,Lyon,Johann Lepenant,FRA,MF,19,2002,31,21,1933,21.5,1,2,3,1,0,0,4,0,0.05,0.09,0.14,0.05,0.14
FRA-Ligue 1,2223,Lyon,Jérôme Boateng,GER,DF,33,1988,8,6,428,4.8,0,0,0,0,0,0,0,0,0.0,0.0,0.0,0.0,0.0
FRA-Ligue 1,2223,Lyon,Karl Toko Ekambi,CMR,"FW,MF",29,1992,19,15,1353,15.0,4,2,6,4,0,0,1,0,0.27,0.13,0.4,0.27,0.4
FRA-Ligue 1,2223,Lyon,Lucas Paquetá,BRA,MF,24,1997,2,2,159,1.8,0,0,0,0,0,0,0,0,0.0,0.0,0.0,0.0,0.0
FRA-Ligue 1,2223,Lyon,Malo Gusto,FRA,"DF,MF",19,2003,21,19,1595,17.7,0,1,1,0,0,0,1,0,0.0,0.06,0.06,0.0,0.06
FRA-Ligue 1,2223,Lyon,Mamadou Sarr,SEN,DF,16,2005,1,0,8,0.1,0,0,0,0,0,0,0,0,0.0,0.0,0.0,0.0,0.0
FRA-Ligue 1,2223,Lyon,Maxence Caqueret,FRA,MF,22,2000,36,32,2767,30.7,4,7,11,4,0,0,2,0,0.13,0.23,0.36,0.13,0.36
FRA-Ligue 1,2223,Lyon,Mohamed El Arouch,FRA,MF,18,2004,1,0,2,0.0,0,0,0,0,0,0,0,0,0.0,0.0,0.0,0.0,0.0
FRA-Ligue 1,2223,Lyon,Moussa Dembélé,FRA,FW,26,1996,23,8,877,9.7,3,0,3,3,0,0,1,0,0.31,0.0,0.31,0.31,0.31
FRA-Ligue 1,2223,Lyon,Nicolás Tagliafico,ARG,"DF,MF",29,1992,34,34,2991,33.2,1,3,4,1,0,0,5,0,0.03,0.09,0.12,0.03,0.12
FRA-Ligue 1,2223,Lyon,Rayan Cherki,FRA,"MF,FW",18,2003,34,21,1872,20.8,4,6,10,4,0,0,3,0,0.19,0.29,0.48,0.19,0.48
FRA-Ligue 1,2223,Lyon,Romain Faivre,FRA,MF,24,1998,10,3,300,3.3,0,1,1,0,0,0,0,0,0.0,0.3,0.3,0.0,0.3
FRA-Ligue 1,2223,Lyon,Rémy Riou,FRA,GK,34,1987,7,6,601,6.7,0,0,0,0,0,0,0,0,0.0,0.0,0.0,0.0,0.0
FRA-Ligue 1,2223,Lyon,Sael Kumbedi,FRA,"DF,MF",17,2005,20,14,1320,14.7,0,2,2,0,0,0,8,0,0.0,0.14,0.14,0.0,0.14
FRA-Ligue 1,2223,Lyon,Sinaly Diomande,CIV,DF,21,2001,24,22,1957,21.7,0,0,0,0,0,0,2,1,0.0,0.0,0.0,0.0,0.0
FRA-Ligue 1,2223,Lyon,Tetê,BRA,"FW,MF",22,2000,17,14,1107,12.3,6,2,8,6,0,0,3,0,0.49,0.16,0.65,0.49,0.65
FRA-Ligue 1,2223,Lyon,Thiago Mendes,BRA,"MF,DF",30,1992,31,22,2063,22.9,1,1,2,1,0,0,3,0,0.04,0.04,0.09,0.04,0.09
FRA-Ligue 1,2223,Marseille,Alexis Sánchez,CHI,"FW,MF",33,1988,35,32,2679,29.8,14,3,17,12,2,3,3,0,0.47,0.1,0.57,0.4,0.5
FRA-Ligue 1,2223,Marseille,Amine Harit,MAR,"MF,FW",25,1997,10,6,515,5.7,0,0,0,0,0,0,1,0,0.0,0.0,0.0,0.0,0.0
FRA-Ligue 1,2223,Marseille,Arkadiusz Milik,POL,FW,28,1994,2,2,129,1.4,0,0,0,0,0,0,1,0,0.0,0.0,0.0,0.0,0.0
FRA-Ligue 1,2223,Marseille,Azzedine Ounahi,MAR,MF,22,2000,7,1,121,1.3,1,0,1,1,0,0,0,0,0.74,0.0,0.74,0.74,0.74
FRA-Ligue 1,2223,Marseille,Bamba Dieng,SEN,FW,22,2000,10,1,194,2.2,1,0,1,1,0,0,1,0,0.46,0.0,0.46,0.46,0.46
FRA-Ligue 1,2223,Marseille,Cengiz Ünder,TUR,MF,25,1997,37,28,2490,27.7,5,4,9,4,1,1,3,0,0.18,0.14,0.33,0.14,0.29
FRA-Ligue 1,2223,Marseille,Chancel Mbemba,COD,DF,27,1994,36,32,2849,31.7,5,0,5,5,0,0,2,0,0.16,0.0,0.16,0.16,0.16
FRA-Ligue 1,2223,Marseille,Cédric Bakambu,COD,FW,31,1991,3,0,59,0.7,0,1,1,0,0,0,0,0,0.0,1.53,1.53,0.0,1.53
FRA-Ligue 1,2223,Marseille,Dimitri Payet,FRA,MF,35,1987,24,9,835,9.3,4,3,7,3,1,1,0,0,0.43,0.32,0.75,0.32,0.65
FRA-Ligue 1,2223,Marseille,Duje Ćaleta-Car,CRO,DF,25,1996,1,0,8,0.1,0,0,0,0,0,0,0,0,0.0,0.0,0.0,0.0,0.0
FRA-Ligue 1,2223,Marseille,Eric Bailly,CIV,DF,28,1994,17,5,543,6.0,0,0,0,0,0,0,1,0,0.0,0.0,0.0,0.0,0.0
FRA-Ligue 1,2223,Marseille,François Mughe,CMR,FW,18,2004,1,0,11,0.1,0,0,0,0,0,0,0,0,0.0,0.0,0.0,0.0,0.0
FRA-Ligue 1,2223,Marseille,Gerson,BRA,MF,25,1997,10,6,417,4.6,2,0,2,2,0,0,1,0,0.43,0.0,0.43,0.43,0.43
FRA-Ligue 1,2223,Marseille,Issa Kaboré,BFA,MF,21,2001,22,9,1028,11.4,1,0,1,1,0,0,1,0,0.09,0.0,0.09,0.09,0.09
FRA-Ligue 1,2223,Marseille,Jonathan Clauss,FRA,MF,29,1992,34,32,2590,28.8,2,9,11,2,0,0,1,0,0.07,0.31,0.38,0.07,0.38
FRA-Ligue 1,2223,Marseille,Jordan Veretout,FRA,MF,29,1993,38,31,2863,31.8,4,3,7,3,1,1,4,0,0.13,0.09,0.22,0.09,0.19
FRA-Ligue 1,2223,Marseille,Leonardo Balerdi,ARG,DF,23,1999,35,30,2639,29.3,0,1,1,0,0,0,9,1,0.0,0.03,0.03,0.0,0.03
FRA-Ligue 1,2223,Marseille,Luis Suárez,COL,FW,24,1997,7,2,293,3.3,3,1,4,3,0,0,1,0,0.92,0.31,1.23,0.92,1.23
FRA-Ligue 1,2223,Marseille,Mattéo Guendouzi,FRA,MF,23,1999,33,25,2108,23.4,2,4,6,1,1,1,3,0,0.09,0.17,0.26,0.04,0.21
FRA-Ligue 1,2223,Marseille,Nuno Tavares,POR,MF,22,2000,31,23,2349,26.1,6,0,6,6,0,0,6,1,0.23,0.0,0.23,0.23,0.23
FRA-Ligue 1,2223,Marseille,Pape Gueye,SEN,MF,23,1999,14,4,492,5.5,1,1,2,1,0,0,1,0,0.18,0.18,0.37,0.18,0.37
FRA-Ligue 1,2223,Marseille,Pau López,ESP,GK,27,1994,33,32,2925,32.5,0,2,2,0,0,0,3,0,0.0,0.06,0.06,0.0,0.06
FRA-Ligue 1,2223,Marseille,Rubén Blanco,ESP,GK,27,1995,6,6,495,5.5,0,0,0,0,0,0,0,0,0.0,0.0,0.0,0.0,0.0
FRA-Ligue 1,2223,Marseille,Ruslan Malinovskyi,UKR,"MF,FW",29,1993,20,13,1227,13.6,1,1,2,1,0,0,4,0,0.07,0.07,0.15,0.07,0.15
FRA-Ligue 1,2223,Marseille,Salim Ben Seghir,FRA,FW,19,2003,1,0,4,0.0,0,0,0,0,0,0,0,0,0.0,0.0,0.0,0.0,0.0
FRA-Ligue 1,2223,Marseille,Samuel Gigot,FRA,DF,28,1993,26,24,1879,20.9,2,2,4,2,0,0,5,2,0.1,0.1,0.19,0.1,0.19
FRA-Ligue 1,2223,Marseille,Sead Kolašinac,BIH,"DF,MF",29,1993,33,26,2214,24.6,4,1,5,4,0,0,3,0,0.16,0.04,0.2,0.16,0.2
FRA-Ligue 1,2223,Marseille,Souleymane Touré,FRA,DF,19,2003,5,0,68,0.8,0,0,0,0,0,0,1,0,0.0,0.0,0.0,0.0,0.0
FRA-Ligue 1,2223,Marseille,Valentin Rongier,FRA,MF,27,1994,36,34,3032,33.7,1,2,3,1,0,0,8,0,0.03,0.06,0.09,0.03,0.09
FRA-Ligue 1,2223,Marseille,Vitinha,POR,FW,22,2000,14,5,464,5.2,2,0,2,2,0,0,0,0,0.39,0.0,0.39,0.39,0.39
FRA-Ligue 1,2223,Monaco,Aleksandr Golovin,RUS,MF,26,1996,34,29,2464,27.4,8,7,15,8,0,0,5,0,0.29,0.26,0.55,0.29,0.55
FRA-Ligue 1,2223,Monaco,Alexander Nübel,GER,GK,25,1996,38,38,3420,38.0,0,0,0,0,0,0,2,0,0.0,0.0,0.0,0.0,0.0
FRA-Ligue 1,2223,Monaco,Axel Disasi,FRA,DF,24,1998,38,37,3330,37.0,3,3,6,3,0,1,3,0,0.08,0.08,0.16,0.08,0.16
FRA-Ligue 1,2223,Monaco,Benoît Badiashile,FRA,DF,21,2001,11,9,839,9.3,2,0,2,2,0,0,3,0,0.21,0.0,0.21,0.21,0.21
FRA-Ligue 1,2223,Monaco,Breel Embolo,SUI,FW,25,1997,32,19,1859,20.7,12,2,14,12,0,1,3,0,0.58,0.1,0.68,0.58,0.68
FRA-Ligue 1,2223,Monaco,Caio Henrique,BRA,DF,25,1997,35,32,2896,32.2,1,9,10,1,0,0,3,0,0.03,0.28,0.31,0.03,0.31
FRA-Ligue 1,2223,Monaco,Chrislain Matsima,FRA,DF,20,2002,8,5,446,5.0,0,1,1,0,0,0,0,0,0.0,0.2,0.2,0.0,0.2
FRA-Ligue 1,2223,Monaco,Edan Diop,FRA,MF,17,2004,7,1,223,2.5,1,0,1,1,0,0,0,0,0.4,0.0,0.4,0.4,0.4
FRA-Ligue 1,2223,Monaco,Eliesse Ben Seghir,MAR,"FW,MF",17,2005,19,13,1052,11.7,4,1,5,4,0,0,1,0,0.34,0.09,0.43,0.34,0.43
FRA-Ligue 1,2223,Monaco,Eliot Matazo,BEL,MF,20,2002,23,13,1175,13.1,1,0,1,1,0,0,2,0,0.08,0.0,0.08,0.08,0.08
FRA-Ligue 1,2223,Monaco,Gelson Martins,POR,MF,27,1995,11,3,345,3.8,0,0,0,0,0,0,0,0,0.0,0.0,0.0,0.0,0.0
FRA-Ligue 1,2223,Monaco,Guillermo Maripán,CHI,DF,28,1994,26,25,2157,24.0,3,0,3,3,0,0,6,1,0.13,0.0,0.13,0.13,0.13
FRA-Ligue 1,2223,Monaco,Ismail Jakobs,SEN,"MF,DF",22,1999,32,9,1119,12.4,0,2,2,0,0,0,3,0,0.0,0.16,0.16,0.0,0.16
FRA-Ligue 1,2223,Monaco,Jean Lucas,BRA,MF,24,1998,6,3,291,3.2,0,0,0,0,0,0,0,0,0.0,0.0,0.0,0.0,0.0
FRA-Ligue 1,2223,Monaco,Kevin Volland,GER,"FW,MF",30,1992,17,7,639,7.1,3,2,5,3,0,0,1,0,0.42,0.28,0.7,0.42,0.7
FRA-Ligue 1,2223,Monaco,Krépin Diatta,SEN,MF,23,1999,31,22,2072,23.0,4,2,6,4,0,0,3,0,0.17,0.09,0.26,0.17,0.26
FRA-Ligue 1,2223,Monaco,Maghnes Akliouche,FRA,"MF,FW",20,2002,11,5,402,4.5,0,0,0,0,0,0,3,0,0.0,0.0,0.0,0.0,0.0
FRA-Ligue 1,2223,Monaco,Malang Sarr,FRA,DF,23,1999,13,8,716,8.0,0,0,0,0,0,0,3,0,0.0,0.0,0.0,0.0,0.0
FRA-Ligue 1,2223,Monaco,Mohamed Camara,MLI,MF,22,2000,29,25,2194,24.4,0,3,3,0,0,0,6,1,0.0,0.12,0.12,0.0,0.12
FRA-Ligue 1,2223,Monaco,Myron Boadu,NED,FW,21,2001,12,3,295,3.3,3,0,3,3,0,0,0,0,0.92,0.0,0.92,0.92,0.92
FRA-Ligue 1,2223,Monaco,Ruben Aguilar,FRA,DF,29,1993,20,14,1172,13.0,0,0,0,0,0,0,3,0,0.0,0.0,0.0,0.0,0.0
FRA-Ligue 1,2223,Monaco,Sofiane Diop,MAR,MF,22,2000,1,1,65,0.7,1,0,1,1,0,0,0,0,1.38,0.0,1.38,1.38,1.38
FRA-Ligue 1,2223,Monaco,Soungoutou Magassa,FRA,MF,18,2003,2,0,82,0.9,0,0,0,0,0,0,0,0,0.0,0.0,0.0,0.0,0.0
FRA-Ligue 1,2223,Monaco,Takumi Minamino,JPN,"MF,FW",27,1995,18,10,724,8.0,1,3,4,1,0,0,2,0,0.12,0.37,0.5,0.12,0.5
FRA-Ligue 1,2223,Monaco,Vanderson,BRA,"DF,MF",21,2001,31,24,2214,24.6,1,4,5,1,0,0,4,1,0.04,0.16,0.2,0.04,0.2
FRA-Ligue 1,2223,Monaco,Wissam Ben Yedder,FRA,FW,31,1990,32,28,2114,23.5,19,6,25,14,5,6,4,0,0.81,0.26,1.06,0.6,0.85
FRA-Ligue 1,2223,Monaco,Youssouf Fofana,FRA,MF,23,1999,36,35,3086,34.3,2,2,4,2,0,0,4,2,0.06,0.06,0.12,0.06,0.12
FRA-Ligue 1,2223,Montpellier,Arnaud Nordin,FRA,"MF,FW",24,1998,36,30,2401,26.7,9,3,12,9,0,0,4,0,0.34,0.11,0.45,0.34,0.45
FRA-Ligue 1,2223,Montpellier,Arnaud Souquet,FRA,DF,30,1992,12,3,361,4.0,0,0,0,0,0,0,1,0,0.0,0.0,0.0,0.0,0.0
FRA-Ligue 1,2223,Montpellier,Axel Gueguin,FRA,FW,17,2005,5,0,24,0.3,0,0,0,0,0,0,0,0,0.0,0.0,0.0,0.0,0.0
FRA-Ligue 1,2223,Montpellier,Benjamin Lecomte,FRA,GK,31,1991,19,19,1710,19.0,0,0,0,0,0,0,0,0,0.0,0.0,0.0,0.0,0.0
FRA-Ligue 1,2223,Montpellier,Bingourou Kamara,SEN,GK,25,1996,5,4,408,4.5,0,0,0,0,0,0,1,0,0.0,0.0,0.0,0.0,0.0
FRA-Ligue 1,2223,Montpellier,Boubakar Kouyaté,MLI,DF,25,1997,15,15,1256,14.0,0,0,0,0,0,0,5,0,0.0,0.0,0.0,0.0,0.0
FRA-Ligue 1,2223,Montpellier,Béni Makouana,CGO,MF,19,2002,8,1,198,2.2,0,0,0,0,0,0,1,0,0.0,0.0,0.0,0.0,0.0
FRA-Ligue 1,2223,Montpellier,Cheikh Faye,SEN,DF,23,1999,2,0,37,0.4,0,0,0,0,0,0,0,0,0.0,0.0,0.0,0.0,0.0
FRA-Ligue 1,2223,Montpellier,Christopher Jullien,FRA,DF,29,1993,30,30,2695,29.9,0,2,2,0,0,0,5,0,0.0,0.07,0.07,0.0,0.07
FRA-Ligue 1,2223,Montpellier,Elye Wahi,CIV,FW,19,2003,33,29,2513,27.9,19,5,24,18,1,1,8,1,0.68,0.18,0.86,0.64,0.82
FRA-Ligue 1,2223,Montpellier,Enzo Tchato,CMR,DF,19,2002,21,11,1096,12.2,1,1,2,1,0,0,1,0,0.08,0.08,0.16,0.08,0.16
FRA-Ligue 1,2223,Montpellier,Faitout Maouassa,FRA,"MF,DF",24,1998,33,23,1923,21.4,5,5,10,5,0,0,0,0,0.23,0.23,0.47,0.23,0.47
FRA-Ligue 1,2223,Montpellier,Falaye Sacko,MLI,DF,27,1995,35,29,2580,28.7,1,3,4,1,0,0,3,0,0.03,0.1,0.14,0.03,0.14
FRA-Ligue 1,2223,Montpellier,Issiaga Sylla,GUI,DF,28,1994,15,15,1305,14.5,1,3,4,1,0,0,0,0,0.07,0.21,0.28,0.07,0.28
FRA-Ligue 1,2223,Montpellier,Jonas Omlin,SUI,GK,28,1994,14,14,1166,13.0,0,0,0,0,0,0,1,1,0.0,0.0,0.0,0.0,0.0
FRA-Ligue 1,2223,Montpellier,Jordan Ferri,FRA,MF,30,1992,34,32,2738,30.4,1,2,3,1,0,0,7,1,0.03,0.07,0.1,0.03,0.1
FRA-Ligue 1,2223,Montpellier,Joris Chotard,FRA,MF,20,2001,35,26,2461,27.3,0,6,6,0,0,0,4,0,0.0,0.22,0.22,0.0,0.22
FRA-Ligue 1,2223,Montpellier,Khalil Fayad,FRA,MF,18,2004,24,7,718,8.0,0,2,2,0,0,0,1,1,0.0,0.25,0.25,0.0,0.25
FRA-Ligue 1,2223,Montpellier,Léo Leroy,FRA,MF,22,2000,27,14,1192,13.2,0,0,0,0,0,0,7,0,0.0,0.0,0.0,0.0,0.0
FRA-Ligue 1,2223,Montpellier,Mamadou Sakho,FRA,DF,32,1990,15,7,763,8.5,1,0,1,1,0,0,2,0,0.12,0.0,0.12,0.12,0.12
FRA-Ligue 1,2223,Montpellier,Matis Carvalho,POR,GK,23,1999,2,1,136,1.5,0,0,0,0,0,0,0,0,0.0,0.0,0.0,0.0,0.0
FRA-Ligue 1,2223,Montpellier,Maxime Estève,FRA,DF,20,2002,23,18,1646,18.3,0,0,0,0,0,0,3,0,0.0,0.0,0.0,0.0,0.0
FRA-Ligue 1,2223,Montpellier,Nicolas Cozza,FRA,DF,23,1999,17,14,1277,14.2,2,1,3,2,0,0,3,0,0.14,0.07,0.21,0.14,0.21
FRA-Ligue 1,2223,Montpellier,Pedro Mendes,POR,DF,31,1990,1,0,13,0.1,0,0,0,0,0,0,0,0,0.0,0.0,0.0,0.0,0.0
FRA-Ligue 1,2223,Montpellier,Sacha Delaye,FRA,MF,20,2002,3,0,20,0.2,1,0,1,1,0,0,0,0,4.5,0.0,4.5,4.5,4.5
FRA-Ligue 1,2223,Montpellier,Stephy Mavididi,ENG,"MF,FW",24,1998,26,14,1288,14.3,4,2,6,4,0,0,1,1,0.28,0.14,0.42,0.28,0.42
FRA-Ligue 1,2223,Montpellier,Thibault Tamas,FRA,DF,21,2001,1,0,10,0.1,0,0,0,0,0,0,0,0,0.0,0.0,0.0,0.0,0.0
FRA-Ligue 1,2223,Montpellier,Théo Sainte-Luce,FRA,DF,23,1998,9,7,534,5.9,1,1,2,1,0,0,0,0,0.17,0.17,0.34,0.17,0.34
FRA-Ligue 1,2223,Montpellier,Téji Savanier,FRA,MF,30,1991,30,30,2546,28.3,12,4,16,6,6,6,4,3,0.42,0.14,0.57,0.21,0.35
FRA-Ligue 1,2223,Montpellier,Valère Germain,FRA,"FW,MF",32,1990,31,5,688,7.6,2,0,2,2,0,0,1,1,0.26,0.0,0.26,0.26,0.26
FRA-Ligue 1,2223,Montpellier,Wahbi Khazri,TUN,"MF,FW",31,1991,27,20,1635,18.2,4,1,5,4,0,0,5,1,0.22,0.06,0.28,0.22,0.28
FRA-Ligue 1,2223,Nantes,Abdoul Kader Bamba,FRA,MF,28,1994,4,1,78,0.9,0,0,0,0,0,0,0,1,0.0,0.0,0.0,0.0,0.0
FRA-Ligue 1,2223,Nantes,Alban Lafont,CIV,GK,23,1999,37,37,3329,37.0,0,0,0,0,0,0,2,1,0.0,0.0,0.0,0.0,0.0
FRA-Ligue 1,2223,Nantes,Andrei Girotto,BRA,"DF,MF",30,1992,36,36,3149,35.0,1,1,2,1,0,0,7,0,0.03,0.03,0.06,0.03,0.06
FRA-Ligue 1,2223,Nantes,Andy Delort,ALG,FW,30,1991,12,6,469,5.2,0,0,0,0,0,0,0,0,0.0,0.0,0.0,0.0,0.0
FRA-Ligue 1,2223,Nantes,Charles Traore,MLI,DF,30,1992,12,6,482,5.4,0,0,0,0,0,0,2,0,0.0,0.0,0.0,0.0,0.0
FRA-Ligue 1,2223,Nantes,Dennis Appiah,FRA,"DF,MF",30,1992,15,9,795,8.8,0,0,0,0,0,0,1,0,0.0,0.0,0.0,0.0,0.0
FRA-Ligue 1,2223,Nantes,Evann Guessand,CIV,"MF,FW",21,2001,30,15,1260,14.0,3,2,5,3,0,0,2,0,0.21,0.14,0.36,0.21,0.36
FRA-Ligue 1,2223,Nantes,Fabien Centonze,FRA,"DF,MF",26,1996,23,19,1689,18.8,0,0,0,0,0,0,4,0,0.0,0.0,0.0,0.0,0.0
FRA-Ligue 1,2223,Nantes,Florent Mollet,FRA,MF,30,1991,19,11,1089,12.1,1,2,3,1,0,0,3,0,0.08,0.17,0.25,0.08,0.25
FRA-Ligue 1,2223,Nantes,Fábio,BRA,"DF,MF",32,1990,6,3,224,2.5,0,0,0,0,0,0,1,1,0.0,0.0,0.0,0.0,0.0
FRA-Ligue 1,2223,Nantes,Ignatius Ganago,CMR,"FW,MF",23,1999,28,16,1520,16.9,5,3,8,5,0,0,0,0,0.3,0.18,0.47,0.3,0.47
FRA-Ligue 1,2223,Nantes,Jaouen Hadjam,ALG,"DF,MF",19,2003,13,8,805,8.9,0,1,1,0,0,0,1,0,0.0,0.11,0.11,0.0,0.11
FRA-Ligue 1,2223,Nantes,Jean-Charles Castelletto,CMR,DF,27,1995,32,30,2568,28.5,0,0,0,0,0,0,3,0,0.0,0.0,0.0,0.0,0.0
FRA-Ligue 1,2223,Nantes,João Victor,BRA,DF,24,1998,13,9,842,9.4,0,1,1,0,0,0,5,0,0.0,0.11,0.11,0.0,0.11
FRA-Ligue 1,2223,Nantes,Lohann Doucet,BFA,MF,19,2002,9,0,91,1.0,0,0,0,0,0,0,0,0,0.0,0.0,0.0,0.0,0.0
FRA-Ligue 1,2223,Nantes,Ludovic Blas,FRA,"MF,FW",24,1997,37,30,2813,31.3,7,5,12,5,2,4,6,0,0.22,0.16,0.38,0.16,0.32
FRA-Ligue 1,2223,Nantes,Marcus Coco,FRA,"MF,FW",26,1996,26,6,641,7.1,1,0,1,1,0,0,2,0,0.14,0.0,0.14,0.14,0.14
FRA-Ligue 1,2223,Nantes,Mohamed Achi,FRA,MF,20,2002,2,0,36,0.4,0,0,0,0,0,0,0,0,0.0,0.0,0.0,0.0,0.0
FRA-Ligue 1,2223,Nantes,Moses Simon,NGA,"MF,FW",27,1995,34,28,2346,26.1,5,4,9,4,1,1,3,0,0.19,0.15,0.35,0.15,0.31
FRA-Ligue 1,2223,Nantes,Mostafa Mohamed,EGY,FW,24,1997,36,18,1939,21.5,8,2,10,8,0,0,1,0,0.37,0.09,0.46,0.37,0.46
FRA-Ligue 1,2223,Nantes,Moussa Sissoko,FRA,MF,32,1989,30,22,1918,21.3,2,0,2,2,0,0,3,0,0.09,0.0,0.09,0.09,0.09
FRA-Ligue 1,2223,Nantes,Nathan Zeze,FRA,DF,17,2005,1,1,59,0.7,0,0,0,0,0,0,0,0,0.0,0.0,0.0,0.0,0.0
FRA-Ligue 1,2223,Nantes,Nicolas Pallois,FRA,DF,34,1987,26,26,2213,24.6,1,0,1,1,0,0,4,1,0.04,0.0,0.04,0.04,0.04
FRA-Ligue 1,2223,Nantes,Pedro Chirivella,ESP,MF,25,1997,26,25,2028,22.5,0,1,1,0,0,0,1,0,0.0,0.04,0.04,0.0,0.04
FRA-Ligue 1,2223,Nantes,Quentin Merlin,FRA,"DF,MF",20,2002,24,22,1791,19.9,1,2,3,1,0,0,2,0,0.05,0.1,0.15,0.05,0.15
FRA-Ligue 1,2223,Nantes,Rémy Descamps,FRA,GK,26,1996,1,1,90,1.0,0,0,0,0,0,0,1,0,0.0,0.0,0.0,0.0,0.0
FRA-Ligue 1,2223,Nantes,Samuel Moutoussamy,COD,MF,25,1996,35,27,2399,26.7,0,2,2,0,0,0,8,0,0.0,0.08,0.08,0.0,0.08
FRA-Ligue 1,2223,Nantes,Stredair Appuah,FRA,FW,18,2004,5,0,66,0.7,0,0,0,0,0,0,0,0,0.0,0.0,0.0,0.0,0.0
FRA-Ligue 1,2223,Nantes,Sébastien Corchia,FRA,"DF,MF",31,1990,22,6,786,8.7,0,1,1,0,0,0,3,0,0.0,0.11,0.11,0.0,0.11
FRA-Ligue 1,2223,Nice,Aaron Ramsey,WAL,MF,31,1990,27,18,1584,17.6,1,1,2,1,0,0,3,0,0.06,0.06,0.11,0.06,0.11
FRA-Ligue 1,2223,Nice,Alexis Beka Beka,FRA,MF,21,2001,14,7,545,6.1,0,0,0,0,0,0,2,0,0.0,0.0,0.0,0.0,0.0
FRA-Ligue 1,2223,Nice,Alexis Claude-Maurice,FRA,MF,24,1998,2,1,64,0.7,0,0,0,0,0,0,0,0,0.0,0.0,0.0,0.0,0.0
FRA-Ligue 1,2223,Nice,Amine Gouiri,ALG,"MF,FW",22,2000,3,3,226,2.5,0,0,0,0,0,0,0,0,0.0,0.0,0.0,0.0,0.0
FRA-Ligue 1,2223,Nice,Andréa Dacourt,FRA,MF,17,2005,1,0,1,0.0,0,0,0,0,0,0,0,0,0.0,0.0,0.0,0.0,0.0
FRA-Ligue 1,2223,Nice,Andy Delort,ALG,FW,30,1991,14,9,781,8.7,6,1,7,3,3,3,0,0,0.69,0.12,0.81,0.35,0.46
FRA-Ligue 1,2223,Nice,Antoine Mendy,SEN,"DF,MF",18,2004,11,7,518,5.8,0,1,1,0,0,0,0,0,0.0,0.17,0.17,0.0,0.17
FRA-Ligue 1,2223,Nice,Ayoub Amraoui,MAR,DF,18,2004,7,3,294,3.3,0,0,0,0,0,0,1,0,0.0,0.0,0.0,0.0,0.0
FRA-Ligue 1,2223,Nice,Badredine Bouanani,ALG,"FW,MF",17,2004,19,9,863,9.6,0,4,4,0,0,0,0,0,0.0,0.42,0.42,0.0,0.42
FRA-Ligue 1,2223,Nice,Bilal Brahimi,ALG,"FW,MF",22,2000,26,5,800,8.9,3,2,5,3,0,0,0,0,0.34,0.23,0.56,0.34,0.56
FRA-Ligue 1,2223,Nice,Calvin Stengs,NED,"MF,FW",23,1998,4,3,212,2.4,0,0,0,0,0,0,0,0,0.0,0.0,0.0,0.0,0.0
FRA-Ligue 1,2223,Nice,Dante,BRA,DF,38,1983,37,37,3299,36.7,1,2,3,1,0,0,6,0,0.03,0.05,0.08,0.03,0.08
FRA-Ligue 1,2223,Nice,Flavius Daniliuc,AUT,DF,21,2001,2,1,91,1.0,0,0,0,0,0,0,0,0,0.0,0.0,0.0,0.0,0.0
FRA-Ligue 1,2223,Nice,Gaëtan Laborde,FRA,FW,28,1994,33,28,2506,27.8,13,3,16,13,0,1,0,0,0.47,0.11,0.57,0.47,0.57
FRA-Ligue 1,2223,Nice,Hicham Boudaoui,ALG,MF,22,1999,27,22,1875,20.8,1,2,3,1,0,0,5,0,0.05,0.1,0.14,0.05,0.14
FRA-Ligue 1,2223,Nice,Jean-Clair Todibo,FRA,DF,22,1999,34,33,2870,31.9,0,0,0,0,0,0,4,2,0.0,0.0,0.0,0.0,0.0
FRA-Ligue 1,2223,Nice,Joe Bryan,ENG,MF,28,1993,6,2,177,2.0,0,0,0,0,0,0,3,0,0.0,0.0,0.0,0.0,0.0
FRA-Ligue 1,2223,Nice,Jordan Lotomba,SUI,"DF,MF",23,1998,33,27,2453,27.3,0,2,2,0,0,0,4,0,0.0,0.07,0.07,0.0,0.07
FRA-Ligue 1,2223,Nice,Kasper Schmeichel,DEN,GK,35,1986,36,36,3240,36.0,0,0,0,0,0,0,0,0,0.0,0.0,0.0,0.0,0.0
FRA-Ligue 1,2223,Nice,Khéphren Thuram,FRA,MF,21,2001,35,30,2547,28.3,2,4,6,2,0,0,3,0,0.07,0.14,0.21,0.07,0.21
FRA-Ligue 1,2223,Nice,Marcin Bułka,POL,GK,22,1999,2,2,180,2.0,0,0,0,0,0,0,0,0,0.0,0.0,0.0,0.0,0.0
FRA-Ligue 1,2223,Nice,Mario Lemina,GAB,MF,28,1993,14,11,838,9.3,0,0,0,0,0,0,1,1,0.0,0.0,0.0,0.0,0.0
FRA-Ligue 1,2223,Nice,Mattia Viti,ITA,DF,20,2002,9,7,634,7.0,1,0,1,1,0,0,0,0,0.14,0.0,0.14,0.14,0.14
FRA-Ligue 1,2223,Nice,Melvin Bard,FRA,"DF,MF",21,2000,33,28,2456,27.3,0,0,0,0,0,0,6,0,0.0,0.0,0.0,0.0,0.0
FRA-Ligue 1,2223,Nice,Nicolas Pépé,CIV,"FW,MF",27,1995,18,17,1495,16.6,6,0,6,3,3,3,2,0,0.36,0.0,0.36,0.18,0.18
FRA-Ligue 1,2223,Nice,Pablo Rosario,DOM,"MF,DF",25,1997,31,17,1767,19.6,0,1,1,0,0,0,6,0,0.0,0.05,0.05,0.0,0.05
FRA-Ligue 1,2223,Nice,Rareş Ilie,ROU,MF,19,2003,4,2,148,1.6,0,0,0,0,0,0,0,0,0.0,0.0,0.0,0.0,0.0
FRA-Ligue 1,2223,Nice,Reda Belahyane,MAR,MF,18,2004,4,1,182,2.0,0,0,0,0,0,0,0,0,0.0,0.0,0.0,0.0,0.0
FRA-Ligue 1,2223,Nice,Ross Barkley,ENG,"MF,FW",28,1993,27,9,960,10.7,4,2,6,4,0,0,1,0,0.37,0.19,0.56,0.37,0.56
FRA-Ligue 1,2223,Nice,Sofiane Diop,MAR,"MF,FW",22,2000,22,14,1228,13.6,1,4,5,1,0,0,1,0,0.07,0.29,0.37,0.07,0.37
FRA-Ligue 1,2223,Nice,Terem Moffi,NGA,FW,23,1999,16,15,1328,14.8,6,3,9,6,0,0,2,0,0.41,0.2,0.61,0.41,0.61
FRA-Ligue 1,2223,Nice,Théo Trinker,FRA,MF,21,2001,1,0,1,0.0,0,0,0,0,0,0,0,0,0.0,0.0,0.0,0.0,0.0
FRA-Ligue 1,2223,Nice,Youcef Atal,ALG,"DF,MF",26,1996,18,8,779,8.7,1,0,1,1,0,0,1,0,0.12,0.0,0.12,0.12,0.12
FRA-Ligue 1,2223,Nice,Youssouf Ndayishimiye,BDI,"DF,MF",23,1998,10,6,568,6.3,1,0,1,1,0,0,2,0,0.16,0.0,0.16,0.16,0.16
FRA-Ligue 1,2223,PSG,Achraf Hakimi,MAR,"MF,DF",23,1998,28,23,2053,22.8,5,3,8,5,0,0,7,2,0.22,0.13,0.35,0.22,0.35
FRA-Ligue 1,2223,PSG,Alexandre Letellier,FRA,GK,31,1990,1,0,11,0.1,0,0,0,0,0,0,0,0,0.0,0.0,0.0,0.0,0.0
FRA-Ligue 1,2223,PSG,Carlos Soler,ESP,MF,25,1997,26,14,1187,13.2,3,2,5,3,0,0,0,0,0.23,0.15,0.38,0.23,0.38
FRA-Ligue 1,2223,PSG,Danilo Pereira,POR,"DF,MF",30,1991,33,27,2410,26.8,2,0,2,2,0,0,3,0,0.07,0.0,0.07,0.07,0.07
FRA-Ligue 1,2223,PSG,El Chadaille Bitshiabu,FRA,DF,17,2005,13,6,583,6.5,0,0,0,0,0,0,2,0,0.0,0.0,0.0,0.0,0.0
FRA-Ligue 1,2223,PSG,Fabián Ruiz Peña,ESP,MF,26,1996,27,21,1892,21.0,3,2,5,3,0,0,0,0,0.14,0.1,0.24,0.14,0.24
FRA-Ligue 1,2223,PSG,Gianluigi Donnarumma,ITA,GK,23,1999,38,38,3409,37.9,0,0,0,0,0,0,3,0,0.0,0.0,0.0,0.0,0.0
FRA-Ligue 1,2223,PSG,Hugo Ekitike,FRA,FW,20,2002,25,12,1155,12.8,3,4,7,3,0,0,0,0,0.23,0.31,0.55,0.23,0.55
FRA-Ligue 1,2223,PSG,Ilyes Housni,FRA,FW,17,2005,1,0,11,0.1,0,0,0,0,0,0,0,0,0.0,0.0,0.0,0.0,0.0
FRA-Ligue 1,2223,PSG,Ismaël Gharbi,TUN,MF,18,2004,6,0,58,0.6,0,0,0,0,0,0,1,0,0.0,0.0,0.0,0.0,0.0
FRA-Ligue 1,2223,PSG,Juan Bernat,ESP,"MF,DF",29,1993,28,18,1648,18.3,1,4,5,1,0,0,1,0,0.05,0.22,0.27,0.05,0.27
FRA-Ligue 1,2223,PSG,Kylian Mbappé,FRA,FW,23,1998,34,32,2818,31.3,29,5,34,26,3,4,6,0,0.93,0.16,1.09,0.83,0.99
FRA-Ligue 1,2223,PSG,Leandro Paredes,ARG,MF,28,1994,3,0,52,0.6,0,1,1,0,0,0,0,0,0.0,1.73,1.73,0.0,1.73
FRA-Ligue 1,2223,PSG,Lionel Messi,ARG,"FW,MF",35,1987,32,32,2837,31.5,16,16,32,16,0,0,0,0,0.51,0.51,1.02,0.51,1.02
FRA-Ligue 1,2223,PSG,Marco Verratti,ITA,MF,29,1992,29,27,2194,24.4,0,0,0,0,0,0,10,1,0.0,0.0,0.0,0.0,0.0
FRA-Ligue 1,2223,PSG,Marquinhos,BRA,DF,28,1994,33,30,2717,30.2,2,0,2,2,0,0,4,0,0.07,0.0,0.07,0.07,0.07
FRA-Ligue 1,2223,PSG,Neymar,BRA,"MF,FW",30,1992,20,18,1545,17.2,13,11,24,11,2,2,6,1,0.76,0.64,1.4,0.64,1.28
FRA-Ligue 1,2223,PSG,Nordi Mukiele,FRA,"MF,DF",24,1997,19,12,1137,12.6,0,3,3,0,0,0,0,0,0.0,0.24,0.24,0.0,0.24
FRA-Ligue 1,2223,PSG,Nuno Mendes,POR,"MF,DF",20,2002,23,18,1548,17.2,1,6,7,1,0,0,2,0,0.06,0.35,0.41,0.06,0.41
FRA-Ligue 1,2223,PSG,Pablo Sarabia,ESP,"FW,MF",30,1992,14,3,370,4.1,0,0,0,0,0,0,1,0,0.0,0.0,0.0,0.0,0.0
FRA-Ligue 1,2223,PSG,Presnel Kimpembe,FRA,DF,26,1995,11,9,730,8.1,0,0,0,0,0,0,3,0,0.0,0.0,0.0,0.0,0.0
FRA-Ligue 1,2223,PSG,Renato Sanches,POR,MF,24,1997,23,6,717,8.0,2,0,2,2,0,0,1,0,0.25,0.0,0.25,0.25,0.25
FRA-Ligue 1,2223,PSG,Sergio Ramos,ESP,DF,36,1986,33,31,2704,30.0,2,1,3,2,0,0,3,1,0.07,0.03,0.1,0.07,0.1
FRA-Ligue 1,2223,PSG,Timothee Pembele,FRA,"MF,DF",19,2002,5,4,263,2.9,0,1,1,0,0,0,0,0,0.0,0.34,0.34,0.0,0.34
FRA-Ligue 1,2223,PSG,Vitinha,POR,MF,22,2000,36,29,2446,27.2,2,3,5,2,0,0,3,0,0.07,0.11,0.18,0.07,0.18
FRA-Ligue 1,2223,PSG,Warren Zaïre-Emery,FRA,MF,16,2006,26,8,929,10.3,2,0,2,2,0,0,1,0,0.19,0.0,0.19,0.19,0.19
FRA-Ligue 1,2223,Reims,Alexis Flips,FRA,"MF,DF",22,2000,33,28,1978,22.0,4,6,10,4,0,0,3,1,0.18,0.27,0.46,0.18,0.46
FRA-Ligue 1,2223,Reims,Andrew Gravillon,GLP,DF,24,1998,13,12,1038,11.5,0,0,0,0,0,0,3,0,0.0,0.0,0.0,0.0,0.0
FRA-Ligue 1,2223,Reims,Arber Zeneli,KVX,"MF,FW",27,1995,23,12,1000,11.1,0,2,2,0,0,0,0,0,0.0,0.18,0.18,0.0,0.18
FRA-Ligue 1,2223,Reims,Azor Matusiwa,NED,MF,24,1998,30,29,2484,27.6,0,0,0,0,0,0,4,0,0.0,0.0,0.0,0.0,0.0
FRA-Ligue 1,2223,Reims,Bradley Locko,FRA,"MF,DF",20,2002,15,13,1059,11.8,0,0,0,0,0,0,3,1,0.0,0.0,0.0,0.0,0.0
FRA-Ligue 1,2223,Reims,Check Keita,FRA,DF,19,2003,9,8,682,7.6,0,0,0,0,0,0,1,0,0.0,0.0,0.0,0.0,0.0
FRA-Ligue 1,2223,Reims,Dion Lopy,SEN,MF,20,2002,29,16,1379,15.3,0,1,1,0,0,0,6,2,0.0,0.07,0.07,0.0,0.07
FRA-Ligue 1,2223,Reims,El Bilal Touré,MLI,FW,20,2001,3,1,91,1.0,0,0,0,0,0,0,0,0,0.0,0.0,0.0,0.0,0.0
FRA-Ligue 1,2223,Reims,Emmanuel Agbadou,CIV,DF,25,1997,29,27,2388,26.5,0,3,3,0,0,0,5,3,0.0,0.11,0.11,0.0,0.11
FRA-Ligue 1,2223,Reims,Fallou Fall,SEN,DF,18,2004,1,0,32,0.4,0,0,0,0,0,0,1,0,0.0,0.0,0.0,0.0,0.0
FRA-Ligue 1,2223,Reims,Folarin Balogun,USA,FW,21,2001,37,34,2999,33.3,21,2,23,15,6,7,5,0,0.63,0.06,0.69,0.45,0.51
FRA-Ligue 1,2223,Reims,Ibrahim Diakité,GUI,DF,18,2003,3,1,131,1.5,0,0,0,0,0,0,1,0,0.0,0.0,0.0,0.0,0.0
FRA-Ligue 1,2223,Reims,Jens Cajuste,SWE,MF,22,1999,31,14,1530,17.0,3,1,4,3,0,0,8,1,0.18,0.06,0.24,0.18,0.24
FRA-Ligue 1,2223,Reims,Junya Itō,JPN,"MF,FW",29,1993,35,34,2916,32.4,6,5,11,6,0,0,3,1,0.19,0.15,0.34,0.19,0.34
FRA-Ligue 1,2223,Reims,Kaj Sierhuis,NED,FW,24,1998,14,1,218,2.4,0,0,0,0,0,0,0,0,0.0,0.0,0.0,0.0,0.0
FRA-Ligue 1,2223,Reims,Kamory Doumbia,MLI,MF,19,2003,26,13,1155,12.8,2,2,4,1,1,1,0,0,0.16,0.16,0.31,0.08,0.23
FRA-Ligue 1,2223,Reims,Mamadou Diakhon,SEN,FW,16,2005,2,0,21,0.2,0,0,0,0,0,0,0,0,0.0,0.0,0.0,0.0,0.0
FRA-Ligue 1,2223,Reims,Marshall Munetsi,ZIM,MF,26,1996,34,31,2700,30.0,7,3,10,7,0,0,6,0,0.23,0.1,0.33,0.23,0.33
FRA-Ligue 1,2223,Reims,Martin Adeline,FRA,MF,18,2003,5,0,107,1.2,0,0,0,0,0,0,2,0,0.0,0.0,0.0,0.0,0.0
FRA-Ligue 1,2223,Reims,Maxime Busi,BEL,"MF,DF",22,1999,21,11,1043,11.6,0,1,1,0,0,0,4,0,0.0,0.09,0.09,0.0,0.09
FRA-Ligue 1,2223,Reims,Mitchell van Bergen,NED,"MF,FW",22,1999,28,6,905,10.1,0,1,1,0,0,0,1,0,0.0,0.1,0.1,0.0,0.1
FRA-Ligue 1,2223,Reims,Mo Touré,AUS,FW,18,2004,3,0,23,0.3,0,0,0,0,0,0,0,0,0.0,0.0,0.0,0.0,0.0
FRA-Ligue 1,2223,Reims,Myziane Maolida,COM,MF,23,1999,9,2,232,2.6,1,0,1,1,0,0,0,0,0.39,0.0,0.39,0.39,0.39
FRA-Ligue 1,2223,Reims,Nathanaël Mbuku,COD,"FW,MF",20,2002,6,0,66,0.7,0,0,0,0,0,0,0,0,0.0,0.0,0.0,0.0,0.0
FRA-Ligue 1,2223,Reims,Noah Holm,NOR,FW,21,2001,8,2,194,2.2,0,0,0,0,0,0,1,0,0.0,0.0,0.0,0.0,0.0
FRA-Ligue 1,2223,Reims,Patrick Pentz,AUT,GK,25,1997,7,7,630,7.0,0,0,0,0,0,0,1,0,0.0,0.0,0.0,0.0,0.0
FRA-Ligue 1,2223,Reims,Rafik Guitane,FRA,"FW,MF",23,1999,1,0,3,0.0,0,0,0,0,0,0,0,0,0.0,0.0,0.0,0.0,0.0
FRA-Ligue 1,2223,Reims,Samuel Koeberlé,FRA,MF,17,2004,1,0,3,0.0,0,0,0,0,0,0,0,0,0.0,0.0,0.0,0.0,0.0
FRA-Ligue 1,2223,Reims,Thibault De Smet,BEL,DF,24,1998,22,20,1758,19.5,0,1,1,0,0,0,2,0,0.0,0.05,0.05,0.0,0.05
FRA-Ligue 1,2223,Reims,Thomas Foket,BEL,DF,27,1994,24,23,1976,22.0,0,1,1,0,0,0,0,0,0.0,0.05,0.05,0.0,0.05
FRA-Ligue 1,2223,Reims,Valentin Atangana Edoa,FRA,MF,16,2005,7,2,174,1.9,0,0,0,0,0,0,0,0,0.0,0.0,0.0,0.0,0.0
FRA-Ligue 1,2223,Reims,Wout Faes,BEL,DF,24,1998,3,3,270,3.0,0,0,0,0,0,0,2,0,0.0,0.0,0.0,0.0,0.0
FRA-Ligue 1,2223,Reims,Yehvann Diouf,SEN,GK,22,1999,31,31,2790,31.0,0,0,0,0,0,0,2,0,0.0,0.0,0.0,0.0,0.0
FRA-Ligue 1,2223,Reims,Yunis Abdelhamid,MAR,DF,34,1987,37,37,3330,37.0,1,2,3,1,0,0,6,0,0.03,0.05,0.08,0.03,0.08
FRA-Ligue 1,2223,Rennes,Adrien Truffert,FRA,DF,20,2001,28,24,1954,21.7,0,6,6,0,0,0,1,0,0.0,0.28,0.28,0.0,0.28
FRA-Ligue 1,2223,Rennes,Alan Do Marcolino,GAB,FW,20,2002,3,0,19,0.2,0,0,0,0,0,0,0,0,0.0,0.0,0.0,0.0,0.0
FRA-Ligue 1,2223,Rennes,Amine Gouiri,ALG,"FW,MF",22,2000,33,29,2523,28.0,15,3,18,15,0,0,4,0,0.54,0.11,0.64,0.54,0.64
FRA-Ligue 1,2223,Rennes,Arnaud Kalimuendo,FRA,FW,20,2002,30,24,1849,20.5,7,3,10,7,0,0,0,0,0.34,0.15,0.49,0.34,0.49
FRA-Ligue 1,2223,Rennes,Arthur Theate,BEL,DF,22,2000,35,35,3127,34.7,4,0,4,4,0,0,5,0,0.12,0.0,0.12,0.12,0.12
FRA-Ligue 1,2223,Rennes,Baptiste Santamaria,FRA,MF,27,1995,25,20,1813,20.1,2,0,2,2,0,0,2,0,0.1,0.0,0.1,0.1,0.1
FRA-Ligue 1,2223,Rennes,Benjamin Bourigeaud,FRA,"MF,FW",28,1994,37,37,3065,34.1,7,10,17,5,2,2,6,1,0.21,0.29,0.5,0.15,0.44
FRA-Ligue 1,2223,Rennes,Birger Meling,NOR,DF,27,1994,27,10,1209,13.4,0,1,1,0,0,0,3,1,0.0,0.07,0.07,0.0,0.07
FRA-Ligue 1,2223,Rennes,Christopher Wooh,CMR,DF,20,2001,13,12,1006,11.2,0,0,0,0,0,0,4,0,0.0,0.0,0.0,0.0,0.0
FRA-Ligue 1,2223,Rennes,Djed Spence,ENG,DF,21,2000,8,7,573,6.4,0,0,0,0,0,0,0,0,0.0,0.0,0.0,0.0,0.0
FRA-Ligue 1,2223,Rennes,Doğan Alemdar,TUR,GK,19,2002,6,4,406,4.5,0,0,0,0,0,0,1,0,0.0,0.0,0.0,0.0,0.0
FRA-Ligue 1,2223,Rennes,Désiré Doué,FRA,"MF,FW",17,2005,26,11,1115,12.4,3,1,4,3,0,0,5,0,0.24,0.08,0.32,0.24,0.32
FRA-Ligue 1,2223,Rennes,Flavien Tait,FRA,MF,29,1993,30,19,1680,18.7,2,2,4,2,0,0,2,0,0.11,0.11,0.21,0.11,0.21
FRA-Ligue 1,2223,Rennes,Gaëtan Laborde,FRA,FW,28,1994,4,3,249,2.8,2,0,2,2,0,0,0,0,0.72,0.0,0.72,0.72,0.72
FRA-Ligue 1,2223,Rennes,Guéla Doué,CIV,DF,19,2002,2,0,12,0.1,0,0,0,0,0,0,0,0,0.0,0.0,0.0,0.0,0.0
FRA-Ligue 1,2223,Rennes,Hamari Traoré,MLI,DF,30,1992,31,28,2528,28.1,1,4,5,1,0,0,5,0,0.04,0.14,0.18,0.04,0.18
FRA-Ligue 1,2223,Rennes,Ibrahim Salah,MAR,FW,20,2001,13,1,227,2.5,0,0,0,0,0,0,0,0,0.0,0.0,0.0,0.0,0.0
FRA-Ligue 1,2223,Rennes,Jeanuël Belocian,FRA,DF,17,2005,8,6,506,5.6,0,0,0,0,0,0,1,0,0.0,0.0,0.0,0.0,0.0
FRA-Ligue 1,2223,Rennes,Jeremy Doku,BEL,"MF,FW",20,2002,29,13,1291,14.3,6,2,8,6,0,0,0,0,0.42,0.14,0.56,0.42,0.56
FRA-Ligue 1,2223,Rennes,Joe Rodon,WAL,DF,24,1997,16,16,1417,15.7,1,0,1,1,0,0,2,1,0.06,0.0,0.06,0.06,0.06
FRA-Ligue 1,2223,Rennes,Kamaldeen Sulemana,GHA,"MF,FW",20,2002,14,2,326,3.6,1,0,1,1,0,0,1,0,0.28,0.0,0.28,0.28,0.28
FRA-Ligue 1,2223,Rennes,Karl Toko Ekambi,CMR,"MF,FW",29,1992,17,11,972,10.8,3,2,5,3,0,0,0,0,0.28,0.19,0.46,0.28,0.46
FRA-Ligue 1,2223,Rennes,Lesley Ugochukwu,FRA,MF,18,2004,26,14,1330,14.8,0,1,1,0,0,0,3,1,0.0,0.07,0.07,0.0,0.07
FRA-Ligue 1,2223,Rennes,Lorenz Assignon,TOG,DF,22,2000,12,2,261,2.9,0,1,1,0,0,0,3,0,0.0,0.34,0.34,0.0,0.34
FRA-Ligue 1,2223,Rennes,Lovro Majer,CRO,MF,24,1998,32,18,1668,18.5,2,5,7,1,1,1,3,0,0.11,0.27,0.38,0.05,0.32
FRA-Ligue 1,2223,Rennes,Loïc Bade,FRA,DF,22,2000,1,1,90,1.0,0,1,1,0,0,0,1,0,0.0,1.0,1.0,0.0,1.0
FRA-Ligue 1,2223,Rennes,Martin Terrier,FRA,"MF,FW",25,1997,16,16,1319,14.7,9,4,13,9,0,0,0,0,0.61,0.27,0.89,0.61,0.89
FRA-Ligue 1,2223,Rennes,Matthis Abline,FRA,"FW,MF",19,2003,11,0,107,1.2,1,0,1,1,0,0,0,0,0.84,0.0,0.84,0.84,0.84
FRA-Ligue 1,2223,Rennes,Serhou Guirassy,GUI,FW,26,1996,1,0,23,0.3,0,0,0,0,0,0,0,0,0.0,0.0,0.0,0.0,0.0
FRA-Ligue 1,2223,Rennes,Steve Mandanda,FRA,GK,37,1985,34,34,3014,33.5,0,1,1,0,0,0,1,0,0.0,0.03,0.03,0.0,0.03
FRA-Ligue 1,2223,Rennes,Warmed Omari,COM,DF,22,2000,16,15,1363,15.1,0,0,0,0,0,0,2,1,0.0,0.0,0.0,0.0,0.0
FRA-Ligue 1,2223,Rennes,Xeka,POR,MF,27,1994,8,6,552,6.1,0,0,0,0,0,0,1,0,0.0,0.0,0.0,0.0,0.0
FRA-Ligue 1,2223,Strasbourg,Adrien Thomasson,FRA,"MF,FW",28,1993,15,10,937,10.4,0,2,2,0,0,0,2,0,0.0,0.19,0.19,0.0,0.19
FRA-Ligue 1,2223,Strasbourg,Alexander Djiku,GHA,DF,27,1994,31,31,2677,29.7,1,2,3,1,0,0,8,1,0.03,0.07,0.1,0.03,0.1
FRA-Ligue 1,2223,Strasbourg,Colin Dagba,FRA,"MF,DF",23,1998,21,12,958,10.6,0,0,0,0,0,0,3,0,0.0,0.0,0.0,0.0,0.0
FRA-Ligue 1,2223,Strasbourg,Dany Jean,HAI,MF,19,2002,2,0,13,0.1,0,0,0,0,0,0,0,0,0.0,0.0,0.0,0.0,0.0
FRA-Ligue 1,2223,Strasbourg,Dimitri Liénard,FRA,"MF,DF",34,1988,28,18,1543,17.1,0,0,0,0,0,0,4,0,0.0,0.0,0.0,0.0,0.0
FRA-Ligue 1,2223,Strasbourg,Eduard Sobol,UKR,"MF,DF",27,1995,15,9,870,9.7,0,1,1,0,0,0,2,0,0.0,0.1,0.1,0.0,0.1
FRA-Ligue 1,2223,Strasbourg,Franci Bouebari,FRA,MF,18,2003,2,0,76,0.8,0,0,0,0,0,0,0,0,0.0,0.0,0.0,0.0,0.0
FRA-Ligue 1,2223,Strasbourg,Frederic Guilbert,FRA,"MF,DF",27,1994,18,17,1461,16.2,0,1,1,0,0,0,3,0,0.0,0.06,0.06,0.0,0.06
FRA-Ligue 1,2223,Strasbourg,Gerzino Nyamsi,CMR,DF,25,1997,20,19,1578,17.5,1,1,2,1,0,0,4,1,0.06,0.06,0.11,0.06,0.11
FRA-Ligue 1,2223,Strasbourg,Habib Diallo,SEN,FW,27,1995,37,32,2879,32.0,20,1,21,17,3,4,4,1,0.63,0.03,0.66,0.53,0.56
FRA-Ligue 1,2223,Strasbourg,Habib Diarra,SEN,"MF,FW",18,2004,29,18,1626,18.1,3,2,5,3,0,0,4,0,0.17,0.11,0.28,0.17,0.28
FRA-Ligue 1,2223,Strasbourg,Ibrahima Sissoko,MLI,MF,24,1997,26,13,1310,14.6,0,2,2,0,0,0,1,0,0.0,0.14,0.14,0.0,0.14
FRA-Ligue 1,2223,Strasbourg,Ismaël Doukouré,FRA,"DF,MF",19,2003,28,25,2297,25.5,1,1,2,1,0,0,5,0,0.04,0.04,0.08,0.04,0.08
FRA-Ligue 1,2223,Strasbourg,Jean-Eudes Aholou,CIV,MF,28,1994,30,16,1300,14.4,3,1,4,3,0,0,4,1,0.21,0.07,0.28,0.21,0.28
FRA-Ligue 1,2223,Strasbourg,Jean-Ricner Bellegarde,HAI,"MF,FW",24,1998,30,29,2419,26.9,2,6,8,2,0,0,5,0,0.07,0.22,0.3,0.07,0.3
FRA-Ligue 1,2223,Strasbourg,Karol Fila,POL,DF,24,1998,2,0,47,0.5,0,0,0,0,0,0,0,0,0.0,0.0,0.0,0.0,0.0
FRA-Ligue 1,2223,Strasbourg,Kévin Gameiro,FRA,FW,35,1987,34,23,2098,23.3,10,0,10,9,1,2,1,1,0.43,0.0,0.43,0.39,0.39
FRA-Ligue 1,2223,Strasbourg,Lebo Mothiba,RSA,FW,26,1996,19,3,435,4.8,3,0,3,3,0,0,0,0,0.62,0.0,0.62,0.62,0.62
FRA-Ligue 1,2223,Strasbourg,Lucas Perrin,FRA,DF,23,1998,26,18,1765,19.6,0,1,1,0,0,0,4,0,0.0,0.05,0.05,0.0,0.05
FRA-Ligue 1,2223,Strasbourg,Ludovic Ajorque,FRA,FW,28,1994,13,9,771,8.6,1,0,1,0,1,1,1,0,0.12,0.0,0.12,0.0,0.0
FRA-Ligue 1,2223,Strasbourg,Marvin Senaya,GHA,"DF,MF",21,2001,1,0,9,0.1,0,0,0,0,0,0,0,0,0.0,0.0,0.0,0.0,0.0
FRA-Ligue 1,2223,Strasbourg,Matz Sels,BEL,GK,30,1992,38,38,3420,38.0,0,0,0,0,0,0,2,0,0.0,0.0,0.0,0.0,0.0
FRA-Ligue 1,2223,Strasbourg,Maxime Le Marchand,FRA,DF,32,1989,26,23,2015,22.4,0,0,0,0,0,0,6,1,0.0,0.0,0.0,0.0,0.0
FRA-Ligue 1,2223,Strasbourg,Morgan Sanson,FRA,MF,27,1994,18,18,1419,15.8,1,2,3,1,0,0,1,0,0.06,0.13,0.19,0.06,0.19
FRA-Ligue 1,2223,Strasbourg,Nordine Kandil,FRA,MF,20,2001,7,0,101,1.1,0,1,1,0,0,0,0,0,0.0,0.89,0.89,0.0,0.89
FRA-Ligue 1,2223,Strasbourg,Ronaël Pierre-Gabriel,FRA,"MF,DF",24,1998,14,7,653,7.3,0,1,1,0,0,0,3,0,0.0,0.14,0.14,0.0,0.14
FRA-Ligue 1,2223,Strasbourg,Sanjin Prcić,BIH,MF,28,1993,29,17,1633,18.1,1,1,2,1,0,0,3,1,0.06,0.06,0.11,0.06,0.11
FRA-Ligue 1,2223,Strasbourg,Thomas Delaine,FRA,MF,30,1992,17,13,1069,11.9,0,2,2,0,0,0,3,0,0.0,0.17,0.17,0.0,0.17
FRA-Ligue 1,2223,Strasbourg,Yuito Suzuki,JPN,"FW,MF",20,2001,3,0,36,0.4,1,0,1,1,0,0,0,0,2.5,0.0,2.5,2.5,2.5
FRA-Ligue 1,2223,Toulouse,Ado Onaiwu,JPN,"FW,MF",26,1995,34,9,1082,12.0,2,1,3,2,0,0,0,0,0.17,0.08,0.25,0.17,0.25
FRA-Ligue 1,2223,Toulouse,Anthony Rouault,FRA,DF,21,2001,37,37,3314,36.8,2,1,3,2,0,0,4,1,0.05,0.03,0.08,0.05,0.08
FRA-Ligue 1,2223,Toulouse,Branco van den Boomen,NED,MF,27,1995,35,32,2888,32.1,5,8,13,1,4,4,6,0,0.16,0.25,0.41,0.03,0.28
FRA-Ligue 1,2223,Toulouse,Brecht Dejaegere,BEL,MF,31,1991,30,25,1809,20.1,4,1,5,4,0,0,5,0,0.2,0.05,0.25,0.2,0.25
FRA-Ligue 1,2223,Toulouse,Christian Mawissa,FRA,DF,17,2005,2,1,98,1.1,0,0,0,0,0,0,1,0,0.0,0.0,0.0,0.0,0.0
FRA-Ligue 1,2223,Toulouse,Denis Genreau,AUS,MF,23,1999,20,7,657,7.3,0,1,1,0,0,0,3,0,0.0,0.14,0.14,0.0,0.14
FRA-Ligue 1,2223,Toulouse,Fares Chaïbi,ALG,"MF,FW",19,2002,36,24,2340,26.0,5,5,10,5,0,0,2,0,0.19,0.19,0.38,0.19,0.38
FRA-Ligue 1,2223,Toulouse,Gabriel Suazo,CHI,DF,24,1997,18,14,1259,14.0,0,1,1,0,0,0,1,0,0.0,0.07,0.07,0.0,0.07
FRA-Ligue 1,2223,Toulouse,Issiaga Sylla,GUI,DF,28,1994,17,16,1372,15.2,0,0,0,0,0,0,3,0,0.0,0.0,0.0,0.0,0.0
FRA-Ligue 1,2223,Toulouse,Kévin Keben,CMR,"DF,MF",18,2004,11,4,362,4.0,0,0,0,0,0,0,1,0,0.0,0.0,0.0,0.0,0.0
FRA-Ligue 1,2223,Toulouse,Logan Costa,CPV,DF,21,2001,6,4,415,4.6,0,0,0,0,0,0,0,0,0.0,0.0,0.0,0.0,0.0
FRA-Ligue 1,2223,Toulouse,Maxime Dupé,FRA,GK,29,1993,38,38,3420,38.0,0,0,0,0,0,0,2,0,0.0,0.0,0.0,0.0,0.0
FRA-Ligue 1,2223,Toulouse,Mikkel Desler,DEN,DF,27,1995,27,26,2257,25.1,1,2,3,1,0,0,5,1,0.04,0.08,0.12,0.04,0.12
FRA-Ligue 1,2223,Toulouse,Moussa Diarra,MLI,DF,21,2000,23,12,1225,13.6,0,1,1,0,0,0,0,0,0.0,0.07,0.07,0.0,0.07
FRA-Ligue 1,2223,Toulouse,Naatan Skyttä,FIN,MF,20,2002,2,0,23,0.3,0,0,0,0,0,0,0,0,0.0,0.0,0.0,0.0,0.0
FRA-Ligue 1,2223,Toulouse,Nathan N'Goumou,CMR,MF,22,2000,1,1,90,1.0,0,0,0,0,0,0,0,0,0.0,0.0,0.0,0.0,0.0
FRA-Ligue 1,2223,Toulouse,Oliver Zandén,SWE,MF,20,2001,5,1,146,1.6,0,0,0,0,0,0,0,0,0.0,0.0,0.0,0.0,0.0
FRA-Ligue 1,2223,Toulouse,Rafael Ratão,BRA,"FW,MF",26,1995,30,25,1851,20.6,5,4,9,5,0,0,2,0,0.24,0.19,0.44,0.24,0.44
FRA-Ligue 1,2223,Toulouse,Rasmus Nicolaisen,DEN,DF,25,1997,34,34,2995,33.3,0,2,2,0,0,0,7,1,0.0,0.06,0.06,0.0,0.06
FRA-Ligue 1,2223,Toulouse,Rhys Healey,WAL,FW,27,1994,4,0,64,0.7,2,0,2,2,0,0,1,0,2.81,0.0,2.81,2.81,2.81
FRA-Ligue 1,2223,Toulouse,Saïd Hamulic,BIH,FW,21,2000,6,0,104,1.2,0,0,0,0,0,0,1,0,0.0,0.0,0.0,0.0,0.0
FRA-Ligue 1,2223,Toulouse,Stijn Spierings,NED,MF,26,1996,36,35,3120,34.7,2,0,2,2,0,0,6,0,0.06,0.0,0.06,0.06,0.06
FRA-Ligue 1,2223,Toulouse,Theocharis Tsingaras,GRE,MF,21,2000,1,0,7,0.1,0,0,0,0,0,0,0,0,0.0,0.0,0.0,0.0,0.0
FRA-Ligue 1,2223,Toulouse,Thijs Dallinga,NED,FW,21,2000,36,28,2353,26.1,12,1,13,12,0,0,4,0,0.46,0.04,0.5,0.46,0.5
FRA-Ligue 1,2223,Toulouse,Veljko Birmančević,SRB,"MF,FW",24,1998,25,2,444,4.9,0,0,0,0,0,0,0,0,0.0,0.0,0.0,0.0,0.0
FRA-Ligue 1,2223,Toulouse,Vincent Sierro,SUI,MF,26,1995,15,7,665,7.4,0,0,0,0,0,0,3,0,0.0,0.0,0.0,0.0,0.0
FRA-Ligue 1,2223,Toulouse,Warren Kamanzi,NOR,"DF,MF",21,2000,11,7,665,7.4,0,0,0,0,0,0,1,0,0.0,0.0,0.0,0.0,0.0
FRA-Ligue 1,2223,Toulouse,Yanis Begraoui,MAR,MF,21,2001,3,1,65,0.7,0,0,0,0,0,0,0,0,0.0,0.0,0.0,0.0,0.0
FRA-Ligue 1,2223,Toulouse,Zakaria Aboukhlal,MAR,"MF,FW",22,2000,37,28,2473,27.5,10,5,15,10,0,0,4,0,0.36,0.18,0.55,0.36,0.55
FRA-Ligue 1,2223,Troyes,Abdu Conté,POR,"DF,MF",24,1998,19,15,1315,14.6,1,2,3,1,0,0,0,0,0.07,0.14,0.21,0.07,0.21
FRA-Ligue 1,2223,Troyes,Adil Rami,FRA,DF,36,1985,20,18,1596,17.7,0,1,1,0,0,0,2,0,0.0,0.06,0.06,0.0,0.06
FRA-Ligue 1,2223,Troyes,Alexis Tibidi,FRA,MF,18,2003,3,0,74,0.8,0,0,0,0,0,0,0,0,0.0,0.0,0.0,0.0,0.0
FRA-Ligue 1,2223,Troyes,Amar Ahmed,SWE,FW,18,2004,1,0,20,0.2,0,0,0,0,0,0,0,0,0.0,0.0,0.0,0.0,0.0
FRA-Ligue 1,2223,Troyes,Andreas Bruus,DEN,"MF,DF",23,1999,27,18,1628,18.1,0,2,2,0,0,0,2,0,0.0,0.11,0.11,0.0,0.11
FRA-Ligue 1,2223,Troyes,Ante Palaversa,CRO,MF,22,2000,2,0,31,0.3,1,0,1,1,0,0,0,0,2.9,0.0,2.9,2.9,2.9
FRA-Ligue 1,2223,Troyes,Derek Mazou-Sacko,FRA,MF,17,2004,1,0,16,0.2,0,0,0,0,0,0,0,0,0.0,0.0,0.0,0.0,0.0
FRA-Ligue 1,2223,Troyes,Erik Palmer-Brown,USA,DF,25,1997,38,36,3191,35.5,0,0,0,0,0,0,5,0,0.0,0.0,0.0,0.0,0.0
FRA-Ligue 1,2223,Troyes,Florian Tardieu,FRA,MF,30,1992,15,11,1009,11.2,3,0,3,0,3,3,2,0,0.27,0.0,0.27,0.0,0.0
FRA-Ligue 1,2223,Troyes,Gauthier Gallon,FRA,GK,29,1993,30,30,2667,29.6,0,0,0,0,0,0,3,1,0.0,0.0,0.0,0.0,0.0
FRA-Ligue 1,2223,Troyes,Ike Ugbo,CAN,"FW,MF",23,1998,25,9,895,9.9,2,1,3,2,0,0,0,0,0.2,0.1,0.3,0.2,0.3
FRA-Ligue 1,2223,Troyes,Jackson Porozo,ECU,DF,21,2000,22,17,1617,18.0,2,0,2,2,0,0,3,0,0.11,0.0,0.11,0.11,0.11
FRA-Ligue 1,2223,Troyes,Jeff Reine-Adélaïde,FRA,MF,24,1998,6,3,233,2.6,0,1,1,0,0,0,0,0,0.0,0.39,0.39,0.0,0.39
FRA-Ligue 1,2223,Troyes,Jordan Dongmo,CMR,MF,21,2001,2,0,20,0.2,0,0,0,0,0,0,0,0,0.0,0.0,0.0,0.0,0.0
FRA-Ligue 1,2223,Troyes,Kyliane Dong,FRA,"MF,FW",17,2004,6,2,213,2.4,0,0,0,0,0,0,0,0,0.0,0.0,0.0,0.0,0.0
FRA-Ligue 1,2223,Troyes,Lucien Agoume,FRA,MF,20,2002,15,14,1094,12.2,0,1,1,0,0,0,5,0,0.0,0.08,0.08,0.0,0.08
FRA-Ligue 1,2223,Troyes,Mama Samba Baldé,GNB,"FW,MF",26,1995,34,30,2665,29.6,12,3,15,10,2,2,6,2,0.41,0.1,0.51,0.34,0.44
FRA-Ligue 1,2223,Troyes,Marlos Moreno,COL,"FW,MF",25,1996,2,0,13,0.1,0,0,0,0,0,0,0,0,0.0,0.0,0.0,0.0,0.0
FRA-Ligue 1,2223,Troyes,Mateusz Lis,POL,GK,25,1997,9,8,751,8.3,0,0,0,0,0,0,1,0,0.0,0.0,0.0,0.0,0.0
FRA-Ligue 1,2223,Troyes,Mathis Hamdi,FRA,DF,18,2003,2,0,69,0.8,0,0,0,0,0,0,0,0,0.0,0.0,0.0,0.0,0.0
FRA-Ligue 1,2223,Troyes,Papa Ndiaga Yade,MTN,"MF,DF",22,2000,14,6,568,6.3,0,2,2,0,0,0,1,1,0.0,0.32,0.32,0.0,0.32
FRA-Ligue 1,2223,Troyes,Renaud Ripart,FRA,"FW,MF",29,1993,26,15,1320,14.7,4,1,5,4,0,0,4,0,0.27,0.07,0.34,0.27,0.34
FRA-Ligue 1,2223,Troyes,Rominigue Kouamé,MLI,MF,25,1996,32,31,2661,29.6,1,1,2,1,0,0,9,0,0.03,0.03,0.07,0.03,0.07
FRA-Ligue 1,2223,Troyes,Rony Lopes,POR,"MF,FW",26,1995,32,29,2346,26.1,7,5,12,7,0,0,2,0,0.27,0.19,0.46,0.27,0.46
FRA-Ligue 1,2223,Troyes,Rudy Kohon,FRA,DF,18,2004,1,0,64,0.7,0,0,0,0,0,0,0,0,0.0,0.0,0.0,0.0,0.0
FRA-Ligue 1,2223,Troyes,Tanguy Zoukrou,FRA,DF,19,2003,8,5,511,5.7,0,0,0,0,0,0,0,0,0.0,0.0,0.0,0.0,0.0
FRA-Ligue 1,2223,Troyes,Thierno Balde,FRA,"MF,DF",20,2002,31,25,2153,23.9,0,1,1,0,0,0,1,0,0.0,0.04,0.04,0.0,0.04
FRA-Ligue 1,2223,Troyes,Tristan Dingomé,CMR,"DF,MF",31,1991,8,0,99,1.1,0,0,0,0,0,0,0,0,0.0,0.0,0.0,0.0,0.0
FRA-Ligue 1,2223,Troyes,Wilson Odobert,FRA,MF,17,2004,32,19,1764,19.6,4,2,6,4,0,0,0,0,0.2,0.1,0.31,0.2,0.31
FRA-Ligue 1,2223,Troyes,Xavier Chavalerin,FRA,MF,31,1991,34,25,2426,27.0,4,2,6,4,0,0,3,0,0.15,0.07,0.22,0.15,0.22
FRA-Ligue 1,2223,Troyes,Yasser Larouci,ALG,"MF,DF",21,2001,30,21,1797,20.0,1,1,2,1,0,0,1,0,0.05,0.05,0.1,0.05,0.1
FRA-Ligue 1,2223,Troyes,Yoann Salmier,GUF,DF,29,1992,32,31,2646,29.4,1,0,1,1,0,0,5,1,0.03,0.0,0.03,0.03,0.03
ITA-Serie A,2223,Atalanta,Ademola Lookman,NGA,"FW,MF",24,1997,31,20,1729,19.2,13,6,19,10,3,3,3,0,0.68,0.31,0.99,0.52,0.83
ITA-Serie A,2223,Atalanta,Berat Djimsiti,ALB,DF,29,1993,24,20,1797,20.0,0,1,1,0,0,0,3,0,0.0,0.05,0.05,0.0,0.05
ITA-Serie A,2223,Atalanta,Brandon Soppy,FRA,MF,20,2002,15,8,643,7.1,0,3,3,0,0,0,2,0,0.0,0.42,0.42,0.0,0.42
ITA-Serie A,2223,Atalanta,Caleb Okoli,ITA,DF,21,2001,17,9,960,10.7,0,0,0,0,0,0,3,0,0.0,0.0,0.0,0.0,0.0
ITA-Serie A,2223,Atalanta,Davide Zappacosta,ITA,MF,30,1992,21,18,1471,16.3,4,2,6,4,0,0,4,0,0.24,0.12,0.37,0.24,0.37
ITA-Serie A,2223,Atalanta,Duván Zapata,COL,FW,31,1991,25,16,1390,15.4,2,2,4,2,0,0,1,0,0.13,0.13,0.26,0.13,0.26
ITA-Serie A,2223,Atalanta,Francesco Rossi,ITA,GK,31,1991,1,0,4,0.0,0,0,0,0,0,0,0,0,0.0,0.0,0.0,0.0,0.0
ITA-Serie A,2223,Atalanta,Giorgio Scalvini,ITA,DF,18,2003,32,29,2335,25.9,2,2,4,2,0,0,7,0,0.08,0.08,0.15,0.08,0.15
ITA-Serie A,2223,Atalanta,Hans Hateboer,NED,"MF,DF",28,1994,17,17,1397,15.5,1,1,2,1,0,0,7,0,0.06,0.06,0.13,0.06,0.13
ITA-Serie A,2223,Atalanta,Jeremie Boga,CIV,"MF,FW",25,1997,23,5,782,8.7,2,5,7,2,0,0,0,0,0.23,0.58,0.81,0.23,0.81
ITA-Serie A,2223,Atalanta,Joakim Mæhle,DEN,MF,25,1997,34,25,2209,24.5,3,3,6,3,0,0,5,1,0.12,0.12,0.24,0.12,0.24
ITA-Serie A,2223,Atalanta,José Luis Palomino,ARG,DF,32,1990,15,8,759,8.4,1,0,1,1,0,0,4,0,0.12,0.0,0.12,0.12,0.12
ITA-Serie A,2223,Atalanta,Juan Musso,ARG,GK,28,1994,24,24,2077,23.1,0,0,0,0,0,0,1,0,0.0,0.0,0.0,0.0,0.0
ITA-Serie A,2223,Atalanta,Luis Muriel,COL,"FW,MF",31,1991,29,10,1073,11.9,3,3,6,2,1,1,2,2,0.25,0.25,0.5,0.17,0.42
ITA-Serie A,2223,Atalanta,Lukáš Vorlický,CZE,FW,20,2002,3,0,24,0.3,0,0,0,0,0,0,0,0,0.0,0.0,0.0,0.0,0.0
ITA-Serie A,2223,Atalanta,Marco Sportiello,ITA,GK,30,1992,15,14,1339,14.9,0,0,0,0,0,0,0,0,0.0,0.0,0.0,0.0,0.0
ITA-Serie A,2223,Atalanta,Mario Pašalić,CRO,MF,27,1995,32,24,1769,19.7,5,2,7,5,0,0,3,0,0.25,0.1,0.36,0.25,0.36
ITA-Serie A,2223,Atalanta,Marten de Roon,NED,MF,31,1991,35,34,2964,32.9,3,1,4,3,0,0,7,0,0.09,0.03,0.12,0.09,0.12
ITA-Serie A,2223,Atalanta,Matteo Ruggeri,ITA,"MF,DF",20,2002,15,8,829,9.2,0,1,1,0,0,0,3,0,0.0,0.11,0.11,0.0,0.11
ITA-Serie A,2223,Atalanta,Merih Demiral,TUR,DF,24,1998,28,14,1536,17.1,1,0,1,1,0,0,5,0,0.06,0.0,0.06,0.06,0.06
ITA-Serie A,2223,Atalanta,Nadir Zortea,ITA,MF,23,1999,9,1,222,2.5,1,0,1,1,0,0,1,0,0.41,0.0,0.41,0.41,0.41
ITA-Serie A,2223,Atalanta,Rafael Tolói,ITA,DF,31,1990,32,32,2784,30.9,2,1,3,2,0,0,8,0,0.06,0.03,0.1,0.06,0.1
ITA-Serie A,2223,Atalanta,Rasmus Højlund,DEN,FW,19,2003,32,20,1834,20.4,9,2,11,9,0,0,1,0,0.44,0.1,0.54,0.44,0.54
ITA-Serie A,2223,Atalanta,Ruslan Malinovskyi,UKR,MF,29,1993,15,5,553,6.1,1,2,3,1,0,0,2,0,0.16,0.33,0.49,0.16,0.49
ITA-Serie A,2223,Atalanta,Teun Koopmeiners,NED,MF,24,1998,33,32,2858,31.8,10,4,14,8,2,4,7,0,0.31,0.13,0.44,0.25,0.38
ITA-Serie A,2223,Atalanta,Tommaso De Nipoti,ITA,FW,19,2003,1,0,4,0.0,0,0,0,0,0,0,0,0,0.0,0.0,0.0,0.0,0.0
ITA-Serie A,2223,Atalanta,Éderson Silva,BRA,MF,23,1999,35,25,2215,24.6,1,1,2,1,0,0,4,0,0.04,0.04,0.08,0.04,0.08
ITA-Serie A,2223,Bologna,Adama Soumaoro,FRA,DF,30,1992,23,22,1867,20.7,0,0,0,0,0,0,5,1,0.0,0.0,0.0,0.0,0.0
ITA-Serie A,2223,Bologna,Andrea Cambiaso,ITA,"DF,MF",22,2000,32,25,2170,24.1,0,3,3,0,0,0,2,0,0.0,0.12,0.12,0.0,0.12
ITA-Serie A,2223,Bologna,Antonio Raimondo,ITA,FW,18,2004,2,0,15,0.2,0,0,0,0,0,0,0,0,0.0,0.0,0.0,0.0,0.0
ITA-Serie A,2223,Bologna,Babis Lykogiannis,GRE,DF,28,1993,21,11,1108,12.3,2,0,2,2,0,0,3,0,0.16,0.0,0.16,0.16,0.16
ITA-Serie A,2223,Bologna,Denso Kasius,NED,MF,19,2002,7,4,342,3.8,0,2,2,0,0,0,1,0,0.0,0.53,0.53,0.0,0.53
ITA-Serie A,2223,Bologna,Emanuel Vignato,ITA,MF,21,2000,8,2,242,2.7,0,1,1,0,0,0,1,0,0.0,0.37,0.37,0.0,0.37
ITA-Serie A,2223,Bologna,Francesco Bardi,ITA,GK,30,1992,1,1,90,1.0,0,0,0,0,0,0,0,0,0.0,0.0,0.0,0.0,0.0
ITA-Serie A,2223,Bologna,Gary Medel,CHI,"MF,DF",34,1987,29,17,1478,16.4,0,1,1,0,0,0,5,0,0.0,0.06,0.06,0.0,0.06
ITA-Serie A,2223,Bologna,Giorgos Kyriakopoulos,GRE,"DF,MF",26,1996,12,8,704,7.8,0,2,2,0,0,0,2,0,0.0,0.26,0.26,0.0,0.26
ITA-Serie A,2223,Bologna,Jerdy Schouten,NED,MF,25,1997,33,29,2509,27.9,0,2,2,0,0,0,3,0,0.0,0.07,0.07,0.0,0.07
ITA-Serie A,2223,Bologna,Jhon Lucumí,COL,DF,24,1998,33,33,2900,32.2,0,1,1,0,0,0,8,0,0.0,0.03,0.03,0.0,0.03
ITA-Serie A,2223,Bologna,Joaquin Sosa,URU,DF,20,2002,10,7,688,7.6,0,0,0,0,0,0,2,0,0.0,0.0,0.0,0.0,0.0
ITA-Serie A,2223,Bologna,Joshua Zirkzee,NED,FW,21,2001,19,5,822,9.1,2,2,4,2,0,0,1,0,0.22,0.22,0.44,0.22,0.44
ITA-Serie A,2223,Bologna,Kevin Bonifazi,ITA,DF,26,1996,13,9,902,10.0,0,0,0,0,0,0,2,0,0.0,0.0,0.0,0.0,0.0
ITA-Serie A,2223,Bologna,Lewis Ferguson,SCO,MF,22,1999,32,27,2314,25.7,7,0,7,7,0,0,4,0,0.27,0.0,0.27,0.27,0.27
ITA-Serie A,2223,Bologna,Lorenzo De Silvestri,ITA,"DF,MF",34,1988,15,6,672,7.5,1,0,1,1,0,0,1,0,0.13,0.0,0.13,0.13,0.13
ITA-Serie A,2223,Bologna,Marko Arnautović,AUT,FW,33,1989,21,18,1530,17.0,10,0,10,7,3,3,5,0,0.59,0.0,0.59,0.41,0.41
ITA-Serie A,2223,Bologna,Michel Aebischer,SUI,"MF,FW",25,1997,32,18,1542,17.1,1,0,1,1,0,0,4,0,0.06,0.0,0.06,0.06,0.06
ITA-Serie A,2223,Bologna,Musa Barrow,GAM,"MF,FW",23,1998,32,26,1960,21.8,3,8,11,3,0,0,3,0,0.14,0.37,0.51,0.14,0.51
ITA-Serie A,2223,Bologna,Nicola Sansone,ITA,"FW,MF",30,1991,18,8,740,8.2,4,2,6,4,0,0,2,0,0.49,0.24,0.73,0.49,0.73
ITA-Serie A,2223,Bologna,Nicolás Domínguez,ARG,MF,24,1998,31,26,2300,25.6,3,2,5,3,0,0,10,0,0.12,0.08,0.2,0.12,0.2
ITA-Serie A,2223,Bologna,Niklas Pyyhtiä,FIN,MF,18,2003,6,0,110,1.2,0,1,1,0,0,0,0,0,0.0,0.82,0.82,0.0,0.82
ITA-Serie A,2223,Bologna,Nikola Moro,CRO,MF,24,1998,26,12,1226,13.6,1,5,6,1,0,0,1,0,0.07,0.37,0.44,0.07,0.44
ITA-Serie A,2223,Bologna,Riccardo Orsolini,ITA,"MF,FW",25,1997,32,22,2124,23.6,11,4,15,8,3,3,8,2,0.47,0.17,0.64,0.34,0.51
ITA-Serie A,2223,Bologna,Roberto Soriano,ITA,MF,31,1991,27,15,1326,14.7,1,3,4,1,0,0,1,0,0.07,0.2,0.27,0.07,0.27
ITA-Serie A,2223,Bologna,Stefan Posch,AUT,DF,25,1997,30,30,2532,28.1,6,2,8,6,0,0,6,0,0.21,0.07,0.28,0.21,0.28
ITA-Serie A,2223,Bologna,Łukasz Skorupski,POL,GK,31,1991,37,37,3330,37.0,0,0,0,0,0,0,4,0,0.0,0.0,0.0,0.0,0.0
ITA-Serie A,2223,Cremonese,Alberto Basso,ITA,FW,18,2004,1,0,16,0.2,0,0,0,0,0,0,0,0,0.0,0.0,0.0,0.0,0.0
ITA-Serie A,2223,Cremonese,Alex Ferrari,ITA,DF,28,1994,16,13,1007,11.2,0,0,0,0,0,0,3,0,0.0,0.0,0.0,0.0,0.0
ITA-Serie A,2223,Cremonese,Charles Pickel,COD,MF,25,1997,33,30,2483,27.6,1,0,1,1,0,0,8,1,0.04,0.0,0.04,0.04,0.04
ITA-Serie A,2223,Cremonese,Christian Acella,ITA,MF,20,2002,1,0,15,0.2,0,0,0,0,0,0,0,0,0.0,0.0,0.0,0.0,0.0
ITA-Serie A,2223,Cremonese,Cristian Buonaiuto,ITA,"MF,FW",29,1992,29,7,980,10.9,1,0,1,0,1,1,3,0,0.09,0.0,0.09,0.0,0.0
ITA-Serie A,2223,Cremonese,Cyriel Dessers,NGA,FW,27,1994,26,19,1587,17.6,6,1,7,6,0,1,3,0,0.34,0.06,0.4,0.34,0.4
ITA-Serie A,2223,Cremonese,Daniel Ciofani,ITA,FW,37,1985,32,10,1060,11.8,8,0,8,5,3,4,1,0,0.68,0.0,0.68,0.42,0.42
ITA-Serie A,2223,Cremonese,David Okereke,NGA,"FW,MF",24,1997,33,25,2266,25.2,7,0,7,6,1,1,4,0,0.28,0.0,0.28,0.24,0.24
ITA-Serie A,2223,Cremonese,Emanuel Aiwum,AUT,DF,21,2000,23,17,1653,18.4,0,0,0,0,0,0,3,0,0.0,0.0,0.0,0.0,0.0
ITA-Serie A,2223,Cremonese,Emanuele Valeri,ITA,"MF,DF",23,1998,37,31,2785,30.9,2,3,5,2,0,0,3,0,0.06,0.1,0.16,0.06,0.16
ITA-Serie A,2223,Cremonese,Felix Afena-Gyan,GHA,"FW,MF",19,2003,23,7,817,9.1,0,0,0,0,0,0,4,0,0.0,0.0,0.0,0.0,0.0
ITA-Serie A,2223,Cremonese,Frank Tsadjout,ITA,FW,23,1999,20,14,1051,11.7,3,1,4,3,0,0,1,0,0.26,0.09,0.34,0.26,0.34
ITA-Serie A,2223,Cremonese,Giacomo Quagliata,ITA,"MF,DF",22,2000,20,6,699,7.8,0,1,1,0,0,0,0,1,0.0,0.13,0.13,0.0,0.13
ITA-Serie A,2223,Cremonese,Gonzalo Escalante,ARG,MF,29,1993,9,7,555,6.2,0,1,1,0,0,0,0,1,0.0,0.16,0.16,0.0,0.16
ITA-Serie A,2223,Cremonese,Ionuț Radu,ROU,GK,25,1997,9,9,810,9.0,0,0,0,0,0,0,0,0,0.0,0.0,0.0,0.0,0.0
ITA-Serie A,2223,Cremonese,Jack Hendry,SCO,DF,27,1995,4,2,220,2.4,0,0,0,0,0,0,1,0,0.0,0.0,0.0,0.0,0.0
ITA-Serie A,2223,Cremonese,Jaime Báez,URU,MF,27,1995,2,1,96,1.1,0,0,0,0,0,0,0,0,0.0,0.0,0.0,0.0,0.0
ITA-Serie A,2223,Cremonese,Johan Vásquez,MEX,DF,23,1998,25,19,1813,20.1,1,0,1,1,0,0,7,0,0.05,0.0,0.05,0.05,0.05
ITA-Serie A,2223,Cremonese,Leonardo Sernicola,ITA,"MF,DF",25,1997,32,27,2317,25.7,2,2,4,2,0,0,11,0,0.08,0.08,0.16,0.08,0.16
ITA-Serie A,2223,Cremonese,Luca Zanimacchia,ITA,MF,24,1998,15,9,746,8.3,0,0,0,0,0,0,2,0,0.0,0.0,0.0,0.0,0.0
ITA-Serie A,2223,Cremonese,Luka Lochoshvili,GEO,DF,24,1998,25,22,1839,20.4,1,2,3,1,0,0,4,0,0.05,0.1,0.15,0.05,0.15
ITA-Serie A,2223,Cremonese,Marco Benassi,ITA,MF,27,1994,15,11,998,11.1,0,0,0,0,0,0,1,0,0.0,0.0,0.0,0.0,0.0
ITA-Serie A,2223,Cremonese,Marco Carnesecchi,ITA,GK,22,2000,27,27,2430,27.0,0,1,1,0,0,0,1,0,0.0,0.04,0.04,0.0,0.04
ITA-Serie A,2223,Cremonese,Matteo Bianchetti,ITA,DF,29,1993,25,22,2132,23.7,1,0,1,1,0,0,5,0,0.04,0.0,0.04,0.04,0.04
ITA-Serie A,2223,Cremonese,Michele Castagnetti,ITA,MF,32,1989,27,14,1412,15.7,0,1,1,0,0,0,2,0,0.0,0.06,0.06,0.0,0.06
ITA-Serie A,2223,Cremonese,Mouhamadou Sarr,SEN,GK,25,1997,2,2,180,2.0,0,0,0,0,0,0,0,0,0.0,0.0,0.0,0.0,0.0
ITA-Serie A,2223,Cremonese,Pablo Galdames Millán,CHI,MF,25,1996,13,10,734,8.2,1,2,3,1,0,0,2,0,0.12,0.25,0.37,0.12,0.37
ITA-Serie A,2223,Cremonese,Paolo Ghiglione,ITA,MF,25,1997,15,8,711,7.9,1,1,2,1,0,0,4,0,0.13,0.13,0.25,0.13,0.25
ITA-Serie A,2223,Cremonese,Samuel Di Carmine,ITA,FW,33,1988,2,0,28,0.3,0,0,0,0,0,0,0,0,0.0,0.0,0.0,0.0,0.0
ITA-Serie A,2223,Cremonese,Santiago Ascacíbar,ARG,MF,25,1997,13,7,727,8.1,0,0,0,0,0,0,1,0,0.0,0.0,0.0,0.0,0.0
ITA-Serie A,2223,Cremonese,Soualiho Meïté,FRA,MF,28,1994,31,28,2366,26.3,0,2,2,0,0,0,5,0,0.0,0.08,0.08,0.0,0.08
ITA-Serie A,2223,Cremonese,Tommaso Milanese,ITA,MF,20,2002,2,0,27,0.3,0,0,0,0,0,0,0,0,0.0,0.0,0.0,0.0,0.0
ITA-Serie A,2223,Cremonese,Vlad Chiricheș,ROU,DF,32,1989,16,14,983,10.9,0,0,0,0,0,0,2,0,0.0,0.0,0.0,0.0,0.0
ITA-Serie A,2223,Empoli,Alberto Grassi,ITA,MF,27,1995,25,14,1194,13.3,0,0,0,0,0,0,3,0,0.0,0.0,0.0,0.0,0.0
ITA-Serie A,2223,Empoli,Ardian Ismajli,ALB,DF,25,1996,25,22,2094,23.3,0,0,0,0,0,0,3,0,0.0,0.0,0.0,0.0,0.0
ITA-Serie A,2223,Empoli,Duccio Degl'Innocenti,ITA,MF,19,2003,1,0,3,0.0,0,0,0,0,0,0,0,0,0.0,0.0,0.0,0.0,0.0
ITA-Serie A,2223,Empoli,Emanuel Vignato,ITA,MF,21,2000,5,0,57,0.6,1,0,1,1,0,0,0,0,1.58,0.0,1.58,1.58,1.58
ITA-Serie A,2223,Empoli,Emmanuel Ekong,SWE,FW,20,2002,2,0,20,0.2,0,0,0,0,0,0,0,0,0.0,0.0,0.0,0.0,0.0
ITA-Serie A,2223,Empoli,Fabiano Parisi,ITA,DF,21,2000,33,33,2830,31.4,2,0,2,2,0,0,10,1,0.06,0.0,0.06,0.06,0.06
ITA-Serie A,2223,Empoli,Filippo Bandinelli,ITA,MF,27,1995,35,28,2263,25.1,2,0,2,2,0,0,10,0,0.08,0.0,0.08,0.08,0.08
ITA-Serie A,2223,Empoli,Francesco Caputo,ITA,FW,34,1987,21,20,1708,19.0,5,4,9,3,2,2,1,0,0.26,0.21,0.47,0.16,0.37
ITA-Serie A,2223,Empoli,Guglielmo Vicario,ITA,GK,25,1996,31,31,2783,30.9,0,0,0,0,0,0,3,0,0.0,0.0,0.0,0.0,0.0
ITA-Serie A,2223,Empoli,Herculano Nabian,POR,FW,18,2004,1,0,1,0.0,0,0,0,0,0,0,0,0,0.0,0.0,0.0,0.0,0.0
ITA-Serie A,2223,Empoli,Jacopo Fazzini,ITA,MF,19,2003,21,8,825,9.2,0,0,0,0,0,0,4,0,0.0,0.0,0.0,0.0,0.0
ITA-Serie A,2223,Empoli,Jean-Daniel Akpa-Akpro,CIV,MF,29,1992,24,16,1356,15.1,1,1,2,1,0,0,9,2,0.07,0.07,0.13,0.07,0.13
ITA-Serie A,2223,Empoli,Koni De Winter,BEL,DF,20,2002,14,12,1024,11.4,0,0,0,0,0,0,3,0,0.0,0.0,0.0,0.0,0.0
ITA-Serie A,2223,Empoli,Liam Henderson,SCO,MF,26,1996,25,11,1007,11.2,0,1,1,0,0,0,9,0,0.0,0.09,0.09,0.0,0.09
ITA-Serie A,2223,Empoli,Liberato Cacace,NZL,DF,21,2000,12,5,587,6.5,0,0,0,0,0,0,1,0,0.0,0.0,0.0,0.0,0.0
ITA-Serie A,2223,Empoli,Lorenzo Tonelli,ITA,DF,32,1990,1,0,19,0.2,0,0,0,0,0,0,0,1,0.0,0.0,0.0,0.0,0.0
ITA-Serie A,2223,Empoli,Marko Pjaca,CRO,"MF,FW",27,1995,17,5,525,5.8,0,0,0,0,0,0,1,0,0.0,0.0,0.0,0.0,0.0
ITA-Serie A,2223,Empoli,Martin Satriano,URU,FW,21,2001,31,20,1705,18.9,2,1,3,2,0,0,4,0,0.11,0.05,0.16,0.11,0.16
ITA-Serie A,2223,Empoli,Mattia Destro,ITA,FW,31,1991,17,6,572,6.4,1,0,1,1,0,0,3,0,0.16,0.0,0.16,0.16,0.16
ITA-Serie A,2223,Empoli,Nedim Bajrami,ALB,"MF,FW",23,1999,19,8,940,10.4,1,1,2,1,0,0,1,0,0.1,0.1,0.19,0.1,0.19
ITA-Serie A,2223,Empoli,Nicolas Haas,SUI,MF,26,1996,24,12,1156,12.8,1,1,2,1,0,0,2,0,0.08,0.08,0.16,0.08,0.16
ITA-Serie A,2223,Empoli,Nicolò Cambiaghi,ITA,"FW,MF",21,2000,28,12,1285,14.3,6,1,7,6,0,0,5,1,0.42,0.07,0.49,0.42,0.49
ITA-Serie A,2223,Empoli,Petar Stojanović,SVN,DF,26,1995,27,16,1530,17.0,0,1,1,0,0,0,3,0,0.0,0.06,0.06,0.0,0.06
ITA-Serie A,2223,Empoli,Roberto Piccoli,ITA,FW,21,2001,13,6,516,5.7,2,0,2,2,0,0,0,0,0.35,0.0,0.35,0.35,0.35
ITA-Serie A,2223,Empoli,Răzvan Marin,ROU,MF,26,1996,33,28,2538,28.2,2,4,6,2,0,0,7,0,0.07,0.14,0.21,0.07,0.21
ITA-Serie A,2223,Empoli,Sam Lammers,NED,FW,25,1997,14,10,883,9.8,1,1,2,1,0,0,0,0,0.1,0.1,0.2,0.1,0.2
ITA-Serie A,2223,Empoli,Samir Ujkani,KVX,GK,34,1988,1,0,7,0.1,0,0,0,0,0,0,0,0,0.0,0.0,0.0,0.0,0.0
ITA-Serie A,2223,Empoli,Samuele Perisan,ITA,GK,24,1997,7,7,630,7.0,0,0,0,0,0,0,0,0,0.0,0.0,0.0,0.0,0.0
ITA-Serie A,2223,Empoli,Sebastian Walukiewicz,POL,DF,22,2000,11,6,603,6.7,0,0,0,0,0,0,0,0,0.0,0.0,0.0,0.0,0.0
ITA-Serie A,2223,Empoli,Sebastiano Luperto,ITA,DF,25,1996,36,36,3135,34.8,2,0,2,2,0,0,4,2,0.06,0.0,0.06,0.06,0.06
ITA-Serie A,2223,Empoli,Tommaso Baldanzi,ITA,MF,19,2003,26,24,1772,19.7,4,0,4,4,0,0,2,0,0.2,0.0,0.2,0.2,0.2
ITA-Serie A,2223,Empoli,Tyronne Ebuehi,NGA,DF,26,1995,26,22,1923,21.4,2,4,6,2,0,0,0,0,0.09,0.19,0.28,0.09,0.28
ITA-Serie A,2223,Fiorentina,Aleksa Terzić,SRB,DF,22,1999,22,8,935,10.4,1,1,2,1,0,0,2,0,0.1,0.1,0.19,0.1,0.19
ITA-Serie A,2223,Fiorentina,Alessandro Bianco,ITA,MF,19,2002,7,2,153,1.7,0,0,0,0,0,0,1,0,0.0,0.0,0.0,0.0,0.0
ITA-Serie A,2223,Fiorentina,Alfred Duncan,GHA,MF,29,1993,25,13,1103,12.3,1,0,1,1,0,0,3,0,0.08,0.0,0.08,0.08,0.08
ITA-Serie A,2223,Fiorentina,Antonín Barák,CZE,MF,27,1994,30,21,1799,20.0,2,0,2,2,0,0,4,0,0.1,0.0,0.1,0.1,0.1
ITA-Serie A,2223,Fiorentina,Arthur Cabral,BRA,FW,24,1998,28,15,1432,15.9,8,1,9,6,2,2,4,0,0.5,0.06,0.57,0.38,0.44
ITA-Serie A,2223,Fiorentina,Christian Kouamé,CIV,"FW,MF",24,1997,28,22,1866,20.7,4,4,8,4,0,0,5,0,0.19,0.19,0.39,0.19,0.39
ITA-Serie A,2223,Fiorentina,Cristiano Biraghi,ITA,DF,29,1992,33,30,2551,28.3,2,4,6,2,0,1,1,0,0.07,0.14,0.21,0.07,0.21
ITA-Serie A,2223,Fiorentina,Dodô,BRA,DF,23,1998,33,28,2331,25.9,1,3,4,1,0,0,5,1,0.04,0.12,0.15,0.04,0.15
ITA-Serie A,2223,Fiorentina,Gaetano Castrovilli,ITA,MF,25,1997,15,7,718,8.0,2,1,3,2,0,0,3,0,0.25,0.13,0.38,0.25,0.38
ITA-Serie A,2223,Fiorentina,Giacomo Bonaventura,ITA,MF,32,1989,30,21,1911,21.2,5,1,6,5,0,0,4,1,0.24,0.05,0.28,0.24,0.28
ITA-Serie A,2223,Fiorentina,Igor,BRA,DF,24,1998,27,23,2057,22.9,0,0,0,0,0,0,10,1,0.0,0.0,0.0,0.0,0.0
ITA-Serie A,2223,Fiorentina,Jonathan Ikone,FRA,"MF,FW",24,1998,33,24,2007,22.3,4,4,8,4,0,0,4,0,0.18,0.18,0.36,0.18,0.36
ITA-Serie A,2223,Fiorentina,Josip Brekalo,CRO,MF,24,1998,6,1,229,2.5,0,0,0,0,0,0,1,0,0.0,0.0,0.0,0.0,0.0
ITA-Serie A,2223,Fiorentina,Lorenzo Venuti,ITA,DF,27,1995,17,9,924,10.3,0,1,1,0,0,0,2,0,0.0,0.1,0.1,0.0,0.1
ITA-Serie A,2223,Fiorentina,Luca Ranieri,ITA,DF,23,1999,9,5,508,5.6,0,0,0,0,0,0,1,0,0.0,0.0,0.0,0.0,0.0
ITA-Serie A,2223,Fiorentina,Lucas Martínez Quarta,ARG,DF,26,1996,27,25,2171,24.1,1,1,2,1,0,0,6,0,0.04,0.04,0.08,0.04,0.08
ITA-Serie A,2223,Fiorentina,Luka Jović,SRB,FW,24,1997,31,16,1534,17.0,6,3,9,6,0,1,3,0,0.35,0.18,0.53,0.35,0.53
ITA-Serie A,2223,Fiorentina,Marco Benassi,ITA,DF,27,1994,2,1,93,1.0,0,0,0,0,0,0,0,0,0.0,0.0,0.0,0.0,0.0
ITA-Serie A,2223,Fiorentina,Michele Cerofolini,ITA,GK,23,1999,5,5,450,5.0,0,0,0,0,0,0,0,0,0.0,0.0,0.0,0.0,0.0
ITA-Serie A,2223,Fiorentina,Nicolás González,ARG,"FW,MF",24,1998,24,13,1354,15.0,6,1,7,4,2,2,3,0,0.4,0.07,0.47,0.27,0.33
ITA-Serie A,2223,Fiorentina,Nikola Milenković,SRB,DF,24,1997,27,23,2137,23.7,2,1,3,2,0,0,4,0,0.08,0.04,0.13,0.08,0.13
ITA-Serie A,2223,Fiorentina,Pierluigi Gollini,ITA,GK,27,1995,3,3,270,3.0,0,0,0,0,0,0,0,0,0.0,0.0,0.0,0.0,0.0
ITA-Serie A,2223,Fiorentina,Pietro Terracciano,ITA,GK,32,1990,29,29,2610,29.0,0,0,0,0,0,0,1,0,0.0,0.0,0.0,0.0,0.0
ITA-Serie A,2223,Fiorentina,Riccardo Saponara,ITA,"MF,FW",30,1991,29,14,1208,13.4,4,3,7,4,0,0,4,0,0.3,0.22,0.52,0.3,0.52
ITA-Serie A,2223,Fiorentina,Riccardo Sottil,ITA,"MF,FW",23,1999,18,9,833,9.3,0,2,2,0,0,0,1,0,0.0,0.22,0.22,0.0,0.22
ITA-Serie A,2223,Fiorentina,Rolando Mandragora,ITA,MF,25,1997,29,22,1950,21.7,2,4,6,2,0,0,8,0,0.09,0.18,0.28,0.09,0.28
ITA-Serie A,2223,Fiorentina,Salvatore Sirigu,ITA,GK,35,1987,1,1,90,1.0,0,0,0,0,0,0,0,0,0.0,0.0,0.0,0.0,0.0
ITA-Serie A,2223,Fiorentina,Sofyan Amrabat,MAR,MF,25,1996,29,24,1998,22.2,0,1,1,0,0,0,11,0,0.0,0.05,0.05,0.0,0.05
ITA-Serie A,2223,Fiorentina,Szymon Żurkowski,POL,MF,24,1997,2,0,32,0.4,0,1,1,0,0,0,0,0,0.0,2.81,2.81,0.0,2.81
ITA-Serie A,2223,Fiorentina,Youssef Maleh,MAR,MF,23,1998,7,4,297,3.3,0,0,0,0,0,0,2,0,0.0,0.0,0.0,0.0,0.0
ITA-Serie A,2223,Hellas Verona,Adolfo Gaich,ARG,FW,23,1999,16,8,726,8.1,2,0,2,2,0,0,2,0,0.25,0.0,0.25,0.25,0.25
ITA-Serie A,2223,Hellas Verona,Adrien Tameze,CMR,MF,28,1994,37,35,3031,33.7,0,0,0,0,0,0,3,0,0.0,0.0,0.0,0.0,0.0
ITA-Serie A,2223,Hellas Verona,Ajdin Hrustic,AUS,MF,26,1996,6,3,226,2.5,0,0,0,0,0,0,0,0,0.0,0.0,0.0,0.0,0.0
ITA-Serie A,2223,Hellas Verona,Alessandro Cortinovis,ITA,MF,21,2001,1,0,6,0.1,0,0,0,0,0,0,0,0,0.0,0.0,0.0,0.0,0.0
ITA-Serie A,2223,Hellas Verona,Antonín Barák,CZE,MF,27,1994,1,0,25,0.3,0,0,0,0,0,0,0,0,0.0,0.0,0.0,0.0,0.0
ITA-Serie A,2223,Hellas Verona,Bruno Amione,ARG,DF,20,2002,1,1,58,0.6,0,0,0,0,0,0,1,0,0.0,0.0,0.0,0.0,0.0
ITA-Serie A,2223,Hellas Verona,Cyril Ngonge,BEL,"MF,FW",22,2000,14,9,745,8.3,3,1,4,3,0,0,2,0,0.36,0.12,0.48,0.36,0.48
ITA-Serie A,2223,Hellas Verona,Darko Lazović,SRB,MF,31,1990,30,27,2242,24.9,4,5,9,4,0,0,0,0,0.16,0.2,0.36,0.16,0.36
ITA-Serie A,2223,Hellas Verona,Davide Faraoni,ITA,"MF,DF",30,1991,23,19,1485,16.5,2,3,5,2,0,0,7,0,0.12,0.18,0.3,0.12,0.3
ITA-Serie A,2223,Hellas Verona,Deyovaisio Zeefuik,NED,"DF,MF",24,1998,1,0,10,0.1,0,0,0,0,0,0,0,0,0.0,0.0,0.0,0.0,0.0
ITA-Serie A,2223,Hellas Verona,Diego Coppola,ITA,DF,18,2003,19,11,1177,13.1,0,0,0,0,0,0,5,0,0.0,0.0,0.0,0.0,0.0
ITA-Serie A,2223,Hellas Verona,Fabio Depaoli,ITA,MF,25,1997,31,24,2173,24.1,2,2,4,2,0,0,7,0,0.08,0.08,0.17,0.08,0.17
ITA-Serie A,2223,Hellas Verona,Federico Ceccherini,ITA,DF,30,1992,22,18,1417,15.7,2,0,2,2,0,0,9,1,0.13,0.0,0.13,0.13,0.13
ITA-Serie A,2223,Hellas Verona,Filippo Terracciano,ITA,MF,19,2003,20,7,821,9.1,0,1,1,0,0,0,2,0,0.0,0.11,0.11,0.0,0.11
ITA-Serie A,2223,Hellas Verona,Giangiacomo Magnani,ITA,DF,26,1995,24,19,1532,17.0,0,1,1,0,0,0,7,1,0.0,0.06,0.06,0.0,0.06
ITA-Serie A,2223,Hellas Verona,Ibrahim Sulemana,GHA,MF,19,2003,16,6,651,7.2,0,0,0,0,0,0,4,0,0.0,0.0,0.0,0.0,0.0
ITA-Serie A,2223,Hellas Verona,Isak Hien,SWE,DF,23,1999,32,28,2607,29.0,0,0,0,0,0,0,9,0,0.0,0.0,0.0,0.0,0.0
ITA-Serie A,2223,Hellas Verona,Ivan Ilić,SRB,MF,21,2001,11,10,851,9.5,0,1,1,0,0,0,1,0,0.0,0.11,0.11,0.0,0.11
ITA-Serie A,2223,Hellas Verona,Jayden Braaf,NED,MF,19,2002,6,2,288,3.2,0,0,0,0,0,0,1,0,0.0,0.0,0.0,0.0,0.0
ITA-Serie A,2223,Hellas Verona,Josh Doig,SCO,MF,20,2002,22,15,1354,15.0,2,3,5,2,0,0,1,0,0.13,0.2,0.33,0.13,0.33
ITA-Serie A,2223,Hellas Verona,Juan David Cabal,COL,DF,21,2001,11,3,444,4.9,0,0,0,0,0,0,3,0,0.0,0.0,0.0,0.0,0.0
ITA-Serie A,2223,Hellas Verona,Kevin Lasagna,ITA,"FW,MF",29,1992,26,17,1572,17.5,1,2,3,1,0,0,2,0,0.06,0.11,0.17,0.06,0.17
ITA-Serie A,2223,Hellas Verona,Koray Günter,GER,DF,27,1994,13,11,1003,11.1,1,0,1,1,0,0,3,0,0.09,0.0,0.09,0.09,0.09
ITA-Serie A,2223,Hellas Verona,Lorenzo Montipò,ITA,GK,26,1996,37,37,3330,37.0,0,0,0,0,0,0,1,0,0.0,0.0,0.0,0.0,0.0
ITA-Serie A,2223,Hellas Verona,Martin Hongla,CMR,MF,24,1998,9,6,523,5.8,0,0,0,0,0,0,4,0,0.0,0.0,0.0,0.0,0.0
ITA-Serie A,2223,Hellas Verona,Miguel Veloso,POR,MF,36,1986,22,14,1163,12.9,0,0,0,0,0,0,6,0,0.0,0.0,0.0,0.0,0.0
ITA-Serie A,2223,Hellas Verona,Milan Đurić,BIH,FW,32,1990,28,14,1366,15.2,1,1,2,1,0,0,3,0,0.07,0.07,0.13,0.07,0.13
ITA-Serie A,2223,Hellas Verona,Oliver Abildgaard,DEN,MF,26,1996,13,6,592,6.6,0,0,0,0,0,0,2,0,0.0,0.0,0.0,0.0,0.0
ITA-Serie A,2223,Hellas Verona,Ondrej Duda,SVK,MF,27,1994,15,11,1061,11.8,0,0,0,0,0,0,4,0,0.0,0.0,0.0,0.0,0.0
ITA-Serie A,2223,Hellas Verona,Panagiotis Retsos,GRE,DF,23,1998,2,1,122,1.4,0,0,0,0,0,0,0,0,0.0,0.0,0.0,0.0,0.0
ITA-Serie A,2223,Hellas Verona,Paweł Dawidowicz,POL,DF,27,1995,23,20,1632,18.1,1,1,2,1,0,0,6,1,0.06,0.06,0.11,0.06,0.11
ITA-Serie A,2223,Hellas Verona,Roberto Piccoli,ITA,FW,21,2001,7,2,192,2.1,0,0,0,0,0,0,0,0,0.0,0.0,0.0,0.0,0.0
ITA-Serie A,2223,Hellas Verona,Simone Perilli,ITA,GK,27,1995,1,1,90,1.0,0,0,0,0,0,0,0,0,0.0,0.0,0.0,0.0,0.0
ITA-Serie A,2223,Hellas Verona,Simone Verdi,ITA,"MF,FW",30,1992,24,12,1096,12.2,5,0,5,4,1,1,3,0,0.41,0.0,0.41,0.33,0.33
ITA-Serie A,2223,Hellas Verona,Thomas Henry,FRA,FW,27,1994,16,13,1030,11.4,2,0,2,2,0,0,4,0,0.17,0.0,0.17,0.17,0.17
ITA-Serie A,2223,Hellas Verona,Yayah Kallon,SLE,MF,21,2001,22,8,860,9.6,1,1,2,1,0,0,1,0,0.1,0.1,0.21,0.1,0.21
ITA-Serie A,2223,Inter,Alessandro Bastoni,ITA,DF,23,1999,29,26,2157,24.0,0,2,2,0,0,0,3,0,0.0,0.08,0.08,0.0,0.08
ITA-Serie A,2223,Inter,Alex Cordaz,ITA,GK,39,1983,1,0,26,0.3,0,0,0,0,0,0,0,0,0.0,0.0,0.0,0.0,0.0
ITA-Serie A,2223,Inter,André Onana,CMR,GK,26,1996,24,24,2160,24.0,0,0,0,0,0,0,1,0,0.0,0.0,0.0,0.0,0.0
ITA-Serie A,2223,Inter,Danilo D'Ambrosio,ITA,DF,33,1988,15,8,733,8.1,0,2,2,0,0,0,3,1,0.0,0.25,0.25,0.0,0.25
ITA-Serie A,2223,Inter,Denzel Dumfries,NED,MF,26,1996,34,25,2218,24.6,1,4,5,1,0,0,4,0,0.04,0.16,0.2,0.04,0.2
ITA-Serie A,2223,Inter,Edin Džeko,BIH,FW,36,1986,33,18,1732,19.2,9,3,12,9,0,0,3,0,0.47,0.16,0.62,0.47,0.62
ITA-Serie A,2223,Inter,Federico Dimarco,ITA,"MF,DF",24,1997,33,26,2069,23.0,4,3,7,4,0,0,0,0,0.17,0.13,0.3,0.17,0.3
ITA-Serie A,2223,Inter,Francesco Acerbi,ITA,DF,34,1988,31,25,2425,26.9,0,2,2,0,0,0,4,0,0.0,0.07,0.07,0.0,0.07
ITA-Serie A,2223,Inter,Hakan Çalhanoğlu,TUR,MF,28,1994,33,28,2363,26.3,3,6,9,2,1,1,3,0,0.11,0.23,0.34,0.08,0.3
ITA-Serie A,2223,Inter,Henrikh Mkhitaryan,ARM,MF,33,1989,31,24,1986,22.1,3,2,5,3,0,0,4,0,0.14,0.09,0.23,0.14,0.23
ITA-Serie A,2223,Inter,Joaquín Correa,ARG,FW,27,1994,26,12,950,10.6,3,1,4,3,0,0,1,0,0.28,0.09,0.38,0.28,0.38
ITA-Serie A,2223,Inter,Kristjan Asllani,ALB,MF,20,2002,20,5,592,6.6,0,0,0,0,0,0,2,0,0.0,0.0,0.0,0.0,0.0
ITA-Serie A,2223,Inter,Lautaro Martínez,ARG,FW,24,1997,38,27,2576,28.6,21,6,27,20,1,2,3,0,0.73,0.21,0.94,0.7,0.91
ITA-Serie A,2223,Inter,Marcelo Brozović,CRO,MF,29,1992,28,19,1770,19.7,3,5,8,3,0,0,8,0,0.15,0.25,0.41,0.15,0.41
ITA-Serie A,2223,Inter,Matteo Darmian,ITA,"MF,DF",32,1989,31,24,2025,22.5,1,2,3,1,0,0,3,0,0.04,0.09,0.13,0.04,0.13
ITA-Serie A,2223,Inter,Mattia Zanotti,ITA,"DF,MF",19,2003,2,0,27,0.3,0,0,0,0,0,0,0,0,0.0,0.0,0.0,0.0,0.0
ITA-Serie A,2223,Inter,Milan Škriniar,SVK,DF,27,1995,21,20,1769,19.7,0,0,0,0,0,0,5,1,0.0,0.0,0.0,0.0,0.0
ITA-Serie A,2223,Inter,Nicolò Barella,ITA,MF,25,1997,35,31,2613,29.0,6,6,12,6,0,0,6,0,0.21,0.21,0.41,0.21,0.41
ITA-Serie A,2223,Inter,Raoul Bellanova,ITA,MF,22,2000,18,3,496,5.5,0,0,0,0,0,0,0,0,0.0,0.0,0.0,0.0,0.0
ITA-Serie A,2223,Inter,Roberto Gagliardini,ITA,MF,28,1994,19,7,783,8.7,0,0,0,0,0,0,5,1,0.0,0.0,0.0,0.0,0.0
ITA-Serie A,2223,Inter,Robin Gosens,GER,MF,28,1994,32,11,1184,13.2,3,0,3,3,0,0,2,0,0.23,0.0,0.23,0.23,0.23
ITA-Serie A,2223,Inter,Romelu Lukaku,BEL,FW,29,1993,25,19,1660,18.4,10,6,16,8,2,2,1,0,0.54,0.33,0.87,0.43,0.76
ITA-Serie A,2223,Inter,Samir Handanović,SVN,GK,38,1984,14,14,1234,13.7,0,0,0,0,0,0,0,0,0.0,0.0,0.0,0.0,0.0
ITA-Serie A,2223,Inter,Stefan de Vrij,NED,DF,30,1992,27,22,1945,21.6,1,0,1,1,0,0,4,0,0.05,0.0,0.05,0.05,0.05
ITA-Serie A,2223,Inter,Valentin Carboni,ARG,MF,17,2005,5,0,25,0.3,0,0,0,0,0,0,0,0,0.0,0.0,0.0,0.0,0.0
ITA-Serie A,2223,Juventus,Adrien Rabiot,FRA,MF,27,1995,32,31,2748,30.5,8,4,12,8,0,0,9,0,0.26,0.13,0.39,0.26,0.39
ITA-Serie A,2223,Juventus,Alex Sandro,BRA,DF,31,1991,25,21,1787,19.9,0,1,1,0,0,0,5,1,0.0,0.05,0.05,0.0,0.05
ITA-Serie A,2223,Juventus,Arkadiusz Milik,POL,FW,28,1994,27,17,1586,17.6,7,1,8,7,0,1,3,1,0.4,0.06,0.45,0.4,0.45
ITA-Serie A,2223,Juventus,Daniele Rugani,ITA,DF,28,1994,9,6,564,6.3,0,0,0,0,0,0,0,0,0.0,0.0,0.0,0.0,0.0
ITA-Serie A,2223,Juventus,Danilo,BRA,DF,31,1991,37,35,3184,35.4,3,3,6,3,0,0,5,0,0.08,0.08,0.17,0.08,0.17
ITA-Serie A,2223,Juventus,Denis Zakaria,SUI,MF,25,1996,2,1,123,1.4,0,0,0,0,0,0,0,0,0.0,0.0,0.0,0.0,0.0
ITA-Serie A,2223,Juventus,Dušan Vlahović,SRB,FW,22,2000,27,22,1925,21.4,10,2,12,8,2,3,1,0,0.47,0.09,0.56,0.37,0.47
ITA-Serie A,2223,Juventus,Enzo Barrenechea,ARG,MF,21,2001,3,3,158,1.8,0,0,0,0,0,0,0,0,0.0,0.0,0.0,0.0,0.0
ITA-Serie A,2223,Juventus,Fabio Miretti,ITA,"MF,FW",18,2003,27,14,1234,13.7,0,2,2,0,0,0,2,0,0.0,0.15,0.15,0.0,0.15
ITA-Serie A,2223,Juventus,Federico Chiesa,ITA,"MF,FW",24,1997,21,6,852,9.5,2,5,7,2,0,0,2,0,0.21,0.53,0.74,0.21,0.74
ITA-Serie A,2223,Juventus,Federico Gatti,ITA,DF,24,1998,18,16,1448,16.1,0,0,0,0,0,0,4,0,0.0,0.0,0.0,0.0,0.0
ITA-Serie A,2223,Juventus,Filip Kostić,SRB,"MF,FW",29,1992,37,33,2564,28.5,3,8,11,3,0,0,3,0,0.11,0.28,0.39,0.11,0.39
ITA-Serie A,2223,Juventus,Gleison Bremer,BRA,DF,25,1997,30,30,2634,29.3,4,1,5,4,0,0,6,0,0.14,0.03,0.17,0.14,0.17
ITA-Serie A,2223,Juventus,Juan Cuadrado,COL,"MF,DF",34,1988,31,24,2078,23.1,1,3,4,1,0,0,6,1,0.04,0.13,0.17,0.04,0.17
ITA-Serie A,2223,Juventus,Leandro Paredes,ARG,MF,28,1994,25,8,977,10.9,1,0,1,1,0,0,7,1,0.09,0.0,0.09,0.09,0.09
ITA-Serie A,2223,Juventus,Leonardo Bonucci,ITA,DF,35,1987,16,9,879,9.8,1,0,1,1,0,1,2,0,0.1,0.0,0.1,0.1,0.1
ITA-Serie A,2223,Juventus,Manuel Locatelli,ITA,MF,24,1998,32,29,2446,27.2,0,2,2,0,0,0,8,0,0.0,0.07,0.07,0.0,0.07
ITA-Serie A,2223,Juventus,Mattia De Sciglio,ITA,"MF,DF",29,1992,17,11,1042,11.6,0,0,0,0,0,0,0,0,0.0,0.0,0.0,0.0,0.0
ITA-Serie A,2223,Juventus,Mattia Perin,ITA,GK,29,1992,11,10,948,10.5,0,0,0,0,0,0,0,0,0.0,0.0,0.0,0.0,0.0
ITA-Serie A,2223,Juventus,Matìas Soulé,ARG,"MF,FW",19,2003,13,4,420,4.7,1,0,1,1,0,0,0,0,0.21,0.0,0.21,0.21,0.21
ITA-Serie A,2223,Juventus,Moise Kean,ITA,FW,22,2000,28,11,995,11.1,6,0,6,6,0,0,5,1,0.54,0.0,0.54,0.54,0.54
ITA-Serie A,2223,Juventus,Nicolò Fagioli,ITA,MF,21,2001,26,17,1520,16.9,3,3,6,3,0,0,3,0,0.18,0.18,0.36,0.18,0.36
ITA-Serie A,2223,Juventus,Nicolò Rovella,ITA,MF,20,2001,3,0,27,0.3,0,0,0,0,0,0,1,0,0.0,0.0,0.0,0.0,0.0
ITA-Serie A,2223,Juventus,Paul Pogba,FRA,FW,29,1993,6,1,111,1.2,0,0,0,0,0,0,0,0,0.0,0.0,0.0,0.0,0.0
ITA-Serie A,2223,Juventus,Samuel Iling-Junior,ENG,MF,18,2003,12,1,318,3.5,1,1,2,1,0,0,1,0,0.28,0.28,0.57,0.28,0.57
ITA-Serie A,2223,Juventus,Tommaso Barbieri,ITA,MF,19,2002,3,2,109,1.2,0,0,0,0,0,0,0,0,0.0,0.0,0.0,0.0,0.0
ITA-Serie A,2223,Juventus,Weston McKennie,USA,MF,23,1998,15,13,1052,11.7,1,1,2,1,0,0,0,0,0.09,0.09,0.17,0.09,0.17
ITA-Serie A,2223,Juventus,Wojciech Szczęsny,POL,GK,32,1990,28,28,2472,27.5,0,0,0,0,0,0,0,0,0.0,0.0,0.0,0.0,0.0
ITA-Serie A,2223,Juventus,Ángel Di María,ARG,"FW,MF",34,1988,26,15,1363,15.1,4,4,8,3,1,1,1,1,0.26,0.26,0.53,0.2,0.46
ITA-Serie A,2223,Lazio,Adam Marušić,MNE,DF,29,1992,33,31,2760,30.7,0,2,2,0,0,0,8,1,0.0,0.07,0.07,0.0,0.07
ITA-Serie A,2223,Lazio,Alessio Romagnoli,ITA,DF,27,1995,34,33,2922,32.5,2,0,2,2,0,0,6,0,0.06,0.0,0.06,0.06,0.06
ITA-Serie A,2223,Lazio,Ciro Immobile,ITA,FW,32,1990,31,27,2219,24.7,12,5,17,8,4,5,3,0,0.49,0.2,0.69,0.32,0.53
ITA-Serie A,2223,Lazio,Danilo Cataldi,ITA,MF,27,1994,29,26,1921,21.3,0,1,1,0,0,0,5,0,0.0,0.05,0.05,0.0,0.05
ITA-Serie A,2223,Lazio,Elseid Hysaj,ALB,DF,28,1994,34,22,1998,22.2,1,1,2,1,0,0,3,0,0.05,0.05,0.09,0.05,0.09
ITA-Serie A,2223,Lazio,Felipe Anderson,BRA,FW,29,1993,38,35,2958,32.9,9,2,11,9,0,0,3,0,0.27,0.06,0.33,0.27,0.33
ITA-Serie A,2223,Lazio,Ivan Provedel,ITA,GK,28,1994,38,37,3413,37.9,0,0,0,0,0,0,1,0,0.0,0.0,0.0,0.0,0.0
ITA-Serie A,2223,Lazio,Luca Pellegrini,ITA,DF,23,1999,7,1,180,2.0,0,0,0,0,0,0,3,0,0.0,0.0,0.0,0.0,0.0
ITA-Serie A,2223,Lazio,Luis Alberto,ESP,MF,29,1992,35,27,2442,27.1,6,7,13,5,1,2,4,0,0.22,0.26,0.48,0.18,0.44
ITA-Serie A,2223,Lazio,Luka Romero,ARG,FW,17,2004,6,1,151,1.7,1,0,1,1,0,0,0,0,0.6,0.0,0.6,0.6,0.6
ITA-Serie A,2223,Lazio,Luís Maximiano,POR,GK,23,1999,1,1,5,0.1,0,0,0,0,0,0,0,1,0.0,0.0,0.0,0.0,0.0
ITA-Serie A,2223,Lazio,Manuel Lazzari,ITA,DF,28,1993,28,22,1879,20.9,0,0,0,0,0,0,8,0,0.0,0.0,0.0,0.0,0.0
ITA-Serie A,2223,Lazio,Marco Bertini,ITA,MF,19,2002,1,0,1,0.0,0,0,0,0,0,0,0,0,0.0,0.0,0.0,0.0,0.0
ITA-Serie A,2223,Lazio,Marcos Antônio,BRA,MF,22,2000,16,6,594,6.6,1,1,2,1,0,0,2,0,0.15,0.15,0.3,0.15,0.3
ITA-Serie A,2223,Lazio,Mario Gila,ESP,DF,21,2000,4,0,90,1.0,0,0,0,0,0,0,0,0,0.0,0.0,0.0,0.0,0.0
ITA-Serie A,2223,Lazio,Matteo Cancellieri,ITA,FW,20,2002,20,1,256,2.8,0,0,0,0,0,0,4,0,0.0,0.0,0.0,0.0,0.0
ITA-Serie A,2223,Lazio,Mattia Zaccagni,ITA,FW,27,1995,35,33,2770,30.8,10,6,16,9,1,1,9,0,0.32,0.19,0.52,0.29,0.49
ITA-Serie A,2223,Lazio,Matías Vecino,URU,MF,30,1991,32,17,1691,18.8,2,0,2,2,0,0,6,0,0.11,0.0,0.11,0.11,0.11
ITA-Serie A,2223,Lazio,Nicolò Casale,ITA,DF,24,1998,29,27,2437,27.1,1,1,2,1,0,0,6,0,0.04,0.04,0.07,0.04,0.07
ITA-Serie A,2223,Lazio,Patric,ESP,DF,29,1993,18,16,1413,15.7,0,0,0,0,0,0,1,0,0.0,0.0,0.0,0.0,0.0
ITA-Serie A,2223,Lazio,Pedro,ESP,FW,35,1987,36,17,1898,21.1,4,3,7,4,0,0,1,0,0.19,0.14,0.33,0.19,0.33
ITA-Serie A,2223,Lazio,Sergej Milinković-Savić,SRB,MF,27,1995,36,34,3022,33.6,9,8,17,9,0,0,10,0,0.27,0.24,0.51,0.27,0.51
ITA-Serie A,2223,Lazio,Toma Bašić,CRO,MF,25,1996,25,4,513,5.7,1,0,1,1,0,0,2,0,0.18,0.0,0.18,0.18,0.18
ITA-Serie A,2223,Lazio,Ștefan Radu,ROU,DF,35,1986,1,0,1,0.0,0,0,0,0,0,0,1,0,0.0,0.0,0.0,0.0,0.0
ITA-Serie A,2223,Lecce,Alessandro Tuia,ITA,DF,32,1990,7,6,509,5.7,0,0,0,0,0,0,1,0,0.0,0.0,0.0,0.0,0.0
ITA-Serie A,2223,Lecce,Alexis Blin,FRA,MF,25,1996,35,26,2376,26.4,1,0,1,1,0,0,8,0,0.04,0.0,0.04,0.04,0.04
ITA-Serie A,2223,Lecce,Antonino Gallo,ITA,DF,22,2000,32,28,2486,27.6,0,1,1,0,0,0,5,1,0.0,0.04,0.04,0.0,0.04
ITA-Serie A,2223,Lecce,Assan Ceesay,GAM,FW,28,1994,34,20,1812,20.1,6,0,6,5,1,1,2,0,0.3,0.0,0.3,0.25,0.25
ITA-Serie A,2223,Lecce,Federico Baschirotto,ITA,DF,25,1996,37,37,3330,37.0,3,0,3,3,0,0,6,0,0.08,0.0,0.08,0.08,0.08
ITA-Serie A,2223,Lecce,Federico Di Francesco,ITA,"FW,MF",28,1994,36,23,2031,22.6,2,2,4,2,0,0,5,0,0.09,0.09,0.18,0.09,0.18
ITA-Serie A,2223,Lecce,Gabriel Strefezza,BRA,"FW,MF",25,1997,35,30,2442,27.1,8,4,12,6,2,3,5,0,0.29,0.15,0.44,0.22,0.37
ITA-Serie A,2223,Lecce,Giuseppe Pezzella,ITA,DF,24,1997,16,10,918,10.2,0,1,1,0,0,0,2,0,0.0,0.1,0.1,0.0,0.1
ITA-Serie A,2223,Lecce,Joan Gonzàlez,ESP,MF,20,2002,35,26,2197,24.4,1,3,4,1,0,0,8,0,0.04,0.12,0.16,0.04,0.16
ITA-Serie A,2223,Lecce,Joel Voelkerling Persson,SWE,FW,19,2003,9,0,99,1.1,0,0,0,0,0,0,0,0,0.0,0.0,0.0,0.0,0.0
ITA-Serie A,2223,Lecce,Kastriot Dermaku,ALB,DF,30,1992,1,0,34,0.4,0,0,0,0,0,0,0,0,0.0,0.0,0.0,0.0,0.0
ITA-Serie A,2223,Lecce,Kristijan Bistrović,CRO,MF,24,1998,11,5,461,5.1,0,0,0,0,0,0,0,0,0.0,0.0,0.0,0.0,0.0
ITA-Serie A,2223,Lecce,Kristoffer Askildsen,NOR,MF,21,2001,21,7,728,8.1,0,0,0,0,0,0,3,0,0.0,0.0,0.0,0.0,0.0
ITA-Serie A,2223,Lecce,Lameck Banda,ZAM,"FW,MF",21,2001,36,19,1636,18.2,2,1,3,2,0,0,6,0,0.11,0.06,0.17,0.11,0.17
ITA-Serie A,2223,Lecce,Lorenzo Colombo,ITA,FW,20,2002,33,18,1515,16.8,5,2,7,4,1,2,4,0,0.3,0.12,0.42,0.24,0.36
ITA-Serie A,2223,Lecce,Marcin Listkowski,POL,"FW,MF",24,1998,5,0,77,0.9,0,0,0,0,0,0,0,0,0.0,0.0,0.0,0.0,0.0
ITA-Serie A,2223,Lecce,Marin Pongračić,CRO,DF,24,1997,9,9,790,8.8,0,0,0,0,0,0,2,0,0.0,0.0,0.0,0.0,0.0
ITA-Serie A,2223,Lecce,Morten Hjulmand,DEN,MF,23,1999,35,34,2962,32.9,0,4,4,0,0,0,9,1,0.0,0.12,0.12,0.0,0.12
ITA-Serie A,2223,Lecce,Pablo Rodríguez,ESP,"FW,MF",20,2001,4,0,54,0.6,0,0,0,0,0,0,0,0,0.0,0.0,0.0,0.0,0.0
ITA-Serie A,2223,Lecce,Pietro Ceccaroni,ITA,DF,26,1995,2,0,43,0.5,0,0,0,0,0,0,0,0,0.0,0.0,0.0,0.0,0.0
ITA-Serie A,2223,Lecce,Remi Oudin,FRA,"MF,FW",25,1996,31,12,1321,14.7,3,0,3,3,0,0,3,0,0.2,0.0,0.2,0.2,0.2
ITA-Serie A,2223,Lecce,Samuel Umtiti,FRA,DF,28,1993,25,24,2113,23.5,0,0,0,0,0,0,8,0,0.0,0.0,0.0,0.0,0.0
ITA-Serie A,2223,Lecce,Simone Romagnoli,ITA,DF,32,1990,7,1,167,1.9,0,0,0,0,0,0,0,0,0.0,0.0,0.0,0.0,0.0
ITA-Serie A,2223,Lecce,Tommaso Cassandro,ITA,"DF,MF",22,2000,1,0,13,0.1,0,0,0,0,0,0,0,0,0.0,0.0,0.0,0.0,0.0
ITA-Serie A,2223,Lecce,Valentin Gendrey,FRA,DF,22,2000,37,35,3101,34.5,0,2,2,0,0,0,4,0,0.0,0.06,0.06,0.0,0.06
ITA-Serie A,2223,Lecce,Wladimiro Falcone,ITA,GK,27,1995,38,38,3420,38.0,0,0,0,0,0,0,2,0,0.0,0.0,0.0,0.0,0.0
ITA-Serie A,2223,Lecce,Youssef Maleh,MAR,MF,23,1998,17,7,674,7.5,0,1,1,0,0,0,3,0,0.0,0.13,0.13,0.0,0.13
ITA-Serie A,2223,Lecce,Yıldırım Mert Çetin,TUR,DF,25,1997,1,1,20,0.2,0,0,0,0,0,0,0,0,0.0,0.0,0.0,0.0,0.0
ITA-Serie A,2223,Lecce,Þórir Jóhann Helgason,ISL,MF,21,2000,12,2,222,2.5,0,0,0,0,0,0,0,0,0.0,0.0,0.0,0.0,0.0
ITA-Serie A,2223,Milan,Alessandro Florenzi,ITA,DF,31,1991,6,2,203,2.3,0,0,0,0,0,0,1,0,0.0,0.0,0.0,0.0,0.0
ITA-Serie A,2223,Milan,Alexis Saelemaekers,BEL,MF,23,1999,30,14,1403,15.6,2,3,5,2,0,0,1,0,0.13,0.19,0.32,0.13,0.32
ITA-Serie A,2223,Milan,Ante Rebić,CRO,"MF,FW",28,1993,23,10,980,10.9,3,2,5,3,0,0,4,0,0.28,0.18,0.46,0.28,0.46
ITA-Serie A,2223,Milan,Antonio Mirante,ITA,GK,39,1983,1,0,2,0.0,0,0,0,0,0,0,0,0,0.0,0.0,0.0,0.0,0.0
ITA-Serie A,2223,Milan,Aster Vranckx,BEL,MF,19,2002,9,2,240,2.7,0,0,0,0,0,0,1,0,0.0,0.0,0.0,0.0,0.0
ITA-Serie A,2223,Milan,Brahim Díaz,MAR,MF,22,1999,33,27,1925,21.4,6,7,13,6,0,0,3,0,0.28,0.33,0.61,0.28,0.61
ITA-Serie A,2223,Milan,Charles De Ketelaere,BEL,MF,21,2001,32,9,1116,12.4,0,1,1,0,0,0,2,0,0.0,0.08,0.08,0.0,0.08
ITA-Serie A,2223,Milan,Ciprian Tătărușanu,ROU,GK,36,1986,16,16,1440,16.0,0,1,1,0,0,0,0,0,0.0,0.06,0.06,0.0,0.06
ITA-Serie A,2223,Milan,Davide Calabria,ITA,DF,25,1996,25,21,1690,18.8,1,4,5,1,0,0,6,0,0.05,0.21,0.27,0.05,0.27
ITA-Serie A,2223,Milan,Divock Origi,BEL,"FW,MF",27,1995,27,10,1027,11.4,2,1,3,2,0,0,1,0,0.18,0.09,0.26,0.18,0.26
ITA-Serie A,2223,Milan,Fikayo Tomori,ENG,DF,24,1997,33,32,2760,30.7,1,1,2,1,0,0,5,0,0.03,0.03,0.07,0.03,0.07
ITA-Serie A,2223,Milan,Fodé Ballo-Touré,SEN,"DF,MF",25,1997,10,5,523,5.8,1,0,1,1,0,0,0,0,0.17,0.0,0.17,0.17,0.17
ITA-Serie A,2223,Milan,Ismaël Bennacer,ALG,MF,24,1997,28,24,2007,22.3,2,2,4,2,0,0,5,0,0.09,0.09,0.18,0.09,0.18
ITA-Serie A,2223,Milan,Junior Messias,BRA,MF,31,1991,25,19,1498,16.6,5,2,7,5,0,0,3,0,0.3,0.12,0.42,0.3,0.42
ITA-Serie A,2223,Milan,Malick Thiaw,GER,DF,20,2001,20,15,1362,15.1,0,0,0,0,0,0,5,0,0.0,0.0,0.0,0.0,0.0
ITA-Serie A,2223,Milan,Marko Lazetić,SRB,FW,18,2004,1,0,9,0.1,0,0,0,0,0,0,1,0,0.0,0.0,0.0,0.0,0.0
ITA-Serie A,2223,Milan,Matteo Gabbia,ITA,DF,22,1999,12,6,613,6.8,0,0,0,0,0,0,2,0,0.0,0.0,0.0,0.0,0.0
ITA-Serie A,2223,Milan,Mike Maignan,FRA,GK,27,1995,22,22,1978,22.0,0,1,1,0,0,0,0,0,0.0,0.05,0.05,0.0,0.05
ITA-Serie A,2223,Milan,Olivier Giroud,FRA,FW,35,1986,33,25,2139,23.8,13,5,18,10,3,3,8,1,0.55,0.21,0.76,0.42,0.63
ITA-Serie A,2223,Milan,Pierre Kalulu,FRA,DF,22,2000,34,26,2548,28.3,1,0,1,1,0,0,4,0,0.04,0.0,0.04,0.04,0.04
ITA-Serie A,2223,Milan,Rade Krunić,BIH,MF,28,1993,23,18,1657,18.4,0,1,1,0,0,0,8,0,0.0,0.05,0.05,0.0,0.05
ITA-Serie A,2223,Milan,Rafael Leão,POR,MF,23,1999,35,28,2421,26.9,15,8,23,15,0,0,7,1,0.56,0.3,0.86,0.56,0.86
ITA-Serie A,2223,Milan,Sandro Tonali,ITA,MF,22,2000,34,30,2713,30.1,2,7,9,2,0,0,7,0,0.07,0.23,0.3,0.07,0.3
ITA-Serie A,2223,Milan,Sergiño Dest,USA,DF,21,2000,8,2,329,3.7,0,0,0,0,0,0,0,0,0.0,0.0,0.0,0.0,0.0
ITA-Serie A,2223,Milan,Simon Kjær,DEN,DF,33,1989,17,12,1007,11.2,0,0,0,0,0,0,4,0,0.0,0.0,0.0,0.0,0.0
ITA-Serie A,2223,Milan,Theo Hernández,FRA,"DF,MF",24,1997,32,32,2771,30.8,4,3,7,3,1,1,7,0,0.13,0.1,0.23,0.1,0.19
ITA-Serie A,2223,Milan,Tiemoué Bakayoko,FRA,MF,27,1994,3,0,41,0.5,0,0,0,0,0,0,0,0,0.0,0.0,0.0,0.0,0.0
ITA-Serie A,2223,Milan,Tommaso Pobega,ITA,MF,23,1999,19,9,883,9.8,2,0,2,2,0,0,4,0,0.2,0.0,0.2,0.2,0.2
ITA-Serie A,2223,Milan,Yacine Adli,FRA,MF,22,2000,6,1,144,1.6,0,0,0,0,0,0,1,0,0.0,0.0,0.0,0.0,0.0
ITA-Serie A,2223,Milan,Zlatan Ibrahimović,SWE,FW,40,1981,4,1,146,1.6,1,0,1,0,1,1,0,0,0.62,0.0,0.62,0.0,0.0
ITA-Serie A,2223,Monza,Alessio Cragno,ITA,GK,28,1994,1,1,90,1.0,0,0,0,0,0,0,0,0,0.0,0.0,0.0,0.0,0.0
ITA-Serie A,2223,Monza,Andrea Barberis,ITA,MF,28,1993,9,3,338,3.8,0,1,1,0,0,0,0,0,0.0,0.27,0.27,0.0,0.27
ITA-Serie A,2223,Monza,Andrea Carboni,ITA,DF,21,2001,4,1,167,1.9,0,0,0,0,0,0,0,0,0.0,0.0,0.0,0.0,0.0
ITA-Serie A,2223,Monza,Andrea Colpani,ITA,MF,23,1999,27,10,948,10.5,4,1,5,4,0,0,1,0,0.38,0.09,0.47,0.38,0.47
ITA-Serie A,2223,Monza,Andrea Petagna,ITA,FW,27,1995,31,19,1663,18.5,4,5,9,3,1,1,2,0,0.22,0.27,0.49,0.16,0.43
ITA-Serie A,2223,Monza,Andrea Ranocchia,ITA,DF,34,1988,1,1,47,0.5,0,0,0,0,0,0,0,0,0.0,0.0,0.0,0.0,0.0
ITA-Serie A,2223,Monza,Armando Izzo,ITA,DF,30,1992,30,29,2466,27.4,1,0,1,1,0,0,10,0,0.04,0.0,0.04,0.04,0.04
ITA-Serie A,2223,Monza,Carlos Augusto,BRA,MF,23,1999,35,35,3083,34.3,6,5,11,6,0,0,4,0,0.18,0.15,0.32,0.18,0.32
ITA-Serie A,2223,Monza,Christian Gytkjær,DEN,FW,32,1990,22,3,559,6.2,1,0,1,1,0,1,0,0,0.16,0.0,0.16,0.16,0.16
ITA-Serie A,2223,Monza,Dany Mota,POR,"FW,MF",24,1998,29,21,1912,21.2,5,1,6,5,0,0,2,0,0.24,0.05,0.28,0.24,0.28
ITA-Serie A,2223,Monza,Filippo Ranocchia,ITA,"MF,FW",21,2001,14,5,530,5.9,1,0,1,1,0,0,1,0,0.17,0.0,0.17,0.17,0.17
ITA-Serie A,2223,Monza,Franco Carboni,ITA,MF,19,2003,3,0,66,0.7,0,0,0,0,0,0,0,0,0.0,0.0,0.0,0.0,0.0
ITA-Serie A,2223,Monza,Gianluca Caprari,ITA,"MF,FW",29,1993,37,32,2441,27.1,5,2,7,4,1,1,7,0,0.18,0.07,0.26,0.15,0.22
ITA-Serie A,2223,Monza,Giulio Donati,ITA,"DF,MF",32,1990,8,4,422,4.7,1,0,1,1,0,0,4,2,0.21,0.0,0.21,0.21,0.21
ITA-Serie A,2223,Monza,Luca Caldirola,ITA,DF,31,1991,31,27,2353,26.1,2,0,2,2,0,0,6,0,0.08,0.0,0.08,0.08,0.08
ITA-Serie A,2223,Monza,Luca Marrone,ITA,DF,32,1990,2,2,135,1.5,0,0,0,0,0,0,0,0,0.0,0.0,0.0,0.0,0.0
ITA-Serie A,2223,Monza,Marco D'Alessandro,ITA,MF,31,1991,8,3,290,3.2,0,0,0,0,0,0,2,0,0.0,0.0,0.0,0.0,0.0
ITA-Serie A,2223,Monza,Marlon,BRA,DF,26,1995,28,18,1592,17.7,0,0,0,0,0,0,7,1,0.0,0.0,0.0,0.0,0.0
ITA-Serie A,2223,Monza,Matteo Pessina,ITA,MF,25,1997,35,34,2932,32.6,5,3,8,2,3,3,6,0,0.15,0.09,0.25,0.06,0.15
ITA-Serie A,2223,Monza,Mattia Valoti,ITA,"MF,FW",28,1993,16,4,453,5.0,0,0,0,0,0,0,1,0,0.0,0.0,0.0,0.0,0.0
ITA-Serie A,2223,Monza,Michele Di Gregorio,ITA,GK,25,1997,37,37,3330,37.0,0,1,1,0,0,0,0,0,0.0,0.03,0.03,0.0,0.03
ITA-Serie A,2223,Monza,Nicolò Rovella,ITA,MF,20,2001,25,21,1740,19.3,1,2,3,1,0,0,5,1,0.05,0.1,0.16,0.05,0.16
ITA-Serie A,2223,Monza,Pablo Marí,ESP,DF,28,1993,30,28,2487,27.6,1,0,1,1,0,0,4,0,0.04,0.0,0.04,0.04,0.04
ITA-Serie A,2223,Monza,Patrick Ciurria,ITA,MF,27,1995,36,31,2753,30.6,6,5,11,6,0,0,4,0,0.2,0.16,0.36,0.2,0.36
ITA-Serie A,2223,Monza,Pepín,EQG,MF,25,1996,25,11,1123,12.5,0,2,2,0,0,0,4,0,0.0,0.16,0.16,0.0,0.16
ITA-Serie A,2223,Monza,Salvatore Molina,ITA,MF,30,1992,5,1,229,2.5,0,0,0,0,0,0,1,0,0.0,0.0,0.0,0.0,0.0
ITA-Serie A,2223,Monza,Samuele Birindelli,ITA,MF,23,1999,31,14,1400,15.6,0,1,1,0,0,0,8,0,0.0,0.06,0.06,0.0,0.06
ITA-Serie A,2223,Monza,Samuele Vignato,ITA,MF,18,2004,5,0,62,0.7,0,1,1,0,0,0,0,0,0.0,1.45,1.45,0.0,1.45
ITA-Serie A,2223,Monza,Stefano Sensi,ITA,MF,26,1995,28,21,1618,18.0,3,1,4,3,0,0,8,0,0.17,0.06,0.22,0.17,0.22
ITA-Serie A,2223,Monza,Valentin Antov,BUL,DF,21,2000,9,2,306,3.4,0,0,0,0,0,0,2,0,0.0,0.0,0.0,0.0,0.0
ITA-Serie A,2223,Monza,Warren Bondo,FRA,MF,18,2003,4,0,60,0.7,0,0,0,0,0,0,1,0,0.0,0.0,0.0,0.0,0.0
ITA-Serie A,2223,Napoli,Adam Ounas,ALG,"FW,MF",25,1996,2,0,15,0.2,0,0,0,0,0,0,0,0,0.0,0.0,0.0,0.0,0.0
ITA-Serie A,2223,Napoli,Alessandro Zanoli,ITA,MF,21,2000,1,0,12,0.1,0,0,0,0,0,0,0,0,0.0,0.0,0.0,0.0,0.0
ITA-Serie A,2223,Napoli,Alessio Zerbin,ITA,"MF,FW",23,1999,10,2,198,2.2,0,0,0,0,0,0,1,0,0.0,0.0,0.0,0.0,0.0
ITA-Serie A,2223,Napoli,Alex Meret,ITA,GK,25,1997,34,34,3060,34.0,0,0,0,0,0,0,0,0,0.0,0.0,0.0,0.0,0.0
ITA-Serie A,2223,Napoli,Amir Rrahmani,KVX,DF,28,1994,29,27,2448,27.2,2,1,3,2,0,0,2,0,0.07,0.04,0.11,0.07,0.11
ITA-Serie A,2223,Napoli,Bartosz Bereszyński,POL,DF,30,1992,3,2,166,1.8,0,1,1,0,0,0,1,0,0.0,0.54,0.54,0.0,0.54
ITA-Serie A,2223,Napoli,Diego Demme,GER,MF,30,1991,7,2,146,1.6,0,0,0,0,0,0,0,0,0.0,0.0,0.0,0.0,0.0
ITA-Serie A,2223,Napoli,Elif Elmas,MKD,"MF,FW",22,1999,36,14,1627,18.1,6,3,9,5,1,1,5,0,0.33,0.17,0.5,0.28,0.44
ITA-Serie A,2223,Napoli,Frank Anguissa,CMR,MF,26,1995,36,36,3050,33.9,3,5,8,3,0,0,3,0,0.09,0.15,0.24,0.09,0.24
ITA-Serie A,2223,Napoli,Giacomo Raspadori,ITA,"FW,MF",22,2000,25,10,911,10.1,2,2,4,2,0,0,1,0,0.2,0.2,0.4,0.2,0.4
ITA-Serie A,2223,Napoli,Gianluca Gaetano,ITA,MF,22,2000,8,0,76,0.8,1,1,2,1,0,0,0,0,1.18,1.18,2.37,1.18,2.37
ITA-Serie A,2223,Napoli,Giovanni Di Lorenzo,ITA,DF,28,1993,37,36,3257,36.2,3,4,7,3,0,0,2,0,0.08,0.11,0.19,0.08,0.19
ITA-Serie A,2223,Napoli,Giovanni Simeone,ARG,FW,27,1995,25,1,406,4.5,4,1,5,4,0,0,1,0,0.89,0.22,1.11,0.89,1.11
ITA-Serie A,2223,Napoli,Hirving Lozano,MEX,"FW,MF",27,1995,32,20,1605,17.8,3,3,6,2,1,1,3,0,0.17,0.17,0.34,0.11,0.28
ITA-Serie A,2223,Napoli,Juan Jesus,BRA,DF,31,1991,15,10,933,10.4,1,0,1,1,0,0,2,0,0.1,0.0,0.1,0.1,0.1
ITA-Serie A,2223,Napoli,Karim Zedadka,FRA,MF,22,2000,3,0,20,0.2,0,0,0,0,0,0,0,0,0.0,0.0,0.0,0.0,0.0
ITA-Serie A,2223,Napoli,Khvicha Kvaratskhelia,GEO,FW,21,2001,34,30,2518,28.0,12,10,22,10,2,2,1,0,0.43,0.36,0.79,0.36,0.71
ITA-Serie A,2223,Napoli,Kim Min-jae,KOR,DF,25,1996,35,35,3050,33.9,2,2,4,2,0,0,5,0,0.06,0.06,0.12,0.06,0.12
ITA-Serie A,2223,Napoli,Leo Østigård,NOR,DF,22,1999,7,4,419,4.7,0,0,0,0,0,0,1,0,0.0,0.0,0.0,0.0,0.0
ITA-Serie A,2223,Napoli,Mathías Olivera,URU,DF,24,1997,30,17,1643,18.3,2,2,4,2,0,0,2,0,0.11,0.11,0.22,0.11,0.22
ITA-Serie A,2223,Napoli,Matteo Politano,ITA,FW,28,1993,27,14,1166,13.0,3,3,6,1,2,3,1,0,0.23,0.23,0.46,0.08,0.31
ITA-Serie A,2223,Napoli,Mário Rui,POR,DF,31,1991,22,21,1749,19.4,0,6,6,0,0,0,2,1,0.0,0.31,0.31,0.0,0.31
ITA-Serie A,2223,Napoli,Pierluigi Gollini,ITA,GK,27,1995,4,4,360,4.0,0,0,0,0,0,0,0,0,0.0,0.0,0.0,0.0,0.0
ITA-Serie A,2223,Napoli,Piotr Zieliński,POL,MF,28,1994,37,27,2287,25.4,3,8,11,3,0,0,3,0,0.12,0.31,0.43,0.12,0.43
ITA-Serie A,2223,Napoli,Stanislav Lobotka,SVK,MF,27,1994,38,34,3101,34.5,1,1,2,1,0,0,2,0,0.03,0.03,0.06,0.03,0.06
ITA-Serie A,2223,Napoli,Tanguy Ndombele,FRA,MF,25,1996,30,8,807,9.0,1,0,1,1,0,0,5,0,0.11,0.0,0.11,0.11,0.11
ITA-Serie A,2223,Napoli,Victor Osimhen,NGA,FW,23,1998,32,30,2566,28.5,26,4,30,24,2,3,4,0,0.91,0.14,1.05,0.84,0.98
ITA-Serie A,2223,Roma,Andrea Belotti,ITA,FW,28,1993,31,11,1146,12.7,0,2,2,0,0,1,0,0,0.0,0.16,0.16,0.0,0.16
ITA-Serie A,2223,Roma,Benjamin Tahirovic,BIH,MF,19,2003,11,4,355,3.9,0,0,0,0,0,0,1,0,0.0,0.0,0.0,0.0,0.0
ITA-Serie A,2223,Roma,Bryan Cristante,ITA,MF,27,1995,36,34,2938,32.6,1,1,2,1,0,1,8,1,0.03,0.03,0.06,0.03,0.06
ITA-Serie A,2223,Roma,Chris Smalling,ENG,DF,32,1989,32,31,2808,31.2,3,1,4,3,0,0,7,0,0.1,0.03,0.13,0.1,0.13
ITA-Serie A,2223,Roma,Cristian Volpato,AUS,MF,18,2003,7,2,227,2.5,1,1,2,1,0,0,0,0,0.4,0.4,0.79,0.4,0.79
ITA-Serie A,2223,Roma,Diego Llorente,ESP,DF,28,1993,9,5,573,6.4,0,0,0,0,0,0,0,0,0.0,0.0,0.0,0.0,0.0
ITA-Serie A,2223,Roma,Edoardo Bove,ITA,"MF,DF",20,2002,22,10,992,11.0,1,0,1,1,0,0,2,0,0.09,0.0,0.09,0.09,0.09
ITA-Serie A,2223,Roma,Eldor Shomurodov,UZB,FW,27,1995,6,1,119,1.3,0,0,0,0,0,0,0,0,0.0,0.0,0.0,0.0,0.0
ITA-Serie A,2223,Roma,Filippo Missori,ITA,"MF,DF",18,2004,3,2,181,2.0,0,0,0,0,0,0,1,0,0.0,0.0,0.0,0.0,0.0
ITA-Serie A,2223,Roma,Georginio Wijnaldum,NED,MF,31,1990,14,10,769,8.5,2,0,2,2,0,0,0,0,0.23,0.0,0.23,0.23,0.23
ITA-Serie A,2223,Roma,Gianluca Mancini,ITA,DF,26,1996,35,33,2858,31.8,1,2,3,1,0,0,7,0,0.03,0.06,0.09,0.03,0.09
ITA-Serie A,2223,Roma,Jordan Majchrzak,POL,FW,17,2004,1,0,14,0.2,0,0,0,0,0,0,0,0,0.0,0.0,0.0,0.0,0.0
ITA-Serie A,2223,Roma,Leonardo Spinazzola,ITA,MF,29,1993,26,18,1654,18.4,1,4,5,1,0,0,3,0,0.05,0.22,0.27,0.05,0.27
ITA-Serie A,2223,Roma,Lorenzo Pellegrini,ITA,MF,26,1996,32,29,2545,28.3,4,5,9,2,2,3,5,0,0.14,0.18,0.32,0.07,0.25
ITA-Serie A,2223,Roma,Marash Kumbulla,ALB,DF,22,2000,7,5,259,2.9,0,0,0,0,0,0,1,1,0.0,0.0,0.0,0.0,0.0
ITA-Serie A,2223,Roma,Matías Viña,URU,MF,24,1997,3,1,55,0.6,0,0,0,0,0,0,0,0,0.0,0.0,0.0,0.0,0.0
ITA-Serie A,2223,Roma,Mile Svilar,SRB,GK,22,1999,3,3,270,3.0,0,0,0,0,0,0,1,0,0.0,0.0,0.0,0.0,0.0
ITA-Serie A,2223,Roma,Mohamed Camara,GUI,MF,25,1997,15,8,696,7.7,0,0,0,0,0,0,3,0,0.0,0.0,0.0,0.0,0.0
ITA-Serie A,2223,Roma,Nemanja Matić,SRB,MF,33,1988,35,16,1852,20.6,2,2,4,2,0,0,5,0,0.1,0.1,0.19,0.1,0.19
ITA-Serie A,2223,Roma,Niccolò Pisilli,ITA,MF,17,2004,1,0,1,0.0,0,0,0,0,0,0,0,0,0.0,0.0,0.0,0.0,0.0
ITA-Serie A,2223,Roma,Nicola Zalewski,POL,"MF,DF",20,2002,33,26,2197,24.4,2,1,3,2,0,0,3,0,0.08,0.04,0.12,0.08,0.12
ITA-Serie A,2223,Roma,Nicolò Zaniolo,ITA,"MF,FW",23,1999,13,12,890,9.9,1,0,1,1,0,0,4,0,0.1,0.0,0.1,0.1,0.1
ITA-Serie A,2223,Roma,Ola Solbakken,NOR,"MF,FW",23,1998,14,7,502,5.6,1,2,3,1,0,0,2,0,0.18,0.36,0.54,0.18,0.54
ITA-Serie A,2223,Roma,Paulo Dybala,ARG,"MF,FW",28,1993,25,21,1739,19.3,12,6,18,7,5,5,5,0,0.62,0.31,0.93,0.36,0.67
ITA-Serie A,2223,Roma,Rick Karsdorp,NED,MF,27,1995,13,8,711,7.9,0,0,0,0,0,0,0,0,0.0,0.0,0.0,0.0,0.0
ITA-Serie A,2223,Roma,Roger Ibanez,BRA,DF,23,1998,33,32,2796,31.1,3,0,3,3,0,0,11,1,0.1,0.0,0.1,0.1,0.1
ITA-Serie A,2223,Roma,Rui Patrício,POR,GK,34,1988,35,35,3150,35.0,0,0,0,0,0,0,1,0,0.0,0.0,0.0,0.0,0.0
ITA-Serie A,2223,Roma,Stephan El Shaarawy,ITA,MF,29,1992,29,14,1523,16.9,7,2,9,7,0,0,3,0,0.41,0.12,0.53,0.41,0.53
ITA-Serie A,2223,Roma,Tammy Abraham,ENG,FW,24,1997,38,24,2189,24.3,8,3,11,8,0,0,2,0,0.33,0.12,0.45,0.33,0.45
ITA-Serie A,2223,Roma,Zeki Çelik,TUR,"MF,DF",25,1997,24,16,1504,16.7,0,1,1,0,0,0,7,1,0.0,0.06,0.06,0.0,0.06
ITA-Serie A,2223,Salernitana,Antonio Candreva,ITA,MF,35,1987,35,32,2726,30.3,7,4,11,7,0,0,3,1,0.23,0.13,0.36,0.23,0.36
ITA-Serie A,2223,Salernitana,Antonio Iervolino,ITA,MF,19,2003,1,0,5,0.1,0,0,0,0,0,0,0,0,0.0,0.0,0.0,0.0,0.0
ITA-Serie A,2223,Salernitana,Boulaye Dia,SEN,"FW,MF",25,1996,33,27,2518,28.0,16,6,22,15,1,1,4,0,0.57,0.21,0.79,0.54,0.75
ITA-Serie A,2223,Salernitana,Diego Valencia,CHI,"FW,MF",22,2000,12,0,231,2.6,0,0,0,0,0,0,1,0,0.0,0.0,0.0,0.0,0.0
ITA-Serie A,2223,Salernitana,Domagoj Bradarić,CRO,"MF,DF",22,1999,31,24,2250,25.0,0,3,3,0,0,0,5,0,0.0,0.12,0.12,0.0,0.12
ITA-Serie A,2223,Salernitana,Domen Črnigoj,SVN,MF,26,1995,7,4,296,3.3,0,0,0,0,0,0,1,0,0.0,0.0,0.0,0.0,0.0
ITA-Serie A,2223,Salernitana,Dylan Bronn,TUN,DF,27,1995,24,19,1683,18.7,0,0,0,0,0,0,5,1,0.0,0.0,0.0,0.0,0.0
ITA-Serie A,2223,Salernitana,Emil Bohinen,NOR,MF,23,1999,24,9,832,9.2,0,0,0,0,0,0,0,0,0.0,0.0,0.0,0.0,0.0
ITA-Serie A,2223,Salernitana,Erik Botheim,NOR,"MF,FW",22,2000,28,9,866,9.6,1,3,4,1,0,0,2,0,0.1,0.31,0.42,0.1,0.42
ITA-Serie A,2223,Salernitana,Federico Bonazzoli,ITA,FW,25,1997,24,12,1119,12.4,2,1,3,2,0,0,1,0,0.16,0.08,0.24,0.16,0.24
ITA-Serie A,2223,Salernitana,Federico Fazio,ARG,DF,35,1987,14,12,1074,11.9,1,0,1,1,0,0,2,1,0.08,0.0,0.08,0.08,0.08
ITA-Serie A,2223,Salernitana,Flavius Daniliuc,AUT,DF,21,2001,27,23,2195,24.4,0,2,2,0,0,0,9,0,0.0,0.08,0.08,0.0,0.08
ITA-Serie A,2223,Salernitana,Franck Ribéry,FRA,"FW,MF",39,1983,1,0,37,0.4,0,0,0,0,0,0,0,0,0.0,0.0,0.0,0.0,0.0
ITA-Serie A,2223,Salernitana,Giulio Maggiore,ITA,MF,24,1998,16,11,894,9.9,0,0,0,0,0,0,2,0,0.0,0.0,0.0,0.0,0.0
ITA-Serie A,2223,Salernitana,Grigoris Kastanos,CYP,MF,24,1998,28,13,1286,14.3,2,1,3,2,0,0,4,0,0.14,0.07,0.21,0.14,0.21
ITA-Serie A,2223,Salernitana,Guillermo Ochoa,MEX,GK,37,1985,20,20,1800,20.0,0,0,0,0,0,0,1,0,0.0,0.0,0.0,0.0,0.0
ITA-Serie A,2223,Salernitana,Hans Nicolussi Caviglia,ITA,MF,22,2000,12,6,586,6.5,1,0,1,1,0,0,2,0,0.15,0.0,0.15,0.15,0.15
ITA-Serie A,2223,Salernitana,Ivan Radovanović,SRB,"MF,DF",33,1988,10,7,671,7.5,0,0,0,0,0,0,1,1,0.0,0.0,0.0,0.0,0.0
ITA-Serie A,2223,Salernitana,Julian Kristoffersen,NOR,FW,25,1997,1,0,18,0.2,0,0,0,0,0,0,0,0,0.0,0.0,0.0,0.0,0.0
ITA-Serie A,2223,Salernitana,Junior Sambia,CTA,"MF,DF",25,1996,22,7,697,7.7,0,1,1,0,0,0,3,0,0.0,0.13,0.13,0.0,0.13
ITA-Serie A,2223,Salernitana,Krzysztof Piątek,POL,FW,27,1995,33,23,2140,23.8,4,5,9,3,1,1,5,0,0.17,0.21,0.38,0.13,0.34
ITA-Serie A,2223,Salernitana,Lassana Coulibaly,MLI,MF,26,1996,35,34,2892,32.1,3,3,6,3,0,0,12,0,0.09,0.09,0.19,0.09,0.19
ITA-Serie A,2223,Salernitana,Lorenzo Pirola,ITA,DF,20,2002,26,23,1941,21.6,2,0,2,2,0,0,4,0,0.09,0.0,0.09,0.09,0.09
ITA-Serie A,2223,Salernitana,Luigi Sepe,ITA,GK,31,1991,17,17,1530,17.0,0,0,0,0,0,0,3,0,0.0,0.0,0.0,0.0,0.0
ITA-Serie A,2223,Salernitana,Matteo Lovato,ITA,DF,22,2000,17,8,814,9.0,0,0,0,0,0,0,2,0,0.0,0.0,0.0,0.0,0.0
ITA-Serie A,2223,Salernitana,Norbert Gyömbér,SVK,DF,30,1992,27,23,1740,19.3,0,1,1,0,0,0,5,0,0.0,0.05,0.05,0.0,0.05
ITA-Serie A,2223,Salernitana,Pasquale Mazzocchi,ITA,MF,27,1995,27,23,1958,21.8,2,3,5,2,0,0,2,0,0.09,0.14,0.23,0.09,0.23
ITA-Serie A,2223,Salernitana,Tonny Vilhena,NED,MF,27,1995,33,27,2265,25.2,4,1,5,4,0,0,5,0,0.16,0.04,0.2,0.16,0.2
ITA-Serie A,2223,Salernitana,Vincenzo Fiorillo,ITA,GK,32,1990,1,1,90,1.0,0,0,0,0,0,0,0,0,0.0,0.0,0.0,0.0,0.0
ITA-Serie A,2223,Salernitana,William Troost-Ekong,NGA,DF,28,1993,9,4,444,4.9,1,0,1,1,0,0,1,0,0.2,0.0,0.2,0.2,0.2
ITA-Serie A,2223,Sampdoria,Abdelhamid Sabiri,MAR,MF,25,1996,18,12,1069,11.9,2,0,2,1,1,2,5,0,0.17,0.0,0.17,0.08,0.08
ITA-Serie A,2223,Sampdoria,Alessandro Zanoli,ITA,"MF,DF",21,2000,22,16,1540,17.1,2,3,5,2,0,0,3,0,0.12,0.18,0.29,0.12,0.29
ITA-Serie A,2223,Sampdoria,Alex Ferrari,ITA,DF,28,1994,12,10,868,9.6,0,0,0,0,0,0,3,0,0.0,0.0,0.0,0.0,0.0
ITA-Serie A,2223,Sampdoria,Andrea Conti,ITA,"DF,MF",28,1994,1,0,23,0.3,0,0,0,0,0,0,0,0,0.0,0.0,0.0,0.0,0.0
ITA-Serie A,2223,Sampdoria,Bartosz Bereszyński,POL,"DF,MF",30,1992,15,15,1198,13.3,0,0,0,0,0,0,1,0,0.0,0.0,0.0,0.0,0.0
ITA-Serie A,2223,Sampdoria,Bram Nuytinck,NED,DF,32,1990,19,19,1498,16.6,0,1,1,0,0,0,4,0,0.0,0.06,0.06,0.0,0.06
ITA-Serie A,2223,Sampdoria,Bruno Amione,ARG,DF,20,2002,26,25,2086,23.2,1,1,2,1,0,0,10,1,0.04,0.04,0.09,0.04,0.09
ITA-Serie A,2223,Sampdoria,Daniele Montevago,ITA,FW,19,2003,6,3,231,2.6,0,0,0,0,0,0,1,0,0.0,0.0,0.0,0.0,0.0
ITA-Serie A,2223,Sampdoria,Emil Audero,IDN,GK,25,1997,25,25,2250,25.0,0,0,0,0,0,0,1,0,0.0,0.0,0.0,0.0,0.0
ITA-Serie A,2223,Sampdoria,Emirhan İlkhan,TUR,MF,18,2004,8,0,113,1.3,0,0,0,0,0,0,0,0,0.0,0.0,0.0,0.0,0.0
ITA-Serie A,2223,Sampdoria,Fabio Depaoli,ITA,DF,25,1997,3,1,136,1.5,0,0,0,0,0,0,1,0,0.0,0.0,0.0,0.0,0.0
ITA-Serie A,2223,Sampdoria,Fabio Quagliarella,ITA,FW,39,1983,23,7,800,8.9,1,1,2,1,0,0,2,0,0.11,0.11,0.23,0.11,0.23
ITA-Serie A,2223,Sampdoria,Filip Đuričić,SRB,MF,30,1992,32,27,2171,24.1,3,0,3,3,0,0,9,0,0.12,0.0,0.12,0.12,0.12
ITA-Serie A,2223,Sampdoria,Flavio Paoletti,ITA,MF,19,2003,12,1,284,3.2,0,0,0,0,0,0,1,0,0.0,0.0,0.0,0.0,0.0
ITA-Serie A,2223,Sampdoria,Francesco Caputo,ITA,FW,34,1987,15,13,1094,12.2,1,0,1,1,0,0,0,0,0.08,0.0,0.08,0.08,0.08
ITA-Serie A,2223,Sampdoria,Gerard Yepes,ESP,MF,19,2002,5,2,198,2.2,0,0,0,0,0,0,2,0,0.0,0.0,0.0,0.0,0.0
ITA-Serie A,2223,Sampdoria,Gonzalo Villar,ESP,MF,24,1998,15,8,696,7.7,0,0,0,0,0,0,2,0,0.0,0.0,0.0,0.0,0.0
ITA-Serie A,2223,Sampdoria,Harry Winks,ENG,MF,26,1996,20,19,1716,19.1,0,0,0,0,0,0,2,0,0.0,0.0,0.0,0.0,0.0
ITA-Serie A,2223,Sampdoria,Ignacio Pussetto,ARG,MF,26,1995,5,1,152,1.7,0,0,0,0,0,0,1,0,0.0,0.0,0.0,0.0,0.0
ITA-Serie A,2223,Sampdoria,Jeison Murillo,COL,DF,30,1992,20,12,1057,11.7,0,0,0,0,0,0,6,1,0.0,0.0,0.0,0.0,0.0
ITA-Serie A,2223,Sampdoria,Jesé,ESP,FW,29,1993,11,1,210,2.3,1,1,2,1,0,0,0,0,0.43,0.43,0.86,0.43,0.86
ITA-Serie A,2223,Sampdoria,Koray Günter,GER,DF,27,1994,10,8,776,8.6,0,0,0,0,0,0,2,0,0.0,0.0,0.0,0.0,0.0
ITA-Serie A,2223,Sampdoria,Lorenzo Malagrida,ITA,MF,18,2003,6,0,109,1.2,0,0,0,0,0,0,2,0,0.0,0.0,0.0,0.0,0.0
ITA-Serie A,2223,Sampdoria,Manolo Gabbiadini,ITA,"FW,MF",30,1991,35,27,2354,26.2,7,2,9,7,0,0,6,0,0.27,0.08,0.34,0.27,0.34
ITA-Serie A,2223,Sampdoria,Manuel De Luca,ITA,FW,24,1998,2,0,44,0.5,0,0,0,0,0,0,0,0,0.0,0.0,0.0,0.0,0.0
ITA-Serie A,2223,Sampdoria,Marios Oikonomou,GRE,DF,29,1992,6,3,220,2.4,0,0,0,0,0,0,3,0,0.0,0.0,0.0,0.0,0.0
ITA-Serie A,2223,Sampdoria,Martin Turk,SVN,GK,18,2003,4,4,360,4.0,0,0,0,0,0,0,0,0,0.0,0.0,0.0,0.0,0.0
ITA-Serie A,2223,Sampdoria,Mehdi Léris,ALG,MF,24,1998,32,29,2460,27.3,1,1,2,1,0,0,13,0,0.04,0.04,0.07,0.04,0.07
ITA-Serie A,2223,Sampdoria,Mickaël Cuisance,FRA,MF,22,1999,12,9,618,6.9,0,0,0,0,0,0,1,0,0.0,0.0,0.0,0.0,0.0
ITA-Serie A,2223,Sampdoria,Mihailo Ivanović,SRB,FW,17,2004,1,0,4,0.0,0,0,0,0,0,0,0,0,0.0,0.0,0.0,0.0,0.0
ITA-Serie A,2223,Sampdoria,Nicola Murru,ITA,DF,27,1994,20,5,784,8.7,0,0,0,0,0,0,3,0,0.0,0.0,0.0,0.0,0.0
ITA-Serie A,2223,Sampdoria,Nicola Ravaglia,ITA,GK,33,1988,9,9,810,9.0,0,0,0,0,0,0,0,0,0.0,0.0,0.0,0.0,0.0
ITA-Serie A,2223,Sampdoria,Omar Colley,GAM,DF,29,1992,16,15,1384,15.4,1,0,1,1,0,0,5,0,0.07,0.0,0.07,0.07,0.07
ITA-Serie A,2223,Sampdoria,Ronaldo Vieira,GNB,MF,24,1998,16,8,815,9.1,0,0,0,0,0,0,3,0,0.0,0.0,0.0,0.0,0.0
ITA-Serie A,2223,Sampdoria,Sam Lammers,NED,FW,25,1997,19,13,1100,12.2,1,1,2,1,0,0,1,0,0.08,0.08,0.16,0.08,0.16
ITA-Serie A,2223,Sampdoria,Samuel Ntanda,COD,FW,17,2005,1,0,4,0.0,0,0,0,0,0,0,0,0,0.0,0.0,0.0,0.0,0.0
ITA-Serie A,2223,Sampdoria,Telasco Segovia,VEN,MF,19,2003,1,0,4,0.0,0,0,0,0,0,0,0,0,0.0,0.0,0.0,0.0,0.0
ITA-Serie A,2223,Sampdoria,Tommaso Augello,ITA,"MF,DF",27,1994,37,35,3061,34.0,2,5,7,2,0,0,3,0,0.06,0.15,0.21,0.06,0.21
ITA-Serie A,2223,Sampdoria,Tomás Rincón,VEN,MF,34,1988,34,30,2555,28.4,0,2,2,0,0,0,7,1,0.0,0.07,0.07,0.0,0.07
ITA-Serie A,2223,Sampdoria,Valerio Verre,ITA,MF,28,1994,18,6,677,7.5,0,0,0,0,0,0,5,0,0.0,0.0,0.0,0.0,0.0
ITA-Serie A,2223,Sassuolo,Abdou Harroui,NED,MF,24,1998,23,5,647,7.2,2,0,2,2,0,0,2,0,0.28,0.0,0.28,0.28,0.28
ITA-Serie A,2223,Sassuolo,Agustín Álvarez,URU,FW,21,2001,22,1,368,4.1,1,1,2,1,0,0,1,0,0.24,0.24,0.49,0.24,0.49
ITA-Serie A,2223,Sassuolo,Alessandro Russo,ITA,GK,21,2001,1,1,90,1.0,0,0,0,0,0,0,0,0,0.0,0.0,0.0,0.0,0.0
ITA-Serie A,2223,Sassuolo,Andrea Consigli,ITA,GK,35,1987,35,35,3150,35.0,0,0,0,0,0,0,0,0,0.0,0.0,0.0,0.0,0.0
ITA-Serie A,2223,Sassuolo,Andrea Pinamonti,ITA,FW,23,1999,32,25,2161,24.0,5,0,5,4,1,1,3,1,0.21,0.0,0.21,0.17,0.17
ITA-Serie A,2223,Sassuolo,Armand Lauriente,FRA,"FW,MF",23,1998,28,27,2175,24.2,7,6,13,6,1,1,10,1,0.29,0.25,0.54,0.25,0.5
ITA-Serie A,2223,Sassuolo,Davide Frattesi,ITA,MF,22,1999,36,35,2873,31.9,7,0,7,7,0,0,4,0,0.22,0.0,0.22,0.22,0.22
ITA-Serie A,2223,Sassuolo,Domenico Berardi,ITA,"FW,MF",27,1994,26,22,1866,20.7,12,7,19,5,7,8,7,0,0.58,0.34,0.92,0.24,0.58
ITA-Serie A,2223,Sassuolo,Emil Ceide,NOR,FW,20,2001,19,5,515,5.7,0,1,1,0,0,0,0,0,0.0,0.17,0.17,0.0,0.17
ITA-Serie A,2223,Sassuolo,Filippo Romagna,ITA,DF,25,1997,2,0,46,0.5,0,0,0,0,0,0,0,0,0.0,0.0,0.0,0.0,0.0
ITA-Serie A,2223,Sassuolo,Giacomo Raspadori,ITA,"FW,MF",22,2000,1,0,45,0.5,0,0,0,0,0,0,0,0,0.0,0.0,0.0,0.0,0.0
ITA-Serie A,2223,Sassuolo,Gian Marco Ferrari,ITA,DF,30,1992,33,24,2223,24.7,1,0,1,1,0,0,5,0,0.04,0.0,0.04,0.04,0.04
ITA-Serie A,2223,Sassuolo,Gianluca Pegolo,ITA,GK,41,1981,2,2,180,2.0,0,0,0,0,0,0,0,0,0.0,0.0,0.0,0.0,0.0
ITA-Serie A,2223,Sassuolo,Giorgos Kyriakopoulos,GRE,"FW,DF",26,1996,12,9,766,8.5,1,1,2,1,0,0,3,0,0.12,0.12,0.23,0.12,0.23
ITA-Serie A,2223,Sassuolo,Grégoire Defrel,MTQ,FW,31,1991,27,13,1167,13.0,2,1,3,2,0,0,3,0,0.15,0.08,0.23,0.15,0.23
ITA-Serie A,2223,Sassuolo,Hamed Junior Traorè,CIV,"MF,FW",22,2000,11,6,591,6.6,0,3,3,0,0,0,1,0,0.0,0.46,0.46,0.0,0.46
ITA-Serie A,2223,Sassuolo,Janis Antiste,FRA,"FW,MF",19,2002,2,0,52,0.6,1,0,1,1,0,0,0,0,1.73,0.0,1.73,1.73,1.73
ITA-Serie A,2223,Sassuolo,Jeremy Toljan,GER,DF,27,1994,31,29,2672,29.7,0,1,1,0,0,0,3,0,0.0,0.03,0.03,0.0,0.03
ITA-Serie A,2223,Sassuolo,Kaan Ayhan,TUR,DF,27,1994,10,5,545,6.1,0,0,0,0,0,0,1,0,0.0,0.0,0.0,0.0,0.0
ITA-Serie A,2223,Sassuolo,Kristian Thorstvedt,NOR,MF,23,1999,31,13,1136,12.6,2,1,3,2,0,0,5,0,0.16,0.08,0.24,0.16,0.24
ITA-Serie A,2223,Sassuolo,Luca D'Andrea,ITA,FW,17,2004,5,5,316,3.5,0,1,1,0,0,0,0,0,0.0,0.28,0.28,0.0,0.28
ITA-Serie A,2223,Sassuolo,Martin Erlić,CRO,DF,24,1998,28,26,2330,25.9,0,0,0,0,0,0,2,0,0.0,0.0,0.0,0.0,0.0
ITA-Serie A,2223,Sassuolo,Matheus Henrique,BRA,MF,24,1997,30,21,1947,21.6,4,1,5,4,0,0,4,0,0.18,0.05,0.23,0.18,0.23
ITA-Serie A,2223,Sassuolo,Maxime Lopez,FRA,MF,24,1997,30,25,2296,25.5,0,0,0,0,0,0,11,0,0.0,0.0,0.0,0.0,0.0
ITA-Serie A,2223,Sassuolo,Mert Müldür,TUR,DF,23,1999,2,1,13,0.1,0,0,0,0,0,0,0,0,0.0,0.0,0.0,0.0,0.0
ITA-Serie A,2223,Sassuolo,Nadir Zortea,ITA,DF,23,1999,10,7,657,7.3,0,1,1,0,0,0,4,0,0.0,0.14,0.14,0.0,0.14
ITA-Serie A,2223,Sassuolo,Nedim Bajrami,ALB,FW,23,1999,18,7,819,9.1,1,0,1,1,0,0,0,0,0.11,0.0,0.11,0.11,0.11
ITA-Serie A,2223,Sassuolo,Pedro Obiang,EQG,MF,30,1992,17,11,876,9.7,0,1,1,0,0,0,2,0,0.0,0.1,0.1,0.0,0.1
ITA-Serie A,2223,Sassuolo,Riccardo Marchizza,ITA,DF,24,1998,10,3,283,3.1,0,1,1,0,0,0,1,0,0.0,0.32,0.32,0.0,0.32
ITA-Serie A,2223,Sassuolo,Rogério,BRA,DF,24,1998,36,34,2996,33.3,0,3,3,0,0,0,5,1,0.0,0.09,0.09,0.0,0.09
ITA-Serie A,2223,Sassuolo,Ruan,BRA,DF,23,1999,23,21,1711,19.0,0,0,0,0,0,0,13,3,0.0,0.0,0.0,0.0,0.0
ITA-Serie A,2223,Spezia,Albin Ekdal,SWE,MF,33,1989,31,18,1734,19.3,0,2,2,0,0,0,6,1,0.0,0.1,0.1,0.0,0.1
ITA-Serie A,2223,Spezia,Arkadiusz Reca,POL,"MF,DF",27,1995,30,24,2173,24.1,1,1,2,1,0,0,5,0,0.04,0.04,0.08,0.04,0.08
ITA-Serie A,2223,Spezia,Bartłomiej Drągowski,POL,GK,24,1997,34,34,2946,32.7,0,1,1,0,0,0,1,0,0.0,0.03,0.03,0.0,0.03
ITA-Serie A,2223,Spezia,Daniel Maldini,ITA,"FW,MF",20,2001,18,4,628,7.0,2,0,2,2,0,0,1,0,0.29,0.0,0.29,0.29,0.29
ITA-Serie A,2223,Spezia,Daniele Verde,ITA,"FW,MF",26,1996,25,11,998,11.1,3,0,3,2,1,1,1,0,0.27,0.0,0.27,0.18,0.18
ITA-Serie A,2223,Spezia,Dimitris Nikolaou,GRE,DF,23,1998,36,34,2958,32.9,1,0,1,1,0,0,9,1,0.03,0.0,0.03,0.03,0.03
ITA-Serie A,2223,Spezia,Dávid Strelec,SVK,FW,21,2001,7,1,169,1.9,0,0,0,0,0,0,0,0,0.0,0.0,0.0,0.0,0.0
ITA-Serie A,2223,Spezia,Eldor Shomurodov,UZB,FW,27,1995,15,9,809,9.0,1,1,2,1,0,0,2,0,0.11,0.11,0.22,0.11,0.22
ITA-Serie A,2223,Spezia,Emil Holm,SWE,MF,22,2000,20,17,1393,15.5,1,1,2,1,0,0,4,0,0.06,0.06,0.13,0.06,0.13
ITA-Serie A,2223,Spezia,Emmanuel Gyasi,GHA,"FW,MF",28,1994,35,35,2810,31.2,2,0,2,2,0,0,10,0,0.06,0.0,0.06,0.06,0.06
ITA-Serie A,2223,Spezia,Ethan Ampadu,WAL,"DF,MF",21,2000,31,31,2639,29.3,0,1,1,0,0,0,10,1,0.0,0.03,0.03,0.0,0.03
ITA-Serie A,2223,Spezia,Federico Marchetti,ITA,GK,39,1983,1,0,66,0.7,0,0,0,0,0,0,0,1,0.0,0.0,0.0,0.0,0.0
ITA-Serie A,2223,Spezia,Jacopo Sala,ITA,MF,30,1991,6,1,112,1.2,0,0,0,0,0,0,1,0,0.0,0.0,0.0,0.0,0.0
ITA-Serie A,2223,Spezia,Jakub Kiwior,POL,"DF,MF",22,2000,17,17,1443,16.0,0,0,0,0,0,0,3,0,0.0,0.0,0.0,0.0,0.0
ITA-Serie A,2223,Spezia,Jeroen Zoet,NED,GK,31,1991,5,4,334,3.7,0,0,0,0,0,0,1,0,0.0,0.0,0.0,0.0,0.0
ITA-Serie A,2223,Spezia,João Moutinho,POR,DF,24,1998,4,0,58,0.6,0,0,0,0,0,0,0,0,0.0,0.0,0.0,0.0,0.0
ITA-Serie A,2223,Spezia,Julius Beck,DEN,MF,17,2005,1,0,10,0.1,0,0,0,0,0,0,0,0,0.0,0.0,0.0,0.0,0.0
ITA-Serie A,2223,Spezia,Kelvin Amian,FRA,"DF,MF",24,1998,30,26,2372,26.4,0,1,1,0,0,0,7,1,0.0,0.04,0.04,0.0,0.04
ITA-Serie A,2223,Spezia,Kevin Agudelo,COL,"MF,FW",23,1998,34,23,2131,23.7,0,1,1,0,0,0,5,0,0.0,0.04,0.04,0.0,0.04
ITA-Serie A,2223,Spezia,Leandro Sanca,GNB,MF,22,2000,4,0,32,0.4,0,0,0,0,0,0,0,0,0.0,0.0,0.0,0.0,0.0
ITA-Serie A,2223,Spezia,M'Bala Nzola,ANG,FW,25,1996,31,29,2653,29.5,13,2,15,10,3,3,8,0,0.44,0.07,0.51,0.34,0.41
ITA-Serie A,2223,Spezia,Mattia Caldara,ITA,DF,28,1994,20,13,1253,13.9,0,0,0,0,0,0,6,0,0.0,0.0,0.0,0.0,0.0
ITA-Serie A,2223,Spezia,Mehdi Bourabia,MAR,MF,30,1991,37,36,2771,30.8,1,3,4,1,0,0,3,0,0.03,0.1,0.13,0.03,0.13
ITA-Serie A,2223,Spezia,Mikael Ellertsson,ISL,MF,20,2002,11,1,171,1.9,0,0,0,0,0,0,3,0,0.0,0.0,0.0,0.0,0.0
ITA-Serie A,2223,Spezia,Petar Zovko,BIH,GK,20,2002,1,0,74,0.8,0,0,0,0,0,0,0,0,0.0,0.0,0.0,0.0,0.0
ITA-Serie A,2223,Spezia,Petko Hristov,BUL,DF,23,1999,9,4,365,4.1,0,0,0,0,0,0,0,0,0.0,0.0,0.0,0.0,0.0
ITA-Serie A,2223,Spezia,Przemysław Wiśniewski,POL,DF,24,1998,14,11,1003,11.1,1,0,1,1,0,0,3,0,0.09,0.0,0.09,0.09,0.09
ITA-Serie A,2223,Spezia,Raimonds Krollis,LVA,FW,20,2001,4,0,36,0.4,0,0,0,0,0,0,0,0,0.0,0.0,0.0,0.0,0.0
ITA-Serie A,2223,Spezia,Salvador Ferrer,ESP,MF,24,1998,5,0,136,1.5,0,0,0,0,0,0,0,0,0.0,0.0,0.0,0.0,0.0
ITA-Serie A,2223,Spezia,Salvatore Esposito,ITA,MF,21,2000,15,10,971,10.8,1,0,1,1,0,0,5,1,0.09,0.0,0.09,0.09,0.09
ITA-Serie A,2223,Spezia,Simone Bastoni,ITA,"MF,DF",25,1996,19,15,1189,13.2,2,4,6,2,0,0,7,0,0.15,0.3,0.45,0.15,0.45
ITA-Serie A,2223,Spezia,Szymon Żurkowski,POL,MF,24,1997,10,3,427,4.7,0,0,0,0,0,0,1,0,0.0,0.0,0.0,0.0,0.0
ITA-Serie A,2223,Spezia,Tio Cipot,SVN,MF,19,2003,8,0,139,1.5,0,0,0,0,0,0,0,0,0.0,0.0,0.0,0.0,0.0
ITA-Serie A,2223,Spezia,Viktor Kovalenko,UKR,MF,26,1996,18,7,548,6.1,0,0,0,0,0,0,1,0,0.0,0.0,0.0,0.0,0.0
ITA-Serie A,2223,Torino,Aleksei Miranchuk,RUS,MF,26,1995,29,24,2089,23.2,4,5,9,4,0,0,0,0,0.17,0.22,0.39,0.17,0.39
ITA-Serie A,2223,Torino,Alessandro Buongiorno,ITA,DF,23,1999,34,30,2721,30.2,1,2,3,1,0,0,8,0,0.03,0.07,0.1,0.03,0.1
ITA-Serie A,2223,Torino,Andrew Gravillon,GLP,DF,24,1998,7,4,312,3.5,0,0,0,0,0,0,2,0,0.0,0.0,0.0,0.0,0.0
ITA-Serie A,2223,Torino,Antonio Sanabria,PAR,FW,26,1996,33,28,2433,27.0,12,4,16,11,1,1,4,0,0.44,0.15,0.59,0.41,0.55
ITA-Serie A,2223,Torino,Brian Bayeye,COD,MF,22,2000,2,1,64,0.7,0,0,0,0,0,0,0,0,0.0,0.0,0.0,0.0,0.0
ITA-Serie A,2223,Torino,David Zima,CZE,DF,21,2000,9,4,406,4.5,0,0,0,0,0,0,0,0,0.0,0.0,0.0,0.0,0.0
ITA-Serie A,2223,Torino,Demba Seck,SEN,"MF,FW",21,2001,19,6,519,5.8,0,0,0,0,0,0,0,0,0.0,0.0,0.0,0.0,0.0
ITA-Serie A,2223,Torino,Emirhan İlkhan,TUR,MF,18,2004,4,1,87,1.0,0,0,0,0,0,0,1,0,0.0,0.0,0.0,0.0,0.0
ITA-Serie A,2223,Torino,Gvidas Gineitis,LTU,MF,18,2004,3,2,136,1.5,0,0,0,0,0,0,2,0,0.0,0.0,0.0,0.0,0.0
ITA-Serie A,2223,Torino,Ivan Ilić,SRB,MF,21,2001,14,13,1177,13.1,2,2,4,2,0,0,3,0,0.15,0.15,0.31,0.15,0.31
ITA-Serie A,2223,Torino,Jacopo Segre,ITA,MF,25,1997,1,0,21,0.2,0,0,0,0,0,0,0,0,0.0,0.0,0.0,0.0,0.0
ITA-Serie A,2223,Torino,Karol Linetty,POL,MF,27,1995,32,22,1886,21.0,1,0,1,1,0,0,8,0,0.05,0.0,0.05,0.05,0.05
ITA-Serie A,2223,Torino,Koffi Djidji,CIV,DF,29,1992,34,26,2424,26.9,1,0,1,1,0,0,3,0,0.04,0.0,0.04,0.04,0.04
ITA-Serie A,2223,Torino,Michel Ndary Adopo,FRA,"MF,DF",22,2000,9,3,264,2.9,0,0,0,0,0,0,1,0,0.0,0.0,0.0,0.0,0.0
ITA-Serie A,2223,Torino,Mërgim Vojvoda,KVX,MF,27,1995,29,18,1719,19.1,0,5,5,0,0,0,3,0,0.0,0.26,0.26,0.0,0.26
ITA-Serie A,2223,Torino,Nemanja Radonjić,SRB,"MF,FW",26,1996,28,16,1461,16.2,2,2,4,2,0,0,1,0,0.12,0.12,0.25,0.12,0.25
ITA-Serie A,2223,Torino,Nikola Vlašić,CRO,"MF,FW",24,1997,34,29,2728,30.3,5,6,11,5,0,0,1,0,0.16,0.2,0.36,0.16,0.36
ITA-Serie A,2223,Torino,Ola Aina,NGA,MF,25,1996,19,9,876,9.7,1,1,2,1,0,0,5,0,0.1,0.1,0.21,0.1,0.21
ITA-Serie A,2223,Torino,Perr Schuurs,NED,DF,22,1999,30,28,2326,25.8,0,2,2,0,0,0,5,0,0.0,0.08,0.08,0.0,0.08
ITA-Serie A,2223,Torino,Pietro Pellegri,ITA,FW,21,2001,18,4,465,5.2,2,0,2,2,0,0,3,0,0.39,0.0,0.39,0.39,0.39
ITA-Serie A,2223,Torino,Ricardo Rodríguez,SUI,"DF,MF",29,1992,35,30,2670,29.7,0,0,0,0,0,0,3,0,0.0,0.0,0.0,0.0,0.0
ITA-Serie A,2223,Torino,Ronaldo Vieira,GNB,MF,24,1998,2,0,16,0.2,0,0,0,0,0,0,0,0,0.0,0.0,0.0,0.0,0.0
ITA-Serie A,2223,Torino,Samuele Ricci,ITA,MF,20,2001,28,23,2070,23.0,2,1,3,2,0,0,6,0,0.09,0.04,0.13,0.09,0.13
ITA-Serie A,2223,Torino,Saša Lukić,SRB,MF,25,1996,16,13,1195,13.3,2,0,2,1,1,1,4,0,0.15,0.0,0.15,0.08,0.08
ITA-Serie A,2223,Torino,Valentino Lazaro,AUT,MF,26,1996,23,15,1373,15.3,0,3,3,0,0,0,4,0,0.0,0.2,0.2,0.0,0.2
ITA-Serie A,2223,Torino,Vanja Milinković-Savić,SRB,GK,25,1997,38,38,3420,38.0,0,0,0,0,0,0,4,0,0.0,0.0,0.0,0.0,0.0
ITA-Serie A,2223,Torino,Wilfried Singo,CIV,MF,21,2000,31,24,2046,22.7,2,1,3,2,0,0,8,0,0.09,0.04,0.13,0.09,0.13
ITA-Serie A,2223,Torino,Yann Karamoh,FRA,MF,24,1998,21,7,716,8.0,4,0,4,4,0,0,2,0,0.5,0.0,0.5,0.5,0.5
ITA-Serie A,2223,Udinese,Adam Masina,MAR,"DF,MF",28,1994,14,8,789,8.8,2,0,2,2,0,0,2,0,0.23,0.0,0.23,0.23,0.23
ITA-Serie A,2223,Udinese,Axel Guessand,FRA,DF,17,2004,1,1,79,0.9,0,0,0,0,0,0,0,0,0.0,0.0,0.0,0.0,0.0
ITA-Serie A,2223,Udinese,Beto,GNB,FW,24,1998,33,23,2129,23.7,10,1,11,9,1,1,2,0,0.42,0.04,0.47,0.38,0.42
ITA-Serie A,2223,Udinese,Bram Nuytinck,NED,DF,32,1990,6,3,385,4.3,0,0,0,0,0,0,1,0,0.0,0.0,0.0,0.0,0.0
ITA-Serie A,2223,Udinese,Brandon Soppy,FRA,MF,20,2002,1,1,90,1.0,0,0,0,0,0,0,1,0,0.0,0.0,0.0,0.0,0.0
ITA-Serie A,2223,Udinese,Destiny Udogie,ITA,MF,19,2002,33,31,2704,30.0,3,4,7,3,0,0,5,0,0.1,0.13,0.23,0.1,0.23
ITA-Serie A,2223,Udinese,Enzo Ebosse,CMR,"DF,MF",23,1999,20,9,930,10.3,0,0,0,0,0,0,3,0,0.0,0.0,0.0,0.0,0.0
ITA-Serie A,2223,Udinese,Festy Ebosele,IRL,MF,19,2002,17,4,411,4.6,0,1,1,0,0,0,4,0,0.0,0.22,0.22,0.0,0.22
ITA-Serie A,2223,Udinese,Florian Thauvin,FRA,"FW,MF",29,1993,16,5,546,6.1,0,0,0,0,0,0,1,0,0.0,0.0,0.0,0.0,0.0
ITA-Serie A,2223,Udinese,Gerard Deulofeu,ESP,FW,28,1994,16,15,1211,13.5,2,6,8,2,0,0,1,0,0.15,0.45,0.59,0.15,0.59
ITA-Serie A,2223,Udinese,Ilija Nestorovski,MKD,FW,32,1990,21,5,638,7.1,2,1,3,2,0,0,3,0,0.28,0.14,0.42,0.28,0.42
ITA-Serie A,2223,Udinese,Isaac Success,NGA,FW,26,1996,30,21,1815,20.2,1,6,7,1,0,0,4,0,0.05,0.3,0.35,0.05,0.35
ITA-Serie A,2223,Udinese,Jaka Bijol,SVN,DF,23,1999,32,32,2728,30.3,3,2,5,3,0,0,10,0,0.1,0.07,0.16,0.1,0.16
ITA-Serie A,2223,Udinese,James Abankwah,IRL,DF,18,2004,2,1,63,0.7,0,0,0,0,0,0,0,0,0.0,0.0,0.0,0.0,0.0
ITA-Serie A,2223,Udinese,Jean-Victor Makengo,FRA,MF,24,1998,16,11,805,8.9,0,1,1,0,0,0,2,0,0.0,0.11,0.11,0.0,0.11
ITA-Serie A,2223,Udinese,Kingsley Ehizibue,NED,MF,27,1995,27,16,1535,17.1,2,0,2,2,0,0,7,0,0.12,0.0,0.12,0.12,0.12
ITA-Serie A,2223,Udinese,Lazar Samardzic,SRB,"MF,FW",20,2002,37,19,1848,20.5,5,4,9,5,0,0,1,0,0.24,0.19,0.44,0.24,0.44
ITA-Serie A,2223,Udinese,Leonardo Buta,POR,DF,20,2002,2,0,16,0.2,0,0,0,0,0,0,0,0,0.0,0.0,0.0,0.0,0.0
ITA-Serie A,2223,Udinese,Marco Silvestri,ITA,GK,31,1991,38,38,3420,38.0,0,0,0,0,0,0,0,0,0.0,0.0,0.0,0.0,0.0
ITA-Serie A,2223,Udinese,Marvin Zeegelaar,NED,"MF,DF",31,1990,7,4,353,3.9,1,0,1,1,0,0,3,1,0.25,0.0,0.25,0.25,0.25
ITA-Serie A,2223,Udinese,Mato Jajalo,BIH,MF,34,1988,3,0,63,0.7,0,0,0,0,0,0,0,0,0.0,0.0,0.0,0.0,0.0
ITA-Serie A,2223,Udinese,Nehuén Pérez,ARG,DF,22,2000,34,33,2818,31.3,2,0,2,2,0,0,7,1,0.06,0.0,0.06,0.06,0.06
ITA-Serie A,2223,Udinese,Nicolò Cocetta,ITA,DF,18,2003,1,0,32,0.4,0,0,0,0,0,0,0,0,0.0,0.0,0.0,0.0,0.0
ITA-Serie A,2223,Udinese,Roberto Pereyra,ARG,"MF,FW",31,1991,34,33,2820,31.3,5,7,12,5,0,1,7,0,0.16,0.22,0.38,0.16,0.38
ITA-Serie A,2223,Udinese,Rodrigo Becão,BRA,DF,26,1996,28,28,2484,27.6,2,1,3,2,0,0,11,1,0.07,0.04,0.11,0.07,0.11
ITA-Serie A,2223,Udinese,Sandi Lovrić,SVN,MF,24,1998,37,28,2335,25.9,5,6,11,5,0,0,4,0,0.19,0.23,0.42,0.19,0.42
ITA-Serie A,2223,Udinese,Simone Pafundi,ITA,FW,16,2006,8,0,85,0.9,0,0,0,0,0,0,0,0,0.0,0.0,0.0,0.0,0.0
ITA-Serie A,2223,Udinese,Tolgay Arslan,GER,MF,31,1990,36,12,1211,13.5,1,0,1,1,0,0,3,0,0.07,0.0,0.07,0.07,0.07
ITA-Serie A,2223,Udinese,Vivaldo Semedo,POR,FW,17,2005,5,0,36,0.4,0,0,0,0,0,0,0,0,0.0,0.0,0.0,0.0,0.0
ITA-Serie A,2223,Udinese,Walace,BRA,MF,27,1995,37,37,3190,35.4,0,1,1,0,0,0,6,0,0.0,0.03,0.03,0.0,0.03
GER-Bundesliga,2223,Augsburg,Aaron Zehnter,GER,MF,17,2004,1,0,1,0.0,0,0,0,0,0,0,0,0,0.0,0.0,0.0,0.0,0.0
GER-Bundesliga,2223,Augsburg,André Hahn,GER,"MF,FW",31,1990,7,4,391,4.3,2,0,2,2,0,0,1,0,0.46,0.0,0.46,0.46,0.46
GER-Bundesliga,2223,Augsburg,Arne Engels,BEL,MF,18,2003,18,18,1440,16.0,0,3,3,0,0,0,5,0,0.0,0.19,0.19,0.0,0.19
GER-Bundesliga,2223,Augsburg,Arne Maier,GER,MF,23,1999,30,24,1960,21.8,5,1,6,5,0,0,3,0,0.23,0.05,0.28,0.23,0.28
GER-Bundesliga,2223,Augsburg,Carlos Gruezo,ECU,MF,27,1995,13,12,961,10.7,0,0,0,0,0,0,5,0,0.0,0.0,0.0,0.0,0.0
GER-Bundesliga,2223,Augsburg,Daniel Caligiuri,ITA,MF,34,1988,13,2,290,3.2,1,0,1,1,0,0,1,0,0.31,0.0,0.31,0.31,0.31
GER-Bundesliga,2223,Augsburg,David Čolina,CRO,"DF,MF",22,2000,7,0,166,1.8,1,0,1,1,0,0,0,0,0.54,0.0,0.54,0.54,0.54
GER-Bundesliga,2223,Augsburg,Dion Drena Beljo,CRO,FW,20,2002,18,16,1128,12.5,3,2,5,3,0,0,2,0,0.24,0.16,0.4,0.24,0.4
GER-Bundesliga,2223,Augsburg,Elvis Rexhbeçaj,KVX,MF,24,1997,31,30,2524,28.0,0,0,0,0,0,0,6,0,0.0,0.0,0.0,0.0,0.0
GER-Bundesliga,2223,Augsburg,Ermedin Demirović,BIH,"FW,MF",24,1998,30,30,2366,26.3,8,4,12,7,1,1,7,1,0.3,0.15,0.46,0.27,0.42
GER-Bundesliga,2223,Augsburg,Florian Niederlechner,GER,"FW,MF",31,1990,14,10,910,10.1,4,1,5,4,0,0,1,0,0.4,0.1,0.49,0.4,0.49
GER-Bundesliga,2223,Augsburg,Frederik Winther,DEN,DF,21,2001,1,1,90,1.0,0,1,1,0,0,0,0,0,0.0,1.0,1.0,0.0,1.0
GER-Bundesliga,2223,Augsburg,Fredrik Jensen,FIN,"FW,MF",24,1997,20,8,924,10.3,2,1,3,2,0,0,1,0,0.19,0.1,0.29,0.19,0.29
GER-Bundesliga,2223,Augsburg,Iago,BRA,"DF,MF",25,1997,22,19,1600,17.8,0,2,2,0,0,0,6,1,0.0,0.11,0.11,0.0,0.11
GER-Bundesliga,2223,Augsburg,Irvin Cardona,MLT,"FW,MF",24,1997,10,0,318,3.5,1,0,1,1,0,0,2,0,0.28,0.0,0.28,0.28,0.28
GER-Bundesliga,2223,Augsburg,Jeffrey Gouweleeuw,NED,DF,31,1991,32,32,2795,31.1,0,1,1,0,0,0,12,0,0.0,0.03,0.03,0.0,0.03
GER-Bundesliga,2223,Augsburg,Julian Baumgartlinger,AUT,MF,34,1988,16,3,554,6.2,0,0,0,0,0,0,1,0,0.0,0.0,0.0,0.0,0.0
GER-Bundesliga,2223,Augsburg,Kelvin Yeboah,ITA,FW,22,2000,13,3,353,3.9,1,1,2,1,0,0,0,0,0.25,0.25,0.51,0.25,0.51
GER-Bundesliga,2223,Augsburg,Lukas Petkov,BUL,"FW,MF",21,2000,7,0,146,1.6,0,0,0,0,0,0,1,0,0.0,0.0,0.0,0.0,0.0
GER-Bundesliga,2223,Augsburg,Mads Pedersen,DEN,"DF,MF",25,1996,28,20,1838,20.4,0,0,0,0,0,0,6,0,0.0,0.0,0.0,0.0,0.0
GER-Bundesliga,2223,Augsburg,Maximilian Bauer,GER,DF,22,2000,27,20,1846,20.5,0,1,1,0,0,0,8,0,0.0,0.05,0.05,0.0,0.05
GER-Bundesliga,2223,Augsburg,Mergim Berisha,GER,FW,24,1998,23,20,1679,18.7,9,4,13,6,3,4,9,1,0.48,0.21,0.7,0.32,0.54
GER-Bundesliga,2223,Augsburg,Nathanaël Mbuku,COD,"FW,MF",20,2002,2,0,34,0.4,0,0,0,0,0,0,0,0,0.0,0.0,0.0,0.0,0.0
GER-Bundesliga,2223,Augsburg,Niklas Dorsch,GER,MF,24,1998,11,5,483,5.4,0,0,0,0,0,0,1,0,0.0,0.0,0.0,0.0,0.0
GER-Bundesliga,2223,Augsburg,Noah Sarenren Bazee,NGA,"FW,MF",25,1996,2,0,20,0.2,0,0,0,0,0,0,0,0,0.0,0.0,0.0,0.0,0.0
GER-Bundesliga,2223,Augsburg,Ohis Felix Uduokhai,GER,DF,24,1997,19,16,1450,16.1,0,1,1,0,0,0,3,1,0.0,0.06,0.06,0.0,0.06
GER-Bundesliga,2223,Augsburg,Rafał Gikiewicz,POL,GK,34,1987,23,23,2070,23.0,0,0,0,0,0,0,3,0,0.0,0.0,0.0,0.0,0.0
GER-Bundesliga,2223,Augsburg,Raphael Framberger,GER,"MF,DF",26,1995,3,2,176,2.0,0,0,0,0,0,0,0,0,0.0,0.0,0.0,0.0,0.0
GER-Bundesliga,2223,Augsburg,Reece Oxford,ENG,DF,23,1998,3,1,94,1.0,0,0,0,0,0,0,0,0,0.0,0.0,0.0,0.0,0.0
GER-Bundesliga,2223,Augsburg,Renato Veiga,POR,DF,19,2003,13,7,639,7.1,0,0,0,0,0,0,3,0,0.0,0.0,0.0,0.0,0.0
GER-Bundesliga,2223,Augsburg,Ricardo Pepi,USA,FW,19,2003,4,1,95,1.1,0,0,0,0,0,0,0,0,0.0,0.0,0.0,0.0,0.0
GER-Bundesliga,2223,Augsburg,Robert Gumny,POL,DF,24,1998,29,23,2015,22.4,1,2,3,1,0,0,5,1,0.04,0.09,0.13,0.04,0.13
GER-Bundesliga,2223,Augsburg,Ruben Vargas,SUI,MF,23,1998,23,13,1130,12.6,3,4,7,3,0,0,4,0,0.24,0.32,0.56,0.24,0.56
GER-Bundesliga,2223,Augsburg,Tomáš Koubek,CZE,GK,29,1992,11,11,990,11.0,0,0,0,0,0,0,0,0,0.0,0.0,0.0,0.0,0.0
GER-Bundesliga,2223,Bayern Munich,Alphonso Davies,CAN,"DF,MF",21,2000,26,24,2042,22.7,1,4,5,1,0,0,0,0,0.04,0.18,0.22,0.04,0.22
GER-Bundesliga,2223,Bayern Munich,Arijon Ibrahimović,GER,MF,16,2005,1,0,14,0.2,0,0,0,0,0,0,0,0,0.0,0.0,0.0,0.0,0.0
GER-Bundesliga,2223,Bayern Munich,Benjamin Pavard,FRA,DF,26,1996,30,27,2431,27.0,4,1,5,4,0,0,6,0,0.15,0.04,0.19,0.15,0.19
GER-Bundesliga,2223,Bayern Munich,Bouna Sarr,SEN,"DF,MF",30,1992,1,0,3,0.0,0,0,0,0,0,0,0,0,0.0,0.0,0.0,0.0,0.0
GER-Bundesliga,2223,Bayern Munich,Daley Blind,NED,DF,32,1990,4,1,134,1.5,0,0,0,0,0,0,0,0,0.0,0.0,0.0,0.0,0.0
GER-Bundesliga,2223,Bayern Munich,Dayot Upamecano,FRA,DF,23,1998,29,27,2348,26.1,0,1,1,0,0,0,6,1,0.0,0.04,0.04,0.0,0.04
GER-Bundesliga,2223,Bayern Munich,Eric Maxim Choupo-Moting,CMR,FW,33,1989,19,14,1112,12.4,10,2,12,10,0,1,0,0,0.81,0.16,0.97,0.81,0.97
GER-Bundesliga,2223,Bayern Munich,Gabriel Vidovic,CRO,MF,18,2003,1,0,19,0.2,0,1,1,0,0,0,0,0,0.0,4.74,4.74,0.0,4.74
GER-Bundesliga,2223,Bayern Munich,Jamal Musiala,GER,MF,19,2003,33,26,2198,24.4,12,10,22,12,0,0,1,0,0.49,0.41,0.9,0.49,0.9
GER-Bundesliga,2223,Bayern Munich,Joshua Kimmich,GER,MF,27,1995,33,32,2809,31.2,5,6,11,4,1,1,6,1,0.16,0.19,0.35,0.13,0.32
GER-Bundesliga,2223,Bayern Munich,Josip Stanišić,CRO,DF,22,2000,14,4,579,6.4,0,0,0,0,0,0,1,0,0.0,0.0,0.0,0.0,0.0
GER-Bundesliga,2223,Bayern Munich,João Cancelo,POR,"DF,MF",28,1994,15,11,1012,11.2,1,4,5,1,0,0,3,0,0.09,0.36,0.44,0.09,0.44
GER-Bundesliga,2223,Bayern Munich,Kingsley Coman,FRA,MF,26,1996,24,16,1409,15.7,8,5,13,8,0,0,2,1,0.51,0.32,0.83,0.51,0.83
GER-Bundesliga,2223,Bayern Munich,Leon Goretzka,GER,MF,27,1995,27,22,1728,19.2,3,2,5,3,0,0,5,0,0.16,0.1,0.26,0.16,0.26
GER-Bundesliga,2223,Bayern Munich,Leroy Sané,GER,MF,26,1996,32,20,2010,22.3,8,7,15,8,0,0,4,0,0.36,0.31,0.67,0.36,0.67
GER-Bundesliga,2223,Bayern Munich,Lucas Hernández,FRA,DF,26,1996,7,6,476,5.3,0,0,0,0,0,0,1,0,0.0,0.0,0.0,0.0,0.0
GER-Bundesliga,2223,Bayern Munich,Manuel Neuer,GER,GK,36,1986,12,12,1080,12.0,0,0,0,0,0,0,0,0,0.0,0.0,0.0,0.0,0.0
GER-Bundesliga,2223,Bayern Munich,Marcel Sabitzer,AUT,MF,28,1994,15,7,628,7.0,1,1,2,1,0,0,2,0,0.14,0.14,0.29,0.14,0.29
GER-Bundesliga,2223,Bayern Munich,Mathys Tel,FRA,MF,17,2005,22,1,417,4.6,5,0,5,5,0,0,2,0,1.08,0.0,1.08,1.08,1.08
GER-Bundesliga,2223,Bayern Munich,Matthijs de Ligt,NED,DF,22,1999,31,27,2403,26.7,3,1,4,3,0,0,4,0,0.11,0.04,0.15,0.11,0.15
GER-Bundesliga,2223,Bayern Munich,Noussair Mazraoui,MAR,DF,24,1997,19,11,1075,11.9,1,4,5,1,0,0,0,0,0.08,0.33,0.42,0.08,0.42
GER-Bundesliga,2223,Bayern Munich,Paul Wanner,AUT,MF,16,2005,2,0,25,0.3,0,0,0,0,0,0,1,0,0.0,0.0,0.0,0.0,0.0
GER-Bundesliga,2223,Bayern Munich,Ryan Gravenberch,NED,MF,20,2002,24,3,576,6.4,0,0,0,0,0,0,1,0,0.0,0.0,0.0,0.0,0.0
GER-Bundesliga,2223,Bayern Munich,Sadio Mané,SEN,"MF,FW",30,1992,25,18,1425,15.8,7,5,12,6,1,2,2,0,0.44,0.32,0.76,0.38,0.69
GER-Bundesliga,2223,Bayern Munich,Serge Gnabry,GER,"MF,FW",27,1995,34,22,1941,21.6,14,5,19,13,1,1,0,0,0.65,0.23,0.88,0.6,0.83
GER-Bundesliga,2223,Bayern Munich,Sven Ulreich,GER,GK,33,1988,3,3,270,3.0,0,0,0,0,0,0,1,0,0.0,0.0,0.0,0.0,0.0
GER-Bundesliga,2223,Bayern Munich,Thomas Müller,GER,"MF,FW",32,1989,27,21,1665,18.5,7,8,15,7,0,0,0,0,0.38,0.43,0.81,0.38,0.81
GER-Bundesliga,2223,Bayern Munich,Yann Sommer,SUI,GK,33,1988,19,19,1710,19.0,0,0,0,0,0,0,1,0,0.0,0.0,0.0,0.0,0.0
GER-Bundesliga,2223,Bochum,Anthony Losilla,FRA,MF,36,1986,31,31,2720,30.2,2,2,4,2,0,0,6,1,0.07,0.07,0.13,0.07,0.13
GER-Bundesliga,2223,Bochum,Christopher Antwi-Adjei,GHA,"FW,MF",28,1994,29,22,1981,22.0,3,6,9,3,0,0,2,0,0.14,0.27,0.41,0.14,0.41
GER-Bundesliga,2223,Bochum,Cristian Gamboa,CRC,DF,32,1989,19,17,1477,16.4,0,0,0,0,0,0,2,0,0.0,0.0,0.0,0.0,0.0
GER-Bundesliga,2223,Bochum,Danilo Soares,BRA,DF,30,1991,23,23,1766,19.6,0,0,0,0,0,0,6,0,0.0,0.0,0.0,0.0,0.0
GER-Bundesliga,2223,Bochum,Dominique Heintz,GER,DF,28,1993,11,8,795,8.8,0,0,0,0,0,0,1,0,0.0,0.0,0.0,0.0,0.0
GER-Bundesliga,2223,Bochum,Erhan Mašović,SRB,"DF,MF",23,1998,29,23,2178,24.2,4,0,4,4,0,0,3,0,0.17,0.0,0.17,0.17,0.17
GER-Bundesliga,2223,Bochum,Gerrit Holtmann,PHI,"MF,FW",27,1995,23,8,945,10.5,1,1,2,1,0,0,0,0,0.1,0.1,0.19,0.1,0.19
GER-Bundesliga,2223,Bochum,Ivan Ordets,UKR,DF,30,1992,30,28,2449,27.2,0,0,0,0,0,0,4,0,0.0,0.0,0.0,0.0,0.0
GER-Bundesliga,2223,Bochum,Jacek Góralski,POL,MF,29,1992,4,2,146,1.6,0,0,0,0,0,0,0,0,0.0,0.0,0.0,0.0,0.0
GER-Bundesliga,2223,Bochum,Jannes Horn,GER,DF,25,1997,2,1,59,0.7,0,0,0,0,0,0,1,0,0.0,0.0,0.0,0.0,0.0
GER-Bundesliga,2223,Bochum,Jordi Osei-Tutu,ENG,"MF,DF",23,1998,20,8,749,8.3,0,0,0,0,0,0,3,0,0.0,0.0,0.0,0.0,0.0
GER-Bundesliga,2223,Bochum,Keven Schlotterbeck,GER,DF,25,1997,13,8,734,8.2,2,0,2,2,0,0,3,0,0.25,0.0,0.25,0.25,0.25
GER-Bundesliga,2223,Bochum,Kevin Stöger,AUT,MF,28,1993,32,29,2599,28.9,5,3,8,2,3,3,3,0,0.17,0.1,0.28,0.07,0.17
GER-Bundesliga,2223,Bochum,Kostas Stafylidis,GRE,"DF,MF",28,1993,19,11,1043,11.6,0,2,2,0,0,0,4,0,0.0,0.17,0.17,0.0,0.17
GER-Bundesliga,2223,Bochum,Manuel Riemann,GER,GK,33,1988,34,34,3060,34.0,0,0,0,0,0,0,3,0,0.0,0.0,0.0,0.0,0.0
GER-Bundesliga,2223,Bochum,Moritz Broschinski,GER,FW,21,2000,11,0,213,2.4,2,0,2,2,0,0,1,0,0.85,0.0,0.85,0.85,0.85
GER-Bundesliga,2223,Bochum,Patrick Osterhage,GER,MF,22,2000,23,11,1029,11.4,0,0,0,0,0,0,3,0,0.0,0.0,0.0,0.0,0.0
GER-Bundesliga,2223,Bochum,Philipp Förster,GER,MF,27,1995,25,15,1309,14.5,3,7,10,3,0,0,4,0,0.21,0.48,0.69,0.21,0.69
GER-Bundesliga,2223,Bochum,Philipp Hofmann,GER,FW,29,1993,34,31,2631,29.2,8,2,10,8,0,0,5,0,0.27,0.07,0.34,0.27,0.34
GER-Bundesliga,2223,Bochum,Pierre Kunde,CMR,MF,27,1995,12,3,377,4.2,1,0,1,1,0,0,0,0,0.24,0.0,0.24,0.24,0.24
GER-Bundesliga,2223,Bochum,Saidy Janko,GAM,DF,26,1995,20,12,1134,12.6,0,0,0,0,0,0,1,0,0.0,0.0,0.0,0.0,0.0
GER-Bundesliga,2223,Bochum,Silvère Ganvoula,CGO,FW,26,1996,16,0,247,2.7,0,0,0,0,0,0,1,0,0.0,0.0,0.0,0.0,0.0
GER-Bundesliga,2223,Bochum,Simon Zoller,GER,"FW,MF",31,1991,27,19,1457,16.2,3,2,5,3,0,0,5,0,0.19,0.12,0.31,0.19,0.31
GER-Bundesliga,2223,Bochum,Takuma Asano,JPN,"MF,FW",27,1994,25,21,1713,19.0,3,3,6,3,0,0,1,0,0.16,0.16,0.32,0.16,0.32
GER-Bundesliga,2223,Bochum,Tim Oermann,GER,DF,18,2003,4,2,194,2.2,0,0,0,0,0,0,0,0,0.0,0.0,0.0,0.0,0.0
GER-Bundesliga,2223,Bochum,Vassilis Lambropoulos,GRE,DF,32,1990,15,7,627,7.0,0,0,0,0,0,0,2,0,0.0,0.0,0.0,0.0,0.0
GER-Bundesliga,2223,Dortmund,Alexander Meyer,GER,GK,31,1991,7,7,630,7.0,0,0,0,0,0,0,0,0,0.0,0.0,0.0,0.0,0.0
GER-Bundesliga,2223,Dortmund,Anthony Modeste,FRA,FW,34,1988,19,7,813,9.0,2,1,3,2,0,0,4,0,0.22,0.11,0.33,0.22,0.33
GER-Bundesliga,2223,Dortmund,Antonios Papadopoulos,GER,"DF,MF",22,1999,1,0,13,0.1,0,0,0,0,0,0,0,0,0.0,0.0,0.0,0.0,0.0
GER-Bundesliga,2223,Dortmund,Donyell Malen,NED,"MF,FW",23,1999,26,22,1706,19.0,9,6,15,9,0,0,0,0,0.47,0.32,0.79,0.47,0.79
GER-Bundesliga,2223,Dortmund,Emre Can,GER,MF,28,1994,27,20,1900,21.1,2,1,3,1,1,1,8,0,0.09,0.05,0.14,0.05,0.09
GER-Bundesliga,2223,Dortmund,Felix Passlack,GER,"DF,MF",24,1998,3,0,64,0.7,0,0,0,0,0,0,0,0,0.0,0.0,0.0,0.0,0.0
GER-Bundesliga,2223,Dortmund,Gio Reyna,USA,MF,19,2002,22,4,625,6.9,7,2,9,6,1,1,2,0,1.01,0.29,1.3,0.86,1.15
GER-Bundesliga,2223,Dortmund,Gregor Kobel,SUI,GK,24,1997,27,27,2430,27.0,0,0,0,0,0,0,0,0,0.0,0.0,0.0,0.0,0.0
GER-Bundesliga,2223,Dortmund,Jamie Gittens,ENG,"MF,FW",17,2004,15,4,533,5.9,3,1,4,3,0,0,1,0,0.51,0.17,0.68,0.51,0.68
GER-Bundesliga,2223,Dortmund,Jude Bellingham,ENG,MF,19,2003,31,30,2691,29.9,8,4,12,7,1,1,8,0,0.27,0.13,0.4,0.23,0.37
GER-Bundesliga,2223,Dortmund,Julian Brandt,GER,MF,26,1996,32,29,2397,26.6,9,8,17,9,0,0,2,0,0.34,0.3,0.64,0.34,0.64
GER-Bundesliga,2223,Dortmund,Julian Ryerson,NOR,DF,24,1997,17,17,1410,15.7,1,1,2,1,0,0,2,0,0.06,0.06,0.13,0.06,0.13
GER-Bundesliga,2223,Dortmund,Julien Duranville,BEL,FW,16,2006,1,0,29,0.3,0,0,0,0,0,0,0,0,0.0,0.0,0.0,0.0,0.0
GER-Bundesliga,2223,Dortmund,Justin Njinmah,GER,"FW,MF",21,2000,1,0,22,0.2,0,0,0,0,0,0,0,0,0.0,0.0,0.0,0.0,0.0
GER-Bundesliga,2223,Dortmund,Karim Adeyemi,GER,"MF,FW",20,2002,24,20,1386,15.4,6,5,11,6,0,1,9,0,0.39,0.32,0.71,0.39,0.71
GER-Bundesliga,2223,Dortmund,Mahmoud Dahoud,GER,MF,26,1996,9,4,337,3.7,0,0,0,0,0,0,1,0,0.0,0.0,0.0,0.0,0.0
GER-Bundesliga,2223,Dortmund,Marco Pašalić,CRO,MF,21,2000,1,0,11,0.1,0,0,0,0,0,0,0,0,0.0,0.0,0.0,0.0,0.0
GER-Bundesliga,2223,Dortmund,Marco Reus,GER,MF,33,1989,25,14,1353,15.0,6,4,10,5,1,1,4,0,0.4,0.27,0.67,0.33,0.6
GER-Bundesliga,2223,Dortmund,Marius Wolf,GER,DF,27,1995,25,17,1570,17.4,1,1,2,1,0,0,2,0,0.06,0.06,0.11,0.06,0.11
GER-Bundesliga,2223,Dortmund,Mats Hummels,GER,DF,33,1988,30,24,2018,22.4,1,0,1,1,0,0,4,0,0.04,0.0,0.04,0.04,0.04
GER-Bundesliga,2223,Dortmund,Nico Schlotterbeck,GER,DF,22,1999,28,27,2252,25.0,4,5,9,4,0,0,3,0,0.16,0.2,0.36,0.16,0.36
GER-Bundesliga,2223,Dortmund,Niklas Süle,GER,DF,26,1995,29,23,2118,23.5,2,3,5,2,0,0,2,0,0.08,0.13,0.21,0.08,0.21
GER-Bundesliga,2223,Dortmund,Raphaël Guerreiro,POR,"DF,MF",28,1993,27,26,2290,25.4,4,12,16,4,0,0,4,0,0.16,0.47,0.63,0.16,0.63
GER-Bundesliga,2223,Dortmund,Salih Özcan,TUR,MF,24,1998,26,17,1576,17.5,0,1,1,0,0,0,6,0,0.0,0.06,0.06,0.0,0.06
GER-Bundesliga,2223,Dortmund,Soumaïla Coulibaly,FRA,DF,18,2003,1,0,45,0.5,0,0,0,0,0,0,0,0,0.0,0.0,0.0,0.0,0.0
GER-Bundesliga,2223,Dortmund,Sébastien Haller,CIV,FW,28,1994,19,15,1225,13.6,9,3,12,9,0,1,1,0,0.66,0.22,0.88,0.66,0.88
GER-Bundesliga,2223,Dortmund,Thomas Meunier,BEL,"DF,MF",30,1991,10,7,585,6.5,0,0,0,0,0,0,2,0,0.0,0.0,0.0,0.0,0.0
GER-Bundesliga,2223,Dortmund,Thorgan Hazard,BEL,"MF,DF",29,1993,14,2,464,5.2,0,0,0,0,0,0,1,0,0.0,0.0,0.0,0.0,0.0
GER-Bundesliga,2223,Dortmund,Tom Rothe,GER,"DF,MF",17,2004,2,0,26,0.3,0,0,0,0,0,0,0,0,0.0,0.0,0.0,0.0,0.0
GER-Bundesliga,2223,Dortmund,Youssoufa Moukoko,GER,FW,17,2004,26,11,1141,12.7,7,3,10,7,0,0,0,0,0.55,0.24,0.79,0.55,0.79
GER-Bundesliga,2223,Frankfurt,Almamy Touré,MLI,DF,26,1996,7,5,398,4.4,0,1,1,0,0,0,1,0,0.0,0.23,0.23,0.0,0.23
GER-Bundesliga,2223,Frankfurt,Ansgar Knauff,GER,MF,20,2002,24,14,1286,14.3,1,1,2,1,0,0,1,0,0.07,0.07,0.14,0.07,0.14
GER-Bundesliga,2223,Frankfurt,Aurélio Buta,POR,MF,25,1997,18,15,1318,14.6,3,2,5,3,0,0,3,0,0.2,0.14,0.34,0.2,0.34
GER-Bundesliga,2223,Frankfurt,Christopher Lenz,GER,"MF,DF",27,1994,24,13,1290,14.3,0,2,2,0,0,0,1,0,0.0,0.14,0.14,0.0,0.14
GER-Bundesliga,2223,Frankfurt,Daichi Kamada,JPN,MF,25,1996,32,25,2265,25.2,9,6,15,6,3,3,3,0,0.36,0.24,0.6,0.24,0.48
GER-Bundesliga,2223,Frankfurt,Dario Gebuhr,GER,DF,19,2003,1,0,21,0.2,0,0,0,0,0,0,0,0,0.0,0.0,0.0,0.0,0.0
GER-Bundesliga,2223,Frankfurt,Diant Ramaj,GER,GK,20,2001,1,1,90,1.0,0,0,0,0,0,0,0,0,0.0,0.0,0.0,0.0,0.0
GER-Bundesliga,2223,Frankfurt,Djibril Sow,SUI,MF,25,1997,32,30,2646,29.4,4,0,4,4,0,0,9,0,0.14,0.0,0.14,0.14,0.14
GER-Bundesliga,2223,Frankfurt,Faride Alidou,GER,FW,21,2001,15,0,182,2.0,0,1,1,0,0,0,0,0,0.0,0.49,0.49,0.0,0.49
GER-Bundesliga,2223,Frankfurt,Filip Kostić,SRB,MF,29,1992,1,1,74,0.8,0,0,0,0,0,0,1,0,0.0,0.0,0.0,0.0,0.0
GER-Bundesliga,2223,Frankfurt,Hrvoje Smolčić,CRO,DF,21,2000,9,4,471,5.2,0,0,0,0,0,0,0,0,0.0,0.0,0.0,0.0,0.0
GER-Bundesliga,2223,Frankfurt,Jesper Lindstrøm,DEN,MF,22,2000,27,22,1679,18.7,7,2,9,7,0,0,2,0,0.38,0.11,0.48,0.38,0.48
GER-Bundesliga,2223,Frankfurt,Junior Dina Ebimbe,CMR,MF,21,2000,19,10,1063,11.8,3,1,4,3,0,0,4,0,0.25,0.08,0.34,0.25,0.34
GER-Bundesliga,2223,Frankfurt,Kevin Trapp,GER,GK,32,1990,33,33,2970,33.0,0,0,0,0,0,0,3,0,0.0,0.0,0.0,0.0,0.0
GER-Bundesliga,2223,Frankfurt,Kristijan Jakić,CRO,"DF,MF",25,1997,24,17,1460,16.2,1,0,1,1,0,0,4,0,0.06,0.0,0.06,0.06,0.06
GER-Bundesliga,2223,Frankfurt,Luca Pellegrini,ITA,"DF,MF",23,1999,9,7,557,6.2,0,0,0,0,0,0,1,0,0.0,0.0,0.0,0.0,0.0
GER-Bundesliga,2223,Frankfurt,Lucas Alario,ARG,FW,29,1992,20,2,331,3.7,1,0,1,1,0,0,0,0,0.27,0.0,0.27,0.27,0.27
GER-Bundesliga,2223,Frankfurt,Makoto Hasebe,JPN,DF,38,1984,18,15,1306,14.5,0,0,0,0,0,0,1,0,0.0,0.0,0.0,0.0,0.0
GER-Bundesliga,2223,Frankfurt,Marcel Wenig,GER,MF,18,2004,1,0,4,0.0,0,0,0,0,0,0,0,0,0.0,0.0,0.0,0.0,0.0
GER-Bundesliga,2223,Frankfurt,Mario Götze,GER,MF,30,1992,32,32,2740,30.4,3,1,4,3,0,0,6,0,0.1,0.03,0.13,0.1,0.13
GER-Bundesliga,2223,Frankfurt,Obite N'Dicka,CIV,DF,22,1999,30,30,2692,29.9,1,0,1,1,0,0,4,0,0.03,0.0,0.03,0.03,0.03
GER-Bundesliga,2223,Frankfurt,Paxten Aaronson,USA,MF,18,2003,7,0,173,1.9,0,0,0,0,0,0,1,0,0.0,0.0,0.0,0.0,0.0
GER-Bundesliga,2223,Frankfurt,Philipp Max,GER,MF,28,1993,10,8,694,7.7,0,1,1,0,0,0,1,0,0.0,0.13,0.13,0.0,0.13
GER-Bundesliga,2223,Frankfurt,Rafael Borré,COL,"MF,FW",26,1995,32,10,1078,12.0,2,2,4,1,1,1,5,0,0.17,0.17,0.33,0.08,0.25
GER-Bundesliga,2223,Frankfurt,Randal Kolo Muani,FRA,FW,23,1998,32,31,2631,29.2,15,11,26,13,2,2,6,1,0.51,0.38,0.89,0.44,0.82
GER-Bundesliga,2223,Frankfurt,Sebastian Rode,GER,MF,31,1990,27,19,1414,15.7,4,1,5,4,0,0,6,0,0.25,0.06,0.32,0.25,0.32
GER-Bundesliga,2223,Frankfurt,Timothy Chandler,USA,"DF,MF",32,1990,6,0,86,1.0,0,0,0,0,0,0,0,0,0.0,0.0,0.0,0.0,0.0
GER-Bundesliga,2223,Frankfurt,Tuta,BRA,DF,23,1999,31,30,2718,30.2,2,1,3,2,0,0,8,0,0.07,0.03,0.1,0.07,0.1
GER-Bundesliga,2223,Freiburg,Christian Günter,GER,"DF,MF",29,1993,33,31,2748,30.5,1,4,5,1,0,0,5,0,0.03,0.13,0.16,0.03,0.16
GER-Bundesliga,2223,Freiburg,Daniel Kyereh,GHA,"MF,FW",26,1996,12,7,559,6.2,2,0,2,2,0,0,2,0,0.32,0.0,0.32,0.32,0.32
GER-Bundesliga,2223,Freiburg,Hugo Siquet,BEL,"DF,MF",20,2002,2,0,17,0.2,0,0,0,0,0,0,0,0,0.0,0.0,0.0,0.0,0.0
GER-Bundesliga,2223,Freiburg,Jeong Woo-yeong,KOR,"MF,FW",22,1999,26,4,653,7.3,1,1,2,1,0,0,2,0,0.14,0.14,0.28,0.14,0.28
GER-Bundesliga,2223,Freiburg,Jonathan Schmid,FRA,"DF,MF",32,1990,3,0,41,0.5,0,0,0,0,0,0,0,0,0.0,0.0,0.0,0.0,0.0
GER-Bundesliga,2223,Freiburg,Kenneth Schmidt,GER,DF,20,2002,5,3,251,2.8,0,0,0,0,0,0,1,0,0.0,0.0,0.0,0.0,0.0
GER-Bundesliga,2223,Freiburg,Keven Schlotterbeck,GER,DF,25,1997,2,0,14,0.2,0,0,0,0,0,0,0,0,0.0,0.0,0.0,0.0,0.0
GER-Bundesliga,2223,Freiburg,Kevin Schade,GER,MF,20,2001,8,1,182,2.0,1,0,1,1,0,0,0,0,0.49,0.0,0.49,0.49,0.49
GER-Bundesliga,2223,Freiburg,Kiliann Sildillia,FRA,"DF,MF",20,2002,27,23,1977,22.0,0,2,2,0,0,0,4,1,0.0,0.09,0.09,0.0,0.09
GER-Bundesliga,2223,Freiburg,Kimberly Ezekwem,GER,DF,21,2001,1,0,8,0.1,0,0,0,0,0,0,0,0,0.0,0.0,0.0,0.0,0.0
GER-Bundesliga,2223,Freiburg,Lucas Höler,GER,"FW,MF",28,1994,26,16,1503,16.7,5,2,7,5,0,0,1,0,0.3,0.12,0.42,0.3,0.42
GER-Bundesliga,2223,Freiburg,Lukas Kübler,GER,"DF,MF",29,1992,22,19,1639,18.2,2,1,3,2,0,0,1,0,0.11,0.05,0.16,0.11,0.16
GER-Bundesliga,2223,Freiburg,Manuel Gulde,GER,DF,31,1991,15,8,643,7.1,1,0,1,1,0,0,2,0,0.14,0.0,0.14,0.14,0.14
GER-Bundesliga,2223,Freiburg,Mark Flekken,NED,GK,29,1993,34,34,3060,34.0,0,0,0,0,0,0,0,0,0.0,0.0,0.0,0.0,0.0
GER-Bundesliga,2223,Freiburg,Matthias Ginter,GER,DF,28,1994,34,34,3060,34.0,4,1,5,4,0,0,3,0,0.12,0.03,0.15,0.12,0.15
GER-Bundesliga,2223,Freiburg,Maximilian Eggestein,GER,MF,25,1996,31,27,2451,27.2,1,2,3,1,0,0,6,0,0.04,0.07,0.11,0.04,0.11
GER-Bundesliga,2223,Freiburg,Merlin Röhl,GER,MF,20,2002,3,0,57,0.6,0,1,1,0,0,0,0,0,0.0,1.58,1.58,0.0,1.58
GER-Bundesliga,2223,Freiburg,Michael Gregoritsch,AUT,FW,28,1994,30,27,2150,23.9,10,4,14,10,0,0,6,0,0.42,0.17,0.59,0.42,0.59
GER-Bundesliga,2223,Freiburg,Nicolas Höfler,GER,MF,32,1990,32,32,2816,31.3,0,1,1,0,0,0,9,1,0.0,0.03,0.03,0.0,0.03
GER-Bundesliga,2223,Freiburg,Nils Petersen,GER,FW,33,1988,27,0,277,3.1,1,0,1,1,0,0,1,0,0.32,0.0,0.32,0.32,0.32
GER-Bundesliga,2223,Freiburg,Noah Weißhaupt,GER,MF,20,2001,18,3,427,4.7,0,1,1,0,0,0,0,0,0.0,0.21,0.21,0.0,0.21
GER-Bundesliga,2223,Freiburg,Philipp Lienhart,AUT,DF,26,1996,29,27,2498,27.8,1,0,1,1,0,0,3,0,0.04,0.0,0.04,0.04,0.04
GER-Bundesliga,2223,Freiburg,Ritsu Doan,JPN,"MF,FW",24,1998,33,30,2424,26.9,5,4,9,5,0,0,3,0,0.19,0.15,0.33,0.19,0.33
GER-Bundesliga,2223,Freiburg,Robert Wagner,GER,MF,19,2003,4,0,38,0.4,0,0,0,0,0,0,1,0,0.0,0.0,0.0,0.0,0.0
GER-Bundesliga,2223,Freiburg,Roland Sallai,HUN,"MF,FW",25,1997,19,10,1002,11.1,1,3,4,1,0,0,6,0,0.09,0.27,0.36,0.09,0.36
GER-Bundesliga,2223,Freiburg,Vincenzo Grifo,ITA,"MF,FW",29,1993,33,30,2408,26.8,15,5,20,8,7,8,2,0,0.56,0.19,0.75,0.3,0.49
GER-Bundesliga,2223,Freiburg,Yannik Keitel,GER,MF,22,2000,22,8,682,7.6,0,2,2,0,0,0,4,0,0.0,0.26,0.26,0.0,0.26
GER-Bundesliga,2223,Gladbach,Alassane Pléa,FRA,"MF,FW",29,1993,29,20,1774,19.7,2,9,11,1,1,2,5,0,0.1,0.46,0.56,0.05,0.51
GER-Bundesliga,2223,Gladbach,Christoph Kramer,GER,MF,31,1991,29,27,2222,24.7,0,0,0,0,0,0,4,0,0.0,0.0,0.0,0.0,0.0
GER-Bundesliga,2223,Gladbach,Florian Neuhaus,GER,MF,25,1997,23,16,1405,15.6,1,0,1,1,0,0,2,0,0.06,0.0,0.06,0.06,0.06
GER-Bundesliga,2223,Gladbach,Hannes Wolf,AUT,MF,23,1999,18,4,449,5.0,1,1,2,1,0,0,0,0,0.2,0.2,0.4,0.2,0.4
GER-Bundesliga,2223,Gladbach,Jan Olschowsky,GER,GK,20,2001,4,4,360,4.0,0,0,0,0,0,0,0,0,0.0,0.0,0.0,0.0,0.0
GER-Bundesliga,2223,Gladbach,Joe Scally,USA,DF,19,2002,28,25,2208,24.5,0,0,0,0,0,0,2,0,0.0,0.0,0.0,0.0,0.0
GER-Bundesliga,2223,Gladbach,Jonas Hofmann,GER,MF,30,1992,31,30,2680,29.8,12,9,21,12,0,1,2,0,0.4,0.3,0.71,0.4,0.71
GER-Bundesliga,2223,Gladbach,Jonas Omlin,SUI,GK,28,1994,15,15,1290,14.3,0,0,0,0,0,0,0,0,0.0,0.0,0.0,0.0,0.0
GER-Bundesliga,2223,Gladbach,Julian Weigl,GER,MF,26,1995,23,21,1894,21.0,1,0,1,0,1,1,6,0,0.05,0.0,0.05,0.0,0.0
GER-Bundesliga,2223,Gladbach,Ko Itakura,JPN,DF,25,1997,24,22,1981,22.0,0,2,2,0,0,0,1,2,0.0,0.09,0.09,0.0,0.09
GER-Bundesliga,2223,Gladbach,Lars Stindl,GER,MF,33,1988,29,20,1734,19.3,8,7,15,8,0,0,9,0,0.42,0.36,0.78,0.42,0.78
GER-Bundesliga,2223,Gladbach,Luca Netz,GER,"DF,MF",19,2003,20,7,702,7.8,1,3,4,1,0,0,0,0,0.13,0.38,0.51,0.13,0.51
GER-Bundesliga,2223,Gladbach,Manu Koné,FRA,MF,21,2001,30,30,2608,29.0,1,1,2,1,0,0,12,0,0.03,0.03,0.07,0.03,0.07
GER-Bundesliga,2223,Gladbach,Marcus Thuram,FRA,FW,24,1997,30,28,2513,27.9,13,6,19,13,0,0,3,0,0.47,0.21,0.68,0.47,0.68
GER-Bundesliga,2223,Gladbach,Marvin Friedrich,GER,DF,26,1995,23,13,1248,13.9,1,0,1,1,0,0,2,0,0.07,0.0,0.07,0.07,0.07
GER-Bundesliga,2223,Gladbach,Nathan N'Goumou,CMR,"MF,FW",22,2000,20,7,695,7.7,1,0,1,1,0,0,0,0,0.13,0.0,0.13,0.13,0.13
GER-Bundesliga,2223,Gladbach,Nico Elvedi,SUI,DF,25,1996,32,32,2826,31.4,3,0,3,3,0,0,2,0,0.1,0.0,0.1,0.1,0.1
GER-Bundesliga,2223,Gladbach,Oscar Fraulo,DEN,MF,18,2003,2,0,8,0.1,0,0,0,0,0,0,0,0,0.0,0.0,0.0,0.0,0.0
GER-Bundesliga,2223,Gladbach,Patrick Herrmann,GER,"FW,MF",31,1991,21,0,164,1.8,1,0,1,1,0,0,2,0,0.55,0.0,0.55,0.55,0.55
GER-Bundesliga,2223,Gladbach,Ramy Bensebaini,ALG,DF,27,1995,28,28,2481,27.6,6,1,7,4,2,2,7,1,0.22,0.04,0.25,0.15,0.18
GER-Bundesliga,2223,Gladbach,Rocco Reitz,GER,MF,20,2002,1,0,3,0.0,0,0,0,0,0,0,0,0,0.0,0.0,0.0,0.0,0.0
GER-Bundesliga,2223,Gladbach,Semir Telalovic,GER,FW,22,1999,3,0,10,0.1,0,0,0,0,0,0,0,0,0.0,0.0,0.0,0.0,0.0
GER-Bundesliga,2223,Gladbach,Stefan Lainer,AUT,"DF,MF",29,1992,17,9,817,9.1,0,0,0,0,0,0,2,0,0.0,0.0,0.0,0.0,0.0
GER-Bundesliga,2223,Gladbach,Tobias Sippel,GER,GK,34,1988,6,5,510,5.7,0,0,0,0,0,0,1,0,0.0,0.0,0.0,0.0,0.0
GER-Bundesliga,2223,Gladbach,Tony Jantschke,GER,DF,32,1990,8,1,99,1.1,0,0,0,0,0,0,0,0,0.0,0.0,0.0,0.0,0.0
GER-Bundesliga,2223,Gladbach,Yann Sommer,SUI,GK,33,1988,10,10,900,10.0,0,0,0,0,0,0,0,0,0.0,0.0,0.0,0.0,0.0
GER-Bundesliga,2223,Gladbach,Yvandro Borges Sanches,LUX,MF,18,2004,3,0,28,0.3,0,0,0,0,0,0,0,0,0.0,0.0,0.0,0.0,0.0
GER-Bundesliga,2223,Hertha BSC,Agustín Rogel,URU,DF,24,1997,20,14,1426,15.8,0,1,1,0,0,0,7,0,0.0,0.06,0.06,0.0,0.06
GER-Bundesliga,2223,Hertha BSC,Chidera Ejuke,NGA,"FW,MF",24,1998,20,9,890,9.9,0,3,3,0,0,0,0,0,0.0,0.3,0.3,0.0,0.3
GER-Bundesliga,2223,Hertha BSC,Davie Selke,GER,FW,27,1995,13,3,282,3.1,1,1,2,0,1,1,1,0,0.32,0.32,0.64,0.0,0.32
GER-Bundesliga,2223,Hertha BSC,Derry Scherhant,GER,MF,19,2002,10,2,285,3.2,1,0,1,1,0,0,0,0,0.32,0.0,0.32,0.32,0.32
GER-Bundesliga,2223,Hertha BSC,Dodi Lukebakio,BEL,"FW,MF",24,1997,32,27,2397,26.6,11,3,14,6,5,5,8,0,0.41,0.11,0.53,0.23,0.34
GER-Bundesliga,2223,Hertha BSC,Filip Uremović,CRO,DF,25,1997,22,21,1726,19.2,0,0,0,0,0,0,8,1,0.0,0.0,0.0,0.0,0.0
GER-Bundesliga,2223,Hertha BSC,Florian Niederlechner,GER,FW,31,1990,16,11,781,8.7,1,0,1,1,0,0,2,0,0.12,0.0,0.12,0.12,0.12
GER-Bundesliga,2223,Hertha BSC,Ibrahim Maza,ALG,MF,16,2005,2,0,71,0.8,1,0,1,1,0,0,0,0,1.27,0.0,1.27,1.27,1.27
GER-Bundesliga,2223,Hertha BSC,Ivan Šunjić,BIH,MF,25,1996,18,12,993,11.0,0,0,0,0,0,0,4,0,0.0,0.0,0.0,0.0,0.0
GER-Bundesliga,2223,Hertha BSC,Jean-Paul Boëtius,SUR,MF,28,1994,21,10,1050,11.7,0,0,0,0,0,0,3,0,0.0,0.0,0.0,0.0,0.0
GER-Bundesliga,2223,Hertha BSC,Jessic Ngankam,GER,"FW,MF",22,2000,18,8,826,9.2,4,0,4,3,1,1,5,0,0.44,0.0,0.44,0.33,0.33
GER-Bundesliga,2223,Hertha BSC,Jonjoe Kenny,ENG,DF,25,1997,29,25,2244,24.9,0,1,1,0,0,0,3,0,0.0,0.04,0.04,0.0,0.04
GER-Bundesliga,2223,Hertha BSC,Julian Eitschberger,GER,"DF,MF",18,2004,1,0,1,0.0,0,0,0,0,0,0,0,0,0.0,0.0,0.0,0.0,0.0
GER-Bundesliga,2223,Hertha BSC,Kevin-Prince Boateng,GHA,MF,35,1987,16,5,467,5.2,0,0,0,0,0,0,3,0,0.0,0.0,0.0,0.0,0.0
GER-Bundesliga,2223,Hertha BSC,Lucas Tousart,FRA,MF,25,1997,33,33,2944,32.7,5,2,7,5,0,0,1,0,0.15,0.06,0.21,0.15,0.21
GER-Bundesliga,2223,Hertha BSC,Marc-Oliver Kempf,GER,DF,27,1995,31,31,2709,30.1,1,0,1,1,0,0,5,0,0.03,0.0,0.03,0.03,0.03
GER-Bundesliga,2223,Hertha BSC,Marco Richter,GER,"MF,FW",24,1997,29,21,1836,20.4,6,5,11,6,0,0,8,0,0.29,0.25,0.54,0.29,0.54
GER-Bundesliga,2223,Hertha BSC,Marvin Plattenhardt,GER,"DF,MF",30,1992,31,29,2402,26.7,0,2,2,0,0,0,3,0,0.0,0.07,0.07,0.0,0.07
GER-Bundesliga,2223,Hertha BSC,Maximilian Mittelstädt,GER,"DF,MF",25,1997,17,7,849,9.4,0,0,0,0,0,0,5,0,0.0,0.0,0.0,0.0,0.0
GER-Bundesliga,2223,Hertha BSC,Myziane Maolida,COM,FW,23,1999,3,1,95,1.1,0,0,0,0,0,0,0,0,0.0,0.0,0.0,0.0,0.0
GER-Bundesliga,2223,Hertha BSC,Márton Dárdai,HUN,"DF,MF",20,2002,17,11,947,10.5,1,0,1,1,0,0,2,0,0.1,0.0,0.1,0.1,0.1
GER-Bundesliga,2223,Hertha BSC,Oliver Christensen,DEN,GK,23,1999,33,33,2970,33.0,0,0,0,0,0,0,2,0,0.0,0.0,0.0,0.0,0.0
GER-Bundesliga,2223,Hertha BSC,Pascal Klemens,GER,DF,17,2005,1,1,90,1.0,0,0,0,0,0,0,0,0,0.0,0.0,0.0,0.0,0.0
GER-Bundesliga,2223,Hertha BSC,Peter Pekarík,SVK,DF,35,1986,5,2,206,2.3,0,0,0,0,0,0,0,0,0.0,0.0,0.0,0.0,0.0
GER-Bundesliga,2223,Hertha BSC,Stevan Jovetić,MNE,FW,32,1989,17,8,892,9.9,4,2,6,4,0,0,0,0,0.4,0.2,0.61,0.4,0.61
GER-Bundesliga,2223,Hertha BSC,Suat Serdar,GER,MF,25,1997,32,24,2021,22.5,4,2,6,4,0,0,7,0,0.18,0.09,0.27,0.18,0.27
GER-Bundesliga,2223,Hertha BSC,Tjark Ernst,GER,GK,19,2003,1,1,90,1.0,0,0,0,0,0,0,0,0,0.0,0.0,0.0,0.0,0.0
GER-Bundesliga,2223,Hertha BSC,Tolga Ciğerci,TUR,MF,30,1992,11,10,672,7.5,0,1,1,0,0,0,2,0,0.0,0.13,0.13,0.0,0.13
GER-Bundesliga,2223,Hertha BSC,Tony Rölke,GER,FW,19,2003,1,0,20,0.2,0,0,0,0,0,0,0,0,0.0,0.0,0.0,0.0,0.0
GER-Bundesliga,2223,Hertha BSC,Veit Stange,GER,MF,18,2004,1,0,8,0.1,0,0,0,0,0,0,0,0,0.0,0.0,0.0,0.0,0.0
GER-Bundesliga,2223,Hertha BSC,Vladimír Darida,CZE,MF,31,1990,3,0,31,0.3,0,0,0,0,0,0,0,0,0.0,0.0,0.0,0.0,0.0
GER-Bundesliga,2223,Hertha BSC,Wilfried Kanga,CIV,FW,24,1998,23,15,1417,15.7,2,0,2,2,0,0,3,0,0.13,0.0,0.13,0.13,0.13
GER-Bundesliga,2223,Hoffenheim,Andrej Kramarić,CRO,"MF,FW",31,1991,32,26,2386,26.5,12,4,16,8,4,6,3,0,0.45,0.15,0.6,0.3,0.45
GER-Bundesliga,2223,Hoffenheim,Angeliño,ESP,MF,25,1997,33,30,2617,29.1,0,8,8,0,0,0,2,0,0.0,0.28,0.28,0.0,0.28
GER-Bundesliga,2223,Hoffenheim,Angelo Stiller,GER,MF,21,2001,20,6,704,7.8,1,1,2,1,0,0,1,0,0.13,0.13,0.26,0.13,0.26
GER-Bundesliga,2223,Hoffenheim,Christoph Baumgartner,AUT,"MF,FW",22,1999,33,33,2567,28.5,7,3,10,7,0,0,7,0,0.25,0.11,0.35,0.25,0.35
GER-Bundesliga,2223,Hoffenheim,Dennis Geiger,GER,MF,24,1998,27,27,1952,21.7,1,3,4,1,0,0,9,0,0.05,0.14,0.18,0.05,0.18
GER-Bundesliga,2223,Hoffenheim,Diadie Samassékou,MLI,MF,26,1996,2,1,34,0.4,0,0,0,0,0,0,1,0,0.0,0.0,0.0,0.0,0.0
GER-Bundesliga,2223,Hoffenheim,Eduardo Quaresma,POR,DF,20,2002,4,1,88,1.0,0,0,0,0,0,0,0,0,0.0,0.0,0.0,0.0,0.0
GER-Bundesliga,2223,Hoffenheim,Ermin Bičakčić,BIH,DF,32,1990,9,0,265,2.9,0,0,0,0,0,0,0,0,0.0,0.0,0.0,0.0,0.0
GER-Bundesliga,2223,Hoffenheim,Finn Ole Becker,GER,MF,22,2000,13,6,513,5.7,0,0,0,0,0,0,0,0,0.0,0.0,0.0,0.0,0.0
GER-Bundesliga,2223,Hoffenheim,Fisnik Asllani,KVX,FW,19,2002,8,0,167,1.9,0,0,0,0,0,0,0,0,0.0,0.0,0.0,0.0,0.0
GER-Bundesliga,2223,Hoffenheim,Georginio Rutter,FRA,FW,20,2002,15,11,1009,11.2,2,2,4,2,0,0,2,0,0.18,0.18,0.36,0.18,0.36
GER-Bundesliga,2223,Hoffenheim,Grischa Prömel,GER,MF,27,1995,18,17,1454,16.2,1,1,2,1,0,0,4,0,0.06,0.06,0.12,0.06,0.12
GER-Bundesliga,2223,Hoffenheim,Ihlas Bebou,TOG,"FW,MF",28,1994,19,17,1416,15.7,7,0,7,6,1,1,2,0,0.44,0.0,0.44,0.38,0.38
GER-Bundesliga,2223,Hoffenheim,Jacob Bruun Larsen,DEN,FW,23,1998,12,3,328,3.6,1,0,1,1,0,0,0,0,0.27,0.0,0.27,0.27,0.27
GER-Bundesliga,2223,Hoffenheim,John Brooks,USA,DF,29,1993,15,15,1350,15.0,0,0,0,0,0,0,4,0,0.0,0.0,0.0,0.0,0.0
GER-Bundesliga,2223,Hoffenheim,Joshua Quarshie,GER,DF,18,2004,1,0,1,0.0,0,0,0,0,0,0,0,0,0.0,0.0,0.0,0.0,0.0
GER-Bundesliga,2223,Hoffenheim,Kasper Dolberg,DEN,FW,24,1997,13,4,402,4.5,1,0,1,1,0,0,0,0,0.22,0.0,0.22,0.22,0.22
GER-Bundesliga,2223,Hoffenheim,Kevin Akpoguma,NGA,DF,27,1995,28,21,1950,21.7,0,0,0,0,0,0,11,0,0.0,0.0,0.0,0.0,0.0
GER-Bundesliga,2223,Hoffenheim,Kevin Vogt,GER,DF,30,1991,22,22,1775,19.7,0,0,0,0,0,0,8,0,0.0,0.0,0.0,0.0,0.0
GER-Bundesliga,2223,Hoffenheim,Moanes Dabbur,ISR,FW,30,1992,21,8,933,10.4,6,2,8,6,0,0,3,1,0.58,0.19,0.77,0.58,0.77
GER-Bundesliga,2223,Hoffenheim,Muhammed Damar,GER,MF,18,2004,6,1,159,1.8,0,0,0,0,0,0,0,0,0.0,0.0,0.0,0.0,0.0
GER-Bundesliga,2223,Hoffenheim,Oliver Baumann,GER,GK,32,1990,34,34,3060,34.0,0,0,0,0,0,0,2,0,0.0,0.0,0.0,0.0,0.0
GER-Bundesliga,2223,Hoffenheim,Ozan Kabak,TUR,DF,22,2000,30,28,2388,26.5,2,2,4,2,0,0,12,2,0.08,0.08,0.15,0.08,0.15
GER-Bundesliga,2223,Hoffenheim,Pavel Kadeřábek,CZE,MF,30,1992,26,17,1665,18.5,1,1,2,1,0,0,1,0,0.05,0.05,0.11,0.05,0.11
GER-Bundesliga,2223,Hoffenheim,Robert Skov,DEN,MF,26,1996,23,16,1349,15.0,3,2,5,1,2,2,1,0,0.2,0.13,0.33,0.07,0.2
GER-Bundesliga,2223,Hoffenheim,Sebastian Rudy,GER,MF,32,1990,22,6,794,8.8,0,1,1,0,0,0,3,0,0.0,0.11,0.11,0.0,0.11
GER-Bundesliga,2223,Hoffenheim,Stanley N'Soki,FRA,DF,23,1999,19,14,1286,14.3,1,0,1,1,0,0,2,1,0.07,0.0,0.07,0.07,0.07
GER-Bundesliga,2223,Hoffenheim,Stefan Posch,AUT,DF,25,1997,1,1,18,0.2,0,0,0,0,0,0,2,1,0.0,0.0,0.0,0.0,0.0
GER-Bundesliga,2223,Hoffenheim,Thomas Delaney,DEN,MF,30,1991,6,4,298,3.3,0,0,0,0,0,0,0,0,0.0,0.0,0.0,0.0,0.0
GER-Bundesliga,2223,Hoffenheim,Tom Bischof,GER,MF,17,2005,11,3,315,3.5,0,0,0,0,0,0,0,0,0.0,0.0,0.0,0.0,0.0
GER-Bundesliga,2223,Hoffenheim,Umut Tohumcu,GER,MF,17,2004,8,2,271,3.0,0,0,0,0,0,0,0,0,0.0,0.0,0.0,0.0,0.0
GER-Bundesliga,2223,Köln,Benno Schmitz,GER,DF,27,1994,31,30,2420,26.9,1,0,1,1,0,0,6,0,0.04,0.0,0.04,0.04,0.04
GER-Bundesliga,2223,Köln,Davie Selke,GER,FW,27,1995,17,12,869,9.7,5,0,5,5,0,0,2,0,0.52,0.0,0.52,0.52,0.52
GER-Bundesliga,2223,Köln,Dejan Ljubičić,AUT,MF,24,1997,27,20,1710,19.0,5,1,6,4,1,1,3,0,0.26,0.05,0.32,0.21,0.26
GER-Bundesliga,2223,Köln,Denis Huseinbasic,BIH,"MF,FW",21,2001,24,7,791,8.8,4,1,5,4,0,0,3,0,0.46,0.11,0.57,0.46,0.57
GER-Bundesliga,2223,Köln,Dimitris Limnios,GRE,"FW,MF",24,1998,2,0,39,0.4,0,0,0,0,0,0,0,0,0.0,0.0,0.0,0.0,0.0
GER-Bundesliga,2223,Köln,Ellyes Skhiri,TUN,MF,27,1995,32,32,2856,31.7,7,1,8,7,0,0,5,0,0.22,0.03,0.25,0.22,0.25
GER-Bundesliga,2223,Köln,Eric Martel,GER,MF,20,2002,29,23,2019,22.4,1,1,2,1,0,0,6,0,0.04,0.04,0.09,0.04,0.09
GER-Bundesliga,2223,Köln,Florian Dietz,GER,FW,23,1998,11,4,395,4.4,1,0,1,1,0,0,1,0,0.23,0.0,0.23,0.23,0.23
GER-Bundesliga,2223,Köln,Florian Kainz,AUT,MF,29,1992,32,31,2344,26.0,6,10,16,3,3,3,6,1,0.23,0.38,0.61,0.12,0.5
GER-Bundesliga,2223,Köln,Jan Thielmann,GER,"MF,FW",20,2002,23,6,869,9.7,2,2,4,2,0,0,5,0,0.21,0.21,0.41,0.21,0.41
GER-Bundesliga,2223,Köln,Jonas Hector,GER,DF,32,1990,32,32,2824,31.4,0,2,2,0,0,0,3,0,0.0,0.06,0.06,0.0,0.06
GER-Bundesliga,2223,Köln,Julian Chabot,GER,DF,24,1998,21,21,1803,20.0,0,2,2,0,0,0,3,0,0.0,0.1,0.1,0.0,0.1
GER-Bundesliga,2223,Köln,Justin Diehl,GER,MF,17,2004,2,0,17,0.2,0,0,0,0,0,0,0,0,0.0,0.0,0.0,0.0,0.0
GER-Bundesliga,2223,Köln,Kingsley Ehizibue,NED,DF,27,1995,1,1,61,0.7,0,0,0,0,0,0,0,0,0.0,0.0,0.0,0.0,0.0
GER-Bundesliga,2223,Köln,Kingsley Schindler,GHA,"MF,DF",29,1993,29,8,1088,12.1,0,1,1,0,0,0,4,0,0.0,0.08,0.08,0.0,0.08
GER-Bundesliga,2223,Köln,Kristian Pedersen,DEN,DF,27,1994,6,3,276,3.1,0,0,0,0,0,0,1,0,0.0,0.0,0.0,0.0,0.0
GER-Bundesliga,2223,Köln,Linton Maina,GER,"MF,FW",23,1999,33,27,2239,24.9,3,7,10,3,0,0,1,0,0.12,0.28,0.4,0.12,0.4
GER-Bundesliga,2223,Köln,Luca Kilian,GER,DF,22,1999,16,13,1123,12.5,1,0,1,1,0,0,5,2,0.08,0.0,0.08,0.08,0.08
GER-Bundesliga,2223,Köln,Mark Uth,GER,"FW,MF",30,1991,3,0,46,0.5,0,0,0,0,0,0,2,0,0.0,0.0,0.0,0.0,0.0
GER-Bundesliga,2223,Köln,Marvin Schwäbe,GER,GK,27,1995,34,34,3060,34.0,0,0,0,0,0,0,1,0,0.0,0.0,0.0,0.0,0.0
GER-Bundesliga,2223,Köln,Mathias Olesen,LUX,"MF,FW",21,2001,14,6,478,5.3,0,0,0,0,0,0,1,0,0.0,0.0,0.0,0.0,0.0
GER-Bundesliga,2223,Köln,Nikola Soldo,CRO,DF,21,2001,7,6,593,6.6,0,0,0,0,0,0,1,0,0.0,0.0,0.0,0.0,0.0
GER-Bundesliga,2223,Köln,Ondrej Duda,SVK,MF,27,1994,13,9,689,7.7,0,0,0,0,0,0,4,0,0.0,0.0,0.0,0.0,0.0
GER-Bundesliga,2223,Köln,Sargis Adamyan,ARM,FW,29,1993,24,4,644,7.2,1,2,3,1,0,0,3,0,0.14,0.28,0.42,0.14,0.42
GER-Bundesliga,2223,Köln,Steffen Tigges,GER,FW,24,1998,30,17,1596,17.7,6,1,7,6,0,0,1,0,0.34,0.06,0.39,0.34,0.39
GER-Bundesliga,2223,Köln,Tim Lemperle,GER,FW,20,2002,12,0,132,1.5,0,0,0,0,0,0,0,0,0.0,0.0,0.0,0.0,0.0
GER-Bundesliga,2223,Köln,Timo Hübers,GER,DF,26,1996,29,28,2559,28.4,3,0,3,3,0,0,8,0,0.11,0.0,0.11,0.11,0.11
GER-Bundesliga,2223,Leverkusen,Adam Hložek,CZE,"FW,MF",20,2002,29,16,1286,14.3,5,3,8,5,0,0,2,0,0.35,0.21,0.56,0.35,0.56
GER-Bundesliga,2223,Leverkusen,Amine Adli,MAR,"FW,MF",22,2000,26,16,1435,15.9,5,3,8,5,0,0,2,2,0.31,0.19,0.5,0.31,0.5
GER-Bundesliga,2223,Leverkusen,Andrey Lunyov,RUS,GK,30,1991,1,1,90,1.0,0,0,0,0,0,0,0,0,0.0,0.0,0.0,0.0,0.0
GER-Bundesliga,2223,Leverkusen,Ayman Azhil,MAR,MF,21,2001,1,0,1,0.0,0,0,0,0,0,0,0,0,0.0,0.0,0.0,0.0,0.0
GER-Bundesliga,2223,Leverkusen,Callum Hudson-Odoi,ENG,"MF,FW",21,2000,14,7,605,6.7,0,1,1,0,0,0,0,0,0.0,0.15,0.15,0.0,0.15
GER-Bundesliga,2223,Leverkusen,Charles Aránguiz,CHI,MF,33,1989,10,4,493,5.5,1,0,1,1,0,0,1,0,0.18,0.0,0.18,0.18,0.18
GER-Bundesliga,2223,Leverkusen,Daley Sinkgraven,NED,"MF,DF",27,1995,12,4,344,3.8,0,2,2,0,0,0,1,0,0.0,0.52,0.52,0.0,0.52
GER-Bundesliga,2223,Leverkusen,Edmond Tapsoba,BFA,DF,23,1999,33,32,2871,31.9,1,0,1,0,1,2,5,0,0.03,0.0,0.03,0.0,0.0
GER-Bundesliga,2223,Leverkusen,Exequiel Palacios,ARG,MF,23,1998,25,19,1654,18.4,4,2,6,1,3,3,4,0,0.22,0.11,0.33,0.05,0.16
GER-Bundesliga,2223,Leverkusen,Florian Wirtz,GER,"FW,MF",19,2003,17,11,1090,12.1,1,6,7,1,0,0,4,0,0.08,0.5,0.58,0.08,0.58
GER-Bundesliga,2223,Leverkusen,Jeremie Frimpong,NED,"MF,DF",21,2000,34,32,2708,30.1,8,7,15,8,0,0,4,0,0.27,0.23,0.5,0.27,0.5
GER-Bundesliga,2223,Leverkusen,Joel Pohjanpalo,FIN,FW,27,1994,1,0,4,0.0,0,0,0,0,0,0,0,0,0.0,0.0,0.0,0.0,0.0
GER-Bundesliga,2223,Leverkusen,Jonathan Tah,GER,DF,26,1996,33,28,2487,27.6,1,0,1,1,0,0,6,0,0.04,0.0,0.04,0.04,0.04
GER-Bundesliga,2223,Leverkusen,Karim Bellarabi,GER,MF,32,1990,8,1,85,0.9,0,0,0,0,0,0,0,0,0.0,0.0,0.0,0.0,0.0
GER-Bundesliga,2223,Leverkusen,Kerem Demirbay,GER,MF,29,1993,25,17,1544,17.2,4,3,7,4,0,0,5,0,0.23,0.17,0.41,0.23,0.41
GER-Bundesliga,2223,Leverkusen,Lukáš Hrádecký,FIN,GK,32,1989,33,33,2969,33.0,0,0,0,0,0,0,0,1,0.0,0.0,0.0,0.0,0.0
GER-Bundesliga,2223,Leverkusen,Mitchel Bakker,NED,"MF,DF",22,2000,28,19,1659,18.4,3,2,5,3,0,0,6,1,0.16,0.11,0.27,0.16,0.27
GER-Bundesliga,2223,Leverkusen,Moussa Diaby,FRA,"FW,MF",23,1999,33,33,2699,30.0,9,8,17,9,0,1,4,0,0.3,0.27,0.57,0.3,0.57
GER-Bundesliga,2223,Leverkusen,Nadiem Amiri,GER,"MF,FW",25,1996,25,9,977,10.9,4,1,5,3,1,1,6,0,0.37,0.09,0.46,0.28,0.37
GER-Bundesliga,2223,Leverkusen,Noah Mbamba,BEL,MF,17,2005,1,0,1,0.0,0,0,0,0,0,0,0,0,0.0,0.0,0.0,0.0,0.0
GER-Bundesliga,2223,Leverkusen,Odilon Kossounou,CIV,DF,21,2001,24,17,1523,16.9,0,1,1,0,0,0,3,0,0.0,0.06,0.06,0.0,0.06
GER-Bundesliga,2223,Leverkusen,Patrik Schick,CZE,FW,26,1996,14,10,941,10.5,3,1,4,3,0,0,0,0,0.29,0.1,0.38,0.29,0.38
GER-Bundesliga,2223,Leverkusen,Paulinho,BRA,FW,22,2000,4,1,82,0.9,1,0,1,1,0,0,0,0,1.1,0.0,1.1,1.1,1.1
GER-Bundesliga,2223,Leverkusen,Piero Hincapié,ECU,"DF,MF",20,2002,30,27,2457,27.3,1,1,2,1,0,0,13,3,0.04,0.04,0.07,0.04,0.07
GER-Bundesliga,2223,Leverkusen,Robert Andrich,GER,MF,27,1994,29,28,2406,26.7,2,2,4,2,0,0,7,0,0.07,0.07,0.15,0.07,0.15
GER-Bundesliga,2223,Leverkusen,Sardar Azmoun,IRN,"FW,MF",27,1995,23,8,927,10.3,4,1,5,4,0,0,1,0,0.39,0.1,0.49,0.39,0.49
GER-Bundesliga,2223,Leverkusen,Timothy Fosu-Mensah,NED,MF,24,1998,11,1,191,2.1,0,0,0,0,0,0,1,0,0.0,0.0,0.0,0.0,0.0
GER-Bundesliga,2223,Mainz 05,Aarón Martín,ESP,"MF,DF",25,1997,28,20,1847,20.5,5,3,8,5,0,1,3,0,0.24,0.15,0.39,0.24,0.39
GER-Bundesliga,2223,Mainz 05,Alexander Hack,GER,DF,28,1993,19,14,1132,12.6,0,0,0,0,0,0,2,1,0.0,0.0,0.0,0.0,0.0
GER-Bundesliga,2223,Mainz 05,Andreas Hanche-Olsen,NOR,DF,25,1997,17,17,1497,16.6,1,3,4,1,0,0,5,0,0.06,0.18,0.24,0.06,0.24
GER-Bundesliga,2223,Mainz 05,Angelo Fulgini,NCL,MF,25,1996,16,5,525,5.8,0,1,1,0,0,0,1,0,0.0,0.17,0.17,0.0,0.17
GER-Bundesliga,2223,Mainz 05,Anthony Caci,FRA,"MF,DF",25,1997,31,23,2033,22.6,2,1,3,2,0,0,4,0,0.09,0.04,0.13,0.09,0.13
GER-Bundesliga,2223,Mainz 05,Anton Stach,GER,MF,23,1998,30,22,2070,23.0,1,4,5,1,0,0,4,0,0.04,0.17,0.22,0.04,0.22
GER-Bundesliga,2223,Mainz 05,Aymen Barkok,MAR,MF,24,1998,23,3,584,6.5,0,1,1,0,0,0,1,0,0.0,0.15,0.15,0.0,0.15
GER-Bundesliga,2223,Mainz 05,Brajan Gruda,GER,MF,18,2004,2,0,4,0.0,0,0,0,0,0,0,0,0,0.0,0.0,0.0,0.0,0.0
GER-Bundesliga,2223,Mainz 05,Danny da Costa,GER,MF,29,1993,23,14,1236,13.7,0,2,2,0,0,0,0,0,0.0,0.15,0.15,0.0,0.15
GER-Bundesliga,2223,Mainz 05,Delano Burgzorg,SUR,"FW,MF",23,1998,13,0,244,2.7,0,1,1,0,0,0,2,0,0.0,0.37,0.37,0.0,0.37
GER-Bundesliga,2223,Mainz 05,Dominik Kohr,GER,MF,28,1994,30,27,2292,25.5,3,0,3,3,0,0,11,0,0.12,0.0,0.12,0.12,0.12
GER-Bundesliga,2223,Mainz 05,Edimilson Fernandes,SUI,DF,26,1996,32,28,2437,27.1,0,3,3,0,0,0,4,0,0.0,0.11,0.11,0.0,0.11
GER-Bundesliga,2223,Mainz 05,Eniss Shabani,ALB,MF,19,2003,1,0,10,0.1,0,0,0,0,0,0,1,0,0.0,0.0,0.0,0.0,0.0
GER-Bundesliga,2223,Mainz 05,Finn Dahmen,GER,GK,24,1998,8,8,720,8.0,0,0,0,0,0,0,0,0,0.0,0.0,0.0,0.0,0.0
GER-Bundesliga,2223,Mainz 05,Jonathan Burkardt,GER,"MF,FW",22,2000,11,7,533,5.9,1,2,3,1,0,1,2,0,0.17,0.34,0.51,0.17,0.51
GER-Bundesliga,2223,Mainz 05,Karim Onisiwo,AUT,"FW,MF",30,1992,31,28,2539,28.2,10,2,12,10,0,0,4,0,0.35,0.07,0.43,0.35,0.43
GER-Bundesliga,2223,Mainz 05,Leandro Barreiro Martins,LUX,MF,22,2000,31,25,2141,23.8,4,3,7,4,0,0,5,0,0.17,0.13,0.29,0.17,0.29
GER-Bundesliga,2223,Mainz 05,Lee Jae-sung,KOR,MF,29,1992,34,24,1894,21.0,7,5,12,7,0,0,2,0,0.33,0.24,0.57,0.33,0.57
GER-Bundesliga,2223,Mainz 05,Ludovic Ajorque,FRA,"FW,MF",28,1994,17,15,1211,13.5,6,1,7,6,0,0,5,0,0.45,0.07,0.52,0.45,0.52
GER-Bundesliga,2223,Mainz 05,Marcus Ingvartsen,DEN,"MF,FW",26,1996,28,16,1314,14.6,10,0,10,6,4,4,2,0,0.68,0.0,0.68,0.41,0.41
GER-Bundesliga,2223,Mainz 05,Marlon Mustapha,AUT,FW,21,2001,6,0,69,0.8,0,0,0,0,0,0,1,0,0.0,0.0,0.0,0.0,0.0
GER-Bundesliga,2223,Mainz 05,Maxim Leitsch,GER,DF,24,1998,9,7,663,7.4,0,0,0,0,0,0,0,0,0.0,0.0,0.0,0.0,0.0
GER-Bundesliga,2223,Mainz 05,Nelson Weiper,GER,FW,17,2005,9,0,99,1.1,2,0,2,2,0,0,0,0,1.82,0.0,1.82,1.82,1.82
GER-Bundesliga,2223,Mainz 05,Niklas Tauer,GER,FW,21,2001,3,0,93,1.0,0,0,0,0,0,0,0,0,0.0,0.0,0.0,0.0,0.0
GER-Bundesliga,2223,Mainz 05,Robin Zentner,GER,GK,27,1994,26,26,2340,26.0,0,0,0,0,0,0,1,0,0.0,0.0,0.0,0.0,0.0
GER-Bundesliga,2223,Mainz 05,Silvan Widmer,SUI,"MF,DF",29,1993,26,19,1688,18.8,2,2,4,2,0,0,0,0,0.11,0.11,0.21,0.11,0.21
GER-Bundesliga,2223,Mainz 05,Stefan Bell,GER,DF,30,1991,30,26,2395,26.6,0,1,1,0,0,0,9,0,0.0,0.04,0.04,0.0,0.04
GER-Bundesliga,2223,RB Leipzig,Abdou Diallo,SEN,"DF,MF",26,1996,8,5,478,5.3,1,0,1,1,0,0,2,0,0.19,0.0,0.19,0.19,0.19
GER-Bundesliga,2223,RB Leipzig,Alexander Sørloth,NOR,FW,26,1995,1,0,6,0.1,0,0,0,0,0,0,1,0,0.0,0.0,0.0,0.0,0.0
GER-Bundesliga,2223,RB Leipzig,Amadou Haidara,MLI,MF,24,1998,31,15,1430,15.9,2,1,3,2,0,0,7,0,0.13,0.06,0.19,0.13,0.19
GER-Bundesliga,2223,RB Leipzig,André Silva,POR,FW,26,1995,31,20,1738,19.3,4,3,7,4,0,0,3,0,0.21,0.16,0.36,0.21,0.36
GER-Bundesliga,2223,RB Leipzig,Benjamin Henrichs,GER,"DF,MF",25,1997,30,23,2188,24.3,2,2,4,2,0,0,8,0,0.08,0.08,0.16,0.08,0.16
GER-Bundesliga,2223,RB Leipzig,Christopher Nkunku,FRA,"FW,MF",24,1997,25,20,1897,21.1,16,4,20,13,3,4,4,0,0.76,0.19,0.95,0.62,0.81
GER-Bundesliga,2223,RB Leipzig,Dani Olmo,ESP,MF,24,1998,23,15,1282,14.2,2,5,7,2,0,0,2,0,0.14,0.35,0.49,0.14,0.49
GER-Bundesliga,2223,RB Leipzig,David Raum,GER,"MF,DF",24,1998,28,19,1685,18.7,0,2,2,0,0,0,5,0,0.0,0.11,0.11,0.0,0.11
GER-Bundesliga,2223,RB Leipzig,Dominik Szoboszlai,HUN,"MF,FW",21,2000,31,28,2444,27.2,6,8,14,5,1,1,5,2,0.22,0.29,0.52,0.18,0.48
GER-Bundesliga,2223,RB Leipzig,Emil Forsberg,SWE,"MF,FW",30,1991,30,16,1482,16.5,6,4,10,4,2,2,2,0,0.36,0.24,0.61,0.24,0.49
GER-Bundesliga,2223,RB Leipzig,Hugo Novoa,ESP,MF,19,2003,7,2,184,2.0,1,0,1,1,0,0,0,0,0.49,0.0,0.49,0.49,0.49
GER-Bundesliga,2223,RB Leipzig,Janis Blaswich,GER,GK,31,1991,26,26,2340,26.0,0,0,0,0,0,0,0,0,0.0,0.0,0.0,0.0,0.0
GER-Bundesliga,2223,RB Leipzig,Joško Gvardiol,CRO,DF,20,2002,30,24,2170,24.1,1,0,1,1,0,0,2,0,0.04,0.0,0.04,0.04,0.04
GER-Bundesliga,2223,RB Leipzig,Kevin Kampl,SVN,MF,31,1990,30,16,1372,15.2,2,2,4,2,0,0,8,0,0.13,0.13,0.26,0.13,0.26
GER-Bundesliga,2223,RB Leipzig,Konrad Laimer,AUT,MF,25,1997,21,17,1468,16.3,3,0,3,3,0,0,8,0,0.18,0.0,0.18,0.18,0.18
GER-Bundesliga,2223,RB Leipzig,Lukas Klostermann,GER,DF,26,1996,15,10,907,10.1,0,0,0,0,0,0,0,0,0.0,0.0,0.0,0.0,0.0
GER-Bundesliga,2223,RB Leipzig,Marcel Halstenberg,GER,"DF,MF",30,1991,31,17,1557,17.3,1,1,2,1,0,0,2,0,0.06,0.06,0.12,0.06,0.12
GER-Bundesliga,2223,RB Leipzig,Mohamed Simakan,FRA,DF,22,2000,24,18,1454,16.2,1,1,2,1,0,0,2,0,0.06,0.06,0.12,0.06,0.12
GER-Bundesliga,2223,RB Leipzig,Péter Gulácsi,HUN,GK,32,1990,6,6,540,6.0,0,0,0,0,0,0,0,0,0.0,0.0,0.0,0.0,0.0
GER-Bundesliga,2223,RB Leipzig,Sanoussy Ba,GER,FW,18,2004,1,0,1,0.0,0,0,0,0,0,0,0,0,0.0,0.0,0.0,0.0,0.0
GER-Bundesliga,2223,RB Leipzig,Timo Werner,GER,"FW,MF",26,1996,27,23,1937,21.5,9,3,12,9,0,0,2,0,0.42,0.14,0.56,0.42,0.56
GER-Bundesliga,2223,RB Leipzig,Willi Orban,HUN,DF,29,1992,33,33,2951,32.8,4,0,4,4,0,0,3,0,0.12,0.0,0.12,0.12,0.12
GER-Bundesliga,2223,RB Leipzig,Xaver Schlager,AUT,MF,24,1997,22,16,1506,16.7,1,1,2,1,0,0,2,0,0.06,0.06,0.12,0.06,0.12
GER-Bundesliga,2223,RB Leipzig,Yussuf Poulsen,DEN,FW,28,1994,19,3,411,4.6,2,1,3,2,0,0,1,0,0.44,0.22,0.66,0.44,0.66
GER-Bundesliga,2223,RB Leipzig,Ørjan Nyland,NOR,GK,31,1990,2,2,180,2.0,0,1,1,0,0,0,0,0,0.0,0.5,0.5,0.0,0.5
GER-Bundesliga,2223,Schalke 04,Alex Král,CZE,MF,24,1998,29,26,2357,26.2,0,0,0,0,0,0,3,0,0.0,0.0,0.0,0.0,0.0
GER-Bundesliga,2223,Schalke 04,Alexander Schwolow,GER,GK,30,1992,23,22,2035,22.6,0,0,0,0,0,0,1,0,0.0,0.0,0.0,0.0,0.0
GER-Bundesliga,2223,Schalke 04,Andreas Ivan,ROU,MF,27,1995,1,0,46,0.5,0,0,0,0,0,0,0,0,0.0,0.0,0.0,0.0,0.0
GER-Bundesliga,2223,Schalke 04,Cédric Brunner,SUI,DF,28,1994,28,28,2315,25.7,0,0,0,0,0,0,5,0,0.0,0.0,0.0,0.0,0.0
GER-Bundesliga,2223,Schalke 04,Danny Latza,GER,MF,32,1989,20,8,853,9.5,0,1,1,0,0,0,2,0,0.0,0.11,0.11,0.0,0.11
GER-Bundesliga,2223,Schalke 04,Dominick Drexler,GER,MF,32,1990,27,16,1366,15.2,4,3,7,4,0,0,3,1,0.26,0.2,0.46,0.26,0.46
GER-Bundesliga,2223,Schalke 04,Florent Mollet,FRA,MF,30,1991,9,4,410,4.6,1,0,1,1,0,0,1,0,0.22,0.0,0.22,0.22,0.22
GER-Bundesliga,2223,Schalke 04,Florian Flick,GER,MF,22,2000,8,5,512,5.7,0,0,0,0,0,0,1,0,0.0,0.0,0.0,0.0,0.0
GER-Bundesliga,2223,Schalke 04,Henning Matriciani,GER,DF,22,2000,22,22,1863,20.7,0,0,0,0,0,0,1,0,0.0,0.0,0.0,0.0,0.0
GER-Bundesliga,2223,Schalke 04,Jere Uronen,FIN,DF,28,1994,11,9,676,7.5,0,0,0,0,0,0,2,0,0.0,0.0,0.0,0.0,0.0
GER-Bundesliga,2223,Schalke 04,Jordan Larsson,SWE,MF,25,1997,11,5,463,5.1,0,0,0,0,0,0,0,0,0.0,0.0,0.0,0.0,0.0
GER-Bundesliga,2223,Schalke 04,Keke Topp,GER,FW,18,2004,1,0,20,0.2,0,0,0,0,0,0,0,0,0.0,0.0,0.0,0.0,0.0
GER-Bundesliga,2223,Schalke 04,Kenan Karaman,TUR,"MF,FW",28,1994,21,10,976,10.8,1,2,3,1,0,0,2,0,0.09,0.18,0.28,0.09,0.28
GER-Bundesliga,2223,Schalke 04,Kerim Calhanoglu,GER,DF,19,2002,3,0,63,0.7,0,0,0,0,0,0,0,0,0.0,0.0,0.0,0.0,0.0
GER-Bundesliga,2223,Schalke 04,Leo Greiml,AUT,DF,21,2001,7,3,358,4.0,0,0,0,0,0,0,2,0,0.0,0.0,0.0,0.0,0.0
GER-Bundesliga,2223,Schalke 04,Malick Thiaw,GER,DF,20,2001,3,3,270,3.0,0,0,0,0,0,0,2,0,0.0,0.0,0.0,0.0,0.0
GER-Bundesliga,2223,Schalke 04,Marcin Kamiński,POL,DF,30,1992,8,7,632,7.0,2,0,2,2,0,0,0,0,0.28,0.0,0.28,0.28,0.28
GER-Bundesliga,2223,Schalke 04,Marius Bülter,GER,"MF,FW",29,1993,33,30,2598,28.9,11,1,12,7,4,4,5,0,0.38,0.03,0.42,0.24,0.28
GER-Bundesliga,2223,Schalke 04,Maya Yoshida,JPN,DF,33,1988,29,28,2553,28.4,0,0,0,0,0,0,4,0,0.0,0.0,0.0,0.0,0.0
GER-Bundesliga,2223,Schalke 04,Mehmet Aydin,GER,"MF,DF",20,2002,16,3,567,6.3,0,0,0,0,0,0,0,0,0.0,0.0,0.0,0.0,0.0
GER-Bundesliga,2223,Schalke 04,Michael Frey,SUI,FW,28,1994,15,10,868,9.6,0,3,3,0,0,0,2,0,0.0,0.31,0.31,0.0,0.31
GER-Bundesliga,2223,Schalke 04,Moritz Jenz,GER,DF,23,1999,11,11,945,10.5,0,0,0,0,0,0,5,0,0.0,0.0,0.0,0.0,0.0
GER-Bundesliga,2223,Schalke 04,Ralf Fährmann,GER,GK,33,1988,12,12,1025,11.4,0,0,0,0,0,0,0,0,0.0,0.0,0.0,0.0,0.0
GER-Bundesliga,2223,Schalke 04,Rodrigo Zalazar,URU,"MF,FW",22,1999,22,15,1321,14.7,1,6,7,1,0,0,4,0,0.07,0.41,0.48,0.07,0.48
GER-Bundesliga,2223,Schalke 04,Sebastian Polter,GER,FW,31,1991,19,5,630,7.0,2,3,5,2,0,0,3,0,0.29,0.43,0.71,0.29,0.71
GER-Bundesliga,2223,Schalke 04,Sepp van den Berg,NED,DF,20,2001,9,8,696,7.7,1,0,1,1,0,0,2,0,0.13,0.0,0.13,0.13,0.13
GER-Bundesliga,2223,Schalke 04,Sidi Sané,GER,MF,19,2003,1,0,25,0.3,0,0,0,0,0,0,0,0,0.0,0.0,0.0,0.0,0.0
GER-Bundesliga,2223,Schalke 04,Simon Terodde,GER,FW,34,1988,32,21,1823,20.3,5,0,5,5,0,1,5,0,0.25,0.0,0.25,0.25,0.25
GER-Bundesliga,2223,Schalke 04,Soichiro Kozuki,JPN,MF,21,2000,5,5,379,4.2,1,0,1,1,0,0,1,0,0.24,0.0,0.24,0.24,0.24
GER-Bundesliga,2223,Schalke 04,Thomas Ouwejan,NED,"DF,MF",25,1996,17,10,903,10.0,0,1,1,0,0,0,1,0,0.0,0.1,0.1,0.0,0.1
GER-Bundesliga,2223,Schalke 04,Tim Skarke,GER,MF,25,1996,9,6,440,4.9,1,1,2,1,0,0,0,0,0.2,0.2,0.41,0.2,0.41
GER-Bundesliga,2223,Schalke 04,Timothée Kolodziejczak,FRA,DF,30,1991,1,0,25,0.3,0,0,0,0,0,0,0,0,0.0,0.0,0.0,0.0,0.0
GER-Bundesliga,2223,Schalke 04,Tobias Mohr,GER,"DF,MF",26,1995,18,8,839,9.3,0,3,3,0,0,0,0,0,0.0,0.32,0.32,0.0,0.32
GER-Bundesliga,2223,Schalke 04,Tom Krauß,GER,MF,21,2001,32,31,2514,27.9,2,0,2,2,0,0,8,0,0.07,0.0,0.07,0.07,0.07
GER-Bundesliga,2223,Schalke 04,Éder Álvarez Balanta,COL,MF,29,1993,6,3,238,2.6,0,0,0,0,0,0,3,0,0.0,0.0,0.0,0.0,0.0
GER-Bundesliga,2223,Stuttgart,Alou Kuol,AUS,FW,21,2000,1,0,5,0.1,0,0,0,0,0,0,0,0,0.0,0.0,0.0,0.0,0.0
GER-Bundesliga,2223,Stuttgart,Atakan Karazor,TUR,MF,25,1996,29,22,1962,21.8,0,1,1,0,0,0,10,0,0.0,0.05,0.05,0.0,0.05
GER-Bundesliga,2223,Stuttgart,Borna Sosa,CRO,"MF,DF",24,1998,25,22,1955,21.7,2,7,9,2,0,0,5,0,0.09,0.32,0.41,0.09,0.41
GER-Bundesliga,2223,Stuttgart,Chris Führich,GER,"MF,FW",24,1998,33,21,1884,20.9,5,2,7,4,1,1,2,0,0.24,0.1,0.33,0.19,0.29
GER-Bundesliga,2223,Stuttgart,Clinton Mola,ENG,"DF,MF",21,2001,1,0,15,0.2,0,0,0,0,0,0,1,0,0.0,0.0,0.0,0.0,0.0
GER-Bundesliga,2223,Stuttgart,Dan-Axel Zagadou,FRA,DF,23,1999,17,14,1271,14.1,0,0,0,0,0,0,3,0,0.0,0.0,0.0,0.0,0.0
GER-Bundesliga,2223,Stuttgart,Darko Churlinov,MKD,"FW,MF",22,2000,1,0,27,0.3,0,0,0,0,0,0,0,0,0.0,0.0,0.0,0.0,0.0
GER-Bundesliga,2223,Stuttgart,Enzo Millot,FRA,MF,20,2002,23,9,890,9.9,0,1,1,0,0,0,3,0,0.0,0.1,0.1,0.0,0.1
GER-Bundesliga,2223,Stuttgart,Fabian Bredlow,GER,GK,27,1995,15,15,1350,15.0,0,0,0,0,0,0,2,0,0.0,0.0,0.0,0.0,0.0
GER-Bundesliga,2223,Stuttgart,Florian Müller,GER,GK,24,1997,19,19,1710,19.0,0,0,0,0,0,0,0,0,0.0,0.0,0.0,0.0,0.0
GER-Bundesliga,2223,Stuttgart,Genki Haraguchi,JPN,MF,31,1991,11,9,748,8.3,0,2,2,0,0,0,1,0,0.0,0.24,0.24,0.0,0.24
GER-Bundesliga,2223,Stuttgart,Gil Bastião Dias,POR,FW,25,1996,7,6,398,4.4,1,0,1,1,0,0,0,0,0.23,0.0,0.23,0.23,0.23
GER-Bundesliga,2223,Stuttgart,Hiroki Ito,JPN,DF,23,1999,30,29,2561,28.5,1,1,2,1,0,0,5,0,0.04,0.04,0.07,0.04,0.07
GER-Bundesliga,2223,Stuttgart,Josha Vagnoman,GER,"MF,DF",21,2000,23,16,1479,16.4,2,2,4,2,0,0,3,1,0.12,0.12,0.24,0.12,0.24
GER-Bundesliga,2223,Stuttgart,Juan Perea,COL,FW,22,2000,16,3,418,4.6,1,0,1,1,0,0,0,0,0.22,0.0,0.22,0.22,0.22
GER-Bundesliga,2223,Stuttgart,Konstantinos Mavropanos,GRE,DF,24,1997,28,26,2286,25.4,2,1,3,2,0,0,9,1,0.08,0.04,0.12,0.08,0.12
GER-Bundesliga,2223,Stuttgart,Lauren Ulrich,GER,MF,17,2005,1,0,6,0.1,0,0,0,0,0,0,0,0,0.0,0.0,0.0,0.0,0.0
GER-Bundesliga,2223,Stuttgart,Lilian Egloff,GER,"MF,FW",19,2002,10,2,241,2.7,0,0,0,0,0,0,1,0,0.0,0.0,0.0,0.0,0.0
GER-Bundesliga,2223,Stuttgart,Luca Pfeiffer,GER,FW,25,1996,19,6,701,7.8,0,0,0,0,0,0,1,1,0.0,0.0,0.0,0.0,0.0
GER-Bundesliga,2223,Stuttgart,Naouirou Ahamada,FRA,MF,20,2002,17,17,1398,15.5,2,2,4,2,0,0,4,1,0.13,0.13,0.26,0.13,0.26
GER-Bundesliga,2223,Stuttgart,Nikolas Nartey,DEN,"DF,MF",22,2000,9,5,473,5.3,0,0,0,0,0,0,1,0,0.0,0.0,0.0,0.0,0.0
GER-Bundesliga,2223,Stuttgart,Pascal Stenzel,GER,DF,26,1996,12,3,333,3.7,0,1,1,0,0,0,0,0,0.0,0.27,0.27,0.0,0.27
GER-Bundesliga,2223,Stuttgart,Saša Kalajdžić,AUT,FW,25,1997,3,3,233,2.6,0,3,3,0,0,0,1,0,0.0,1.16,1.16,0.0,1.16
GER-Bundesliga,2223,Stuttgart,Serhou Guirassy,GUI,FW,26,1996,22,20,1646,18.3,11,0,11,9,2,2,4,1,0.6,0.0,0.6,0.49,0.49
GER-Bundesliga,2223,Stuttgart,Silas Katompa,COD,"FW,MF",23,1998,30,23,1992,22.1,5,2,7,4,1,1,4,0,0.23,0.09,0.32,0.18,0.27
GER-Bundesliga,2223,Stuttgart,Tanguy Coulibaly,FRA,MF,21,2001,14,0,326,3.6,4,0,4,3,1,1,3,0,1.1,0.0,1.1,0.83,0.83
GER-Bundesliga,2223,Stuttgart,Thomas Kastanaras,GRE,MF,19,2003,4,1,72,0.8,0,0,0,0,0,0,0,0,0.0,0.0,0.0,0.0,0.0
GER-Bundesliga,2223,Stuttgart,Tiago Tomás,POR,"FW,MF",20,2002,27,16,1291,14.3,3,3,6,3,0,0,2,0,0.21,0.21,0.42,0.21,0.42
GER-Bundesliga,2223,Stuttgart,Waldemar Anton,GER,DF,26,1996,34,34,2934,32.6,1,2,3,1,0,0,4,0,0.03,0.06,0.09,0.03,0.09
GER-Bundesliga,2223,Stuttgart,Wataru Endo,JPN,MF,29,1993,33,33,2922,32.5,5,4,9,5,0,0,3,0,0.15,0.12,0.28,0.15,0.28
GER-Bundesliga,2223,Union Berlin,András Schäfer,HUN,MF,23,1999,16,10,860,9.6,0,0,0,0,0,0,0,0,0.0,0.0,0.0,0.0,0.0
GER-Bundesliga,2223,Union Berlin,Aïssa Laïdouni,TUN,MF,25,1996,14,11,871,9.7,2,0,2,2,0,0,4,0,0.21,0.0,0.21,0.21,0.21
GER-Bundesliga,2223,Union Berlin,Christopher Trimmel,AUT,MF,35,1987,25,20,1811,20.1,0,6,6,0,0,0,1,0,0.0,0.3,0.3,0.0,0.3
GER-Bundesliga,2223,Union Berlin,Danilho Doekhi,NED,DF,24,1998,25,25,2216,24.6,5,1,6,5,0,0,0,0,0.2,0.04,0.24,0.2,0.24
GER-Bundesliga,2223,Union Berlin,Diogo Leite,POR,DF,23,1999,28,26,2254,25.0,0,1,1,0,0,0,6,1,0.0,0.04,0.04,0.0,0.04
GER-Bundesliga,2223,Union Berlin,Frederik Rønnow,DEN,GK,29,1992,29,29,2610,29.0,0,1,1,0,0,0,2,0,0.0,0.03,0.03,0.0,0.03
GER-Bundesliga,2223,Union Berlin,Genki Haraguchi,JPN,MF,31,1991,11,6,498,5.5,0,0,0,0,0,0,0,0,0.0,0.0,0.0,0.0,0.0
GER-Bundesliga,2223,Union Berlin,Jamie Leweling,GER,"FW,MF",21,2001,16,0,265,2.9,1,1,2,1,0,0,1,0,0.34,0.34,0.68,0.34,0.68
GER-Bundesliga,2223,Union Berlin,Janik Haberer,GER,MF,28,1994,32,30,2187,24.3,5,1,6,5,0,0,1,0,0.21,0.04,0.25,0.21,0.25
GER-Bundesliga,2223,Union Berlin,Jordan Pefok,USA,FW,26,1996,31,16,1358,15.1,4,4,8,4,0,2,3,0,0.27,0.27,0.53,0.27,0.53
GER-Bundesliga,2223,Union Berlin,Josip Juranović,CRO,MF,26,1995,12,10,935,10.4,2,1,3,1,1,1,0,0,0.19,0.1,0.29,0.1,0.19
GER-Bundesliga,2223,Union Berlin,Julian Ryerson,NOR,MF,24,1997,13,12,1037,11.5,0,0,0,0,0,0,2,0,0.0,0.0,0.0,0.0,0.0
GER-Bundesliga,2223,Union Berlin,Jérôme Roussillon,GLP,MF,29,1993,16,11,957,10.6,0,2,2,0,0,0,2,0,0.0,0.19,0.19,0.0,0.19
GER-Bundesliga,2223,Union Berlin,Kevin Behrens,GER,FW,31,1991,33,17,1535,17.1,8,1,9,8,0,0,6,0,0.47,0.06,0.53,0.47,0.53
GER-Bundesliga,2223,Union Berlin,Lennart Grill,GER,GK,23,1999,5,5,450,5.0,0,0,0,0,0,0,0,0,0.0,0.0,0.0,0.0,0.0
GER-Bundesliga,2223,Union Berlin,Levin Öztunalı,GER,"FW,MF",26,1996,2,0,9,0.1,0,1,1,0,0,0,0,0,0.0,10.0,10.0,0.0,10.0
GER-Bundesliga,2223,Union Berlin,Miloš Pantović,SRB,"FW,MF",26,1996,13,0,206,2.3,1,0,1,1,0,1,1,0,0.44,0.0,0.44,0.44,0.44
GER-Bundesliga,2223,Union Berlin,Morten Thorsby,NOR,MF,26,1996,24,8,833,9.3,1,1,2,1,0,0,3,0,0.11,0.11,0.22,0.11,0.22
GER-Bundesliga,2223,Union Berlin,Niko Gießelmann,GER,MF,30,1991,26,14,1302,14.5,0,2,2,0,0,0,4,0,0.0,0.14,0.14,0.0,0.14
GER-Bundesliga,2223,Union Berlin,Paul Jaeckel,GER,DF,24,1998,16,13,1196,13.3,1,0,1,1,0,0,4,1,0.08,0.0,0.08,0.08,0.08
GER-Bundesliga,2223,Union Berlin,Paul Seguin,GER,MF,27,1995,20,4,691,7.7,1,3,4,1,0,0,4,0,0.13,0.39,0.52,0.13,0.52
GER-Bundesliga,2223,Union Berlin,Rani Khedira,TUN,MF,28,1994,33,33,2882,32.0,2,0,2,2,0,0,8,0,0.06,0.0,0.06,0.06,0.06
GER-Bundesliga,2223,Union Berlin,Robin Knoche,GER,DF,30,1992,32,32,2873,31.9,2,3,5,1,1,2,4,0,0.06,0.09,0.16,0.03,0.13
GER-Bundesliga,2223,Union Berlin,Sheraldo Becker,SUR,FW,27,1995,34,33,2554,28.4,11,7,18,11,0,0,4,0,0.39,0.25,0.63,0.39,0.63
GER-Bundesliga,2223,Union Berlin,Sven Michel,GER,FW,32,1990,21,2,495,5.5,3,1,4,2,1,1,2,0,0.55,0.18,0.73,0.36,0.55
GER-Bundesliga,2223,Union Berlin,Tim Skarke,GER,"FW,MF",25,1996,3,0,53,0.6,0,0,0,0,0,0,1,0,0.0,0.0,0.0,0.0,0.0
GER-Bundesliga,2223,Union Berlin,Timo Baumgartl,GER,DF,26,1996,8,6,562,6.2,0,1,1,0,0,0,2,0,0.0,0.16,0.16,0.0,0.16
GER-Bundesliga,2223,Union Berlin,Tymoteusz Puchacz,POL,MF,23,1999,1,1,58,0.6,0,0,0,0,0,0,0,0,0.0,0.0,0.0,0.0,0.0
GER-Bundesliga,2223,Werder Bremen,Amos Pieper,GER,DF,24,1998,29,22,1957,21.7,2,1,3,2,0,0,9,0,0.09,0.05,0.14,0.09,0.14
GER-Bundesliga,2223,Werder Bremen,Anthony Jung,GER,MF,30,1991,34,32,2617,29.1,2,5,7,2,0,0,2,0,0.07,0.17,0.24,0.07,0.24
GER-Bundesliga,2223,Werder Bremen,Christian Groß,GER,MF,33,1989,26,23,1886,21.0,1,1,2,1,0,0,4,0,0.05,0.05,0.1,0.05,0.1
GER-Bundesliga,2223,Werder Bremen,Dikeni-Rafid Salifou,TOG,MF,19,2003,1,0,1,0.0,0,0,0,0,0,0,0,0,0.0,0.0,0.0,0.0,0.0
GER-Bundesliga,2223,Werder Bremen,Eren Dinkçi,GER,MF,20,2001,17,0,231,2.6,0,0,0,0,0,0,0,0,0.0,0.0,0.0,0.0,0.0
GER-Bundesliga,2223,Werder Bremen,Fabio Chiarodia,ITA,DF,17,2005,3,1,66,0.7,0,0,0,0,0,0,0,0,0.0,0.0,0.0,0.0,0.0
GER-Bundesliga,2223,Werder Bremen,Felix Agu,NGA,"DF,MF",22,1999,3,0,49,0.5,0,0,0,0,0,0,0,0,0.0,0.0,0.0,0.0,0.0
GER-Bundesliga,2223,Werder Bremen,Ilia Gruev,BUL,MF,22,2000,31,18,1584,17.6,0,0,0,0,0,0,2,0,0.0,0.0,0.0,0.0,0.0
GER-Bundesliga,2223,Werder Bremen,Jean-Manuel Mbom,GER,"DF,MF",22,2000,2,0,6,0.1,0,0,0,0,0,0,0,0,0.0,0.0,0.0,0.0,0.0
GER-Bundesliga,2223,Werder Bremen,Jens Stage,DEN,MF,25,1996,32,21,1855,20.6,3,3,6,3,0,0,5,0,0.15,0.15,0.29,0.15,0.29
GER-Bundesliga,2223,Werder Bremen,Jiří Pavlenka,CZE,GK,30,1992,33,33,2908,32.3,0,0,0,0,0,0,1,0,0.0,0.0,0.0,0.0,0.0
GER-Bundesliga,2223,Werder Bremen,Lee Buchanan,ENG,MF,21,2001,21,2,472,5.2,1,0,1,1,0,0,2,0,0.19,0.0,0.19,0.19,0.19
GER-Bundesliga,2223,Werder Bremen,Leonardo Bittencourt,GER,MF,28,1993,25,22,1629,18.1,3,2,5,3,0,0,10,0,0.17,0.11,0.28,0.17,0.28
GER-Bundesliga,2223,Werder Bremen,Marco Friedl,AUT,DF,24,1998,30,30,2594,28.8,0,0,0,0,0,0,8,1,0.0,0.0,0.0,0.0,0.0
GER-Bundesliga,2223,Werder Bremen,Marvin Ducksch,GER,FW,28,1994,34,34,2852,31.7,12,6,18,12,0,1,4,0,0.38,0.19,0.57,0.38,0.57
GER-Bundesliga,2223,Werder Bremen,Maximilian Philipp,GER,FW,28,1994,15,3,442,4.9,1,0,1,1,0,0,1,0,0.2,0.0,0.2,0.2,0.2
GER-Bundesliga,2223,Werder Bremen,Michael Zetterer,GER,GK,27,1995,2,1,152,1.7,0,0,0,0,0,0,0,0,0.0,0.0,0.0,0.0,0.0
GER-Bundesliga,2223,Werder Bremen,Miloš Veljković,SRB,DF,26,1995,29,25,2266,25.2,1,2,3,1,0,0,2,0,0.04,0.08,0.12,0.04,0.12
GER-Bundesliga,2223,Werder Bremen,Mitchell Weiser,GER,MF,28,1994,30,29,2516,28.0,2,9,11,2,0,0,7,0,0.07,0.32,0.39,0.07,0.39
GER-Bundesliga,2223,Werder Bremen,Niclas Füllkrug,GER,FW,29,1993,28,28,2477,27.5,16,5,21,11,5,5,4,0,0.58,0.18,0.76,0.4,0.58
GER-Bundesliga,2223,Werder Bremen,Nicolai Rapp,GER,"DF,MF",25,1996,7,0,71,0.8,0,0,0,0,0,0,0,0,0.0,0.0,0.0,0.0,0.0
GER-Bundesliga,2223,Werder Bremen,Niklas Schmidt,GER,MF,24,1998,24,11,1087,12.1,3,0,3,3,0,0,3,0,0.25,0.0,0.25,0.25,0.25
GER-Bundesliga,2223,Werder Bremen,Niklas Stark,GER,DF,27,1995,27,23,2077,23.1,0,0,0,0,0,0,9,0,0.0,0.0,0.0,0.0,0.0
GER-Bundesliga,2223,Werder Bremen,Oliver Burke,SCO,FW,25,1997,15,1,268,3.0,2,0,2,2,0,0,0,0,0.67,0.0,0.67,0.67,0.67
GER-Bundesliga,2223,Werder Bremen,Romano Schmid,AUT,"MF,FW",22,2000,27,15,1520,16.9,1,3,4,1,0,0,3,0,0.06,0.18,0.24,0.06,0.24
GER-Bundesliga,2223,Wolfsburg,Aster Vranckx,BEL,MF,19,2002,1,0,8,0.1,0,0,0,0,0,0,0,0,0.0,0.0,0.0,0.0,0.0
GER-Bundesliga,2223,Wolfsburg,Bartol Franjić,CRO,MF,22,2000,5,3,227,2.5,0,1,1,0,0,0,0,0,0.0,0.4,0.4,0.0,0.4
GER-Bundesliga,2223,Wolfsburg,Dženan Pejčinović,GER,FW,17,2005,1,0,11,0.1,0,0,0,0,0,0,0,0,0.0,0.0,0.0,0.0,0.0
GER-Bundesliga,2223,Wolfsburg,Felix Nmecha,GER,MF,21,2000,30,19,1836,20.4,3,5,8,3,0,0,3,0,0.15,0.25,0.39,0.15,0.39
GER-Bundesliga,2223,Wolfsburg,Jakub Kamiński,POL,"MF,FW",20,2002,31,25,2058,22.9,4,2,6,4,0,0,0,0,0.17,0.09,0.26,0.17,0.26
GER-Bundesliga,2223,Wolfsburg,Jonas Wind,DEN,FW,23,1999,24,15,1291,14.3,6,0,6,6,0,1,1,0,0.42,0.0,0.42,0.42,0.42
GER-Bundesliga,2223,Wolfsburg,Josip Brekalo,CRO,"MF,FW",24,1998,6,3,271,3.0,0,1,1,0,0,0,0,0,0.0,0.33,0.33,0.0,0.33
GER-Bundesliga,2223,Wolfsburg,Josuha Guilavogui,FRA,"DF,MF",31,1990,23,11,1180,13.1,1,0,1,1,0,0,4,0,0.08,0.0,0.08,0.08,0.08
GER-Bundesliga,2223,Wolfsburg,Jérôme Roussillon,GLP,"DF,MF",29,1993,4,0,22,0.2,0,0,0,0,0,0,0,0,0.0,0.0,0.0,0.0,0.0
GER-Bundesliga,2223,Wolfsburg,Kevin Paredes,USA,MF,19,2003,22,1,529,5.9,1,3,4,1,0,0,2,0,0.17,0.51,0.68,0.17,0.68
GER-Bundesliga,2223,Wolfsburg,Kilian Fischer,GER,DF,21,2000,10,5,502,5.6,0,0,0,0,0,0,2,0,0.0,0.0,0.0,0.0,0.0
GER-Bundesliga,2223,Wolfsburg,Koen Casteels,BEL,GK,30,1992,34,34,3060,34.0,0,1,1,0,0,0,0,0,0.0,0.03,0.03,0.0,0.03
GER-Bundesliga,2223,Wolfsburg,Luca Waldschmidt,GER,"FW,MF",26,1996,18,4,523,5.8,4,0,4,3,1,1,0,0,0.69,0.0,0.69,0.52,0.52
GER-Bundesliga,2223,Wolfsburg,Lukas Nmecha,GER,FW,23,1998,16,10,899,10.0,4,0,4,4,0,0,3,0,0.4,0.0,0.4,0.4,0.4
GER-Bundesliga,2223,Wolfsburg,Lukáš Ambros,CZE,MF,18,2004,1,0,17,0.2,0,0,0,0,0,0,0,0,0.0,0.0,0.0,0.0,0.0
GER-Bundesliga,2223,Wolfsburg,Mattias Svanberg,SWE,MF,23,1999,32,21,1835,20.4,4,6,10,4,0,0,4,0,0.2,0.29,0.49,0.2,0.49
GER-Bundesliga,2223,Wolfsburg,Max Kruse,GER,MF,34,1988,5,2,272,3.0,0,0,0,0,0,0,0,0,0.0,0.0,0.0,0.0,0.0
GER-Bundesliga,2223,Wolfsburg,Maxence Lacroix,FRA,DF,22,2000,24,18,1627,18.1,1,0,1,1,0,0,1,0,0.06,0.0,0.06,0.06,0.06
GER-Bundesliga,2223,Wolfsburg,Maximilian Arnold,GER,MF,28,1994,32,32,2767,30.7,5,3,8,2,3,5,5,0,0.16,0.1,0.26,0.07,0.16
GER-Bundesliga,2223,Wolfsburg,Maximilian Philipp,GER,MF,28,1994,3,1,116,1.3,0,0,0,0,0,0,0,0,0.0,0.0,0.0,0.0,0.0
GER-Bundesliga,2223,Wolfsburg,Micky van de Ven,NED,DF,21,2001,33,33,2970,33.0,1,1,2,1,0,0,5,0,0.03,0.03,0.06,0.03,0.06
GER-Bundesliga,2223,Wolfsburg,Nicolas Cozza,FRA,DF,23,1999,5,0,100,1.1,0,0,0,0,0,0,0,0,0.0,0.0,0.0,0.0,0.0
GER-Bundesliga,2223,Wolfsburg,Omar Marmoush,EGY,"FW,MF",23,1999,33,15,1476,16.4,5,1,6,5,0,0,2,0,0.3,0.06,0.37,0.3,0.37
GER-Bundesliga,2223,Wolfsburg,Patrick Wimmer,AUT,"MF,FW",21,2001,26,23,1648,18.3,4,8,12,4,0,0,7,0,0.22,0.44,0.66,0.22,0.66
GER-Bundesliga,2223,Wolfsburg,Paulo Otávio,BRA,DF,27,1994,25,25,2041,22.7,0,5,5,0,0,0,7,0,0.0,0.22,0.22,0.0,0.22
GER-Bundesliga,2223,Wolfsburg,Ridle Baku,GER,"DF,MF",24,1998,33,29,2580,28.7,5,3,8,5,0,0,6,0,0.17,0.1,0.28,0.17,0.28
GER-Bundesliga,2223,Wolfsburg,Sebastiaan Bornauw,BEL,DF,23,1999,26,23,1928,21.4,1,0,1,1,0,0,8,0,0.05,0.0,0.05,0.05,0.05
GER-Bundesliga,2223,Wolfsburg,Yannick Gerhardt,GER,MF,28,1994,29,22,1866,20.7,6,4,10,6,0,0,3,0,0.29,0.19,0.48,0.29,0.48
