league,season,team,player,nation_,pos_,age_,born_,Playing Time_MP,Playing Time_Starts,Playing Time_Min,Playing Time_90s,Performance_Gls,Performance_Ast,Performance_G+A,Performance_G-PK,Performance_PK,Performance_PKatt,Performance_CrdY,Performance_CrdR,Per 90 Minutes_Gls,Per 90 Minutes_Ast,Per 90 Minutes_G+A,Per 90 Minutes_G-PK,Per 90 Minutes_G+A-PK
ENG-Premier League,2122,Arsenal,Aaron Ramsdale,ENG,GK,23,1998,34,34,3060,34.0,0,0,0,0,0,0,1,0,0.0,0.0,0.0,0.0,0.0
ENG-Premier League,2122,Arsenal,Ainsley Maitland-Niles,ENG,MF,23,1997,8,2,268,3.0,0,0,0,0,0,0,0,0,0.0,0.0,0.0,0.0,0.0
ENG-Premier League,2122,Arsenal,Albert Sambi Lokonga,BEL,MF,21,1999,19,12,1134,12.6,0,0,0,0,0,0,5,0,0.0,0.0,0.0,0.0,0.0
ENG-Premier League,2122,Arsenal,Alexandre Lacazette,FRA,"FW,MF",30,1991,30,20,1782,19.8,4,7,11,2,2,3,0,0,0.2,0.35,0.56,0.1,0.45
ENG-Premier League,2122,Arsenal,Ben White,ENG,DF,23,1997,32,32,2880,32.0,0,0,0,0,0,0,3,0,0.0,0.0,0.0,0.0,0.0
ENG-Premier League,2122,Arsenal,Bernd Leno,GER,GK,29,1992,4,4,360,4.0,0,0,0,0,0,0,0,0,0.0,0.0,0.0,0.0,0.0
ENG-Premier League,2122,Arsenal,Bukayo Saka,ENG,"MF,FW",19,2001,38,36,2978,33.1,11,7,18,9,2,2,6,0,0.33,0.21,0.54,0.27,0.48
ENG-Premier League,2122,Arsenal,Calum Chambers,ENG,DF,26,1995,2,2,170,1.9,0,0,0,0,0,0,0,0,0.0,0.0,0.0,0.0,0.0
ENG-Premier League,2122,Arsenal,Cédric Soares,POR,DF,29,1991,21,16,1486,16.5,1,1,2,1,0,0,3,0,0.06,0.06,0.12,0.06,0.12
ENG-Premier League,2122,Arsenal,Eddie Nketiah,ENG,FW,22,1999,21,8,835,9.3,5,1,6,5,0,0,3,0,0.54,0.11,0.65,0.54,0.65
ENG-Premier League,2122,Arsenal,Emile Smith Rowe,ENG,MF,21,2000,33,21,1921,21.3,10,2,12,10,0,0,1,0,0.47,0.09,0.56,0.47,0.56
ENG-Premier League,2122,Arsenal,Folarin Balogun,USA,FW,20,2001,2,1,70,0.8,0,0,0,0,0,0,0,0,0.0,0.0,0.0,0.0,0.0
ENG-Premier League,2122,Arsenal,Gabriel Magalhães,BRA,DF,23,1997,35,35,3063,34.0,5,0,5,5,0,0,8,1,0.15,0.0,0.15,0.15,0.15
ENG-Premier League,2122,Arsenal,Gabriel Martinelli,BRA,"MF,FW",20,2001,29,21,1860,20.7,6,6,12,5,1,1,3,1,0.29,0.29,0.58,0.24,0.53
ENG-Premier League,2122,Arsenal,Granit Xhaka,SUI,MF,28,1992,27,27,2327,25.9,1,2,3,1,0,0,10,1,0.04,0.08,0.12,0.04,0.12
ENG-Premier League,2122,Arsenal,Kieran Tierney,SCO,DF,24,1997,22,22,1915,21.3,1,3,4,1,0,0,0,0,0.05,0.14,0.19,0.05,0.19
ENG-Premier League,2122,Arsenal,Martin Ødegaard,NOR,MF,22,1998,36,32,2785,30.9,7,4,11,7,0,0,4,0,0.23,0.13,0.36,0.23,0.36
ENG-Premier League,2122,Arsenal,Mohamed Elneny,EGY,MF,29,1992,14,8,806,9.0,0,2,2,0,0,0,1,0,0.0,0.22,0.22,0.0,0.22
ENG-Premier League,2122,Arsenal,Nicolas Pépé,CIV,MF,26,1995,20,5,696,7.7,1,2,3,1,0,0,0,0,0.13,0.26,0.39,0.13,0.39
ENG-Premier League,2122,Arsenal,Nuno Tavares,POR,DF,21,2000,22,13,1176,13.1,1,1,2,1,0,0,2,0,0.08,0.08,0.15,0.08,0.15
ENG-Premier League,2122,Arsenal,Pablo Marí,ESP,DF,27,1993,2,2,180,2.0,0,0,0,0,0,0,1,0,0.0,0.0,0.0,0.0,0.0
ENG-Premier League,2122,Arsenal,Pierre-Emerick Aubameyang,GAB,FW,32,1989,14,12,1037,11.5,4,1,5,4,0,2,3,0,0.35,0.09,0.43,0.35,0.43
ENG-Premier League,2122,Arsenal,Reiss Nelson,ENG,"FW,MF",21,1999,1,0,20,0.2,0,0,0,0,0,0,0,0,0.0,0.0,0.0,0.0,0.0
ENG-Premier League,2122,Arsenal,Rob Holding,ENG,DF,25,1995,15,9,845,9.4,1,0,1,1,0,0,4,1,0.11,0.0,0.11,0.11,0.11
ENG-Premier League,2122,Arsenal,Sead Kolašinac,BIH,DF,28,1993,2,1,91,1.0,0,0,0,0,0,0,1,0,0.0,0.0,0.0,0.0,0.0
ENG-Premier League,2122,Arsenal,Takehiro Tomiyasu,JPN,DF,22,1998,21,20,1679,18.7,0,1,1,0,0,0,2,0,0.0,0.05,0.05,0.0,0.05
ENG-Premier League,2122,Arsenal,Thomas Partey,GHA,MF,28,1993,24,23,2028,22.5,2,1,3,2,0,0,6,0,0.09,0.04,0.13,0.09,0.13
ENG-Premier League,2122,Aston Villa,Anwar El Ghazi,NED,"MF,FW",26,1995,9,4,386,4.3,1,1,2,0,1,1,2,0,0.23,0.23,0.47,0.0,0.23
ENG-Premier League,2122,Aston Villa,Ashley Young,ENG,"DF,FW",36,1985,24,10,1250,13.9,0,2,2,0,0,0,2,0,0.0,0.14,0.14,0.0,0.14
ENG-Premier League,2122,Aston Villa,Axel Tuanzebe,COD,DF,23,1997,9,6,508,5.6,0,0,0,0,0,0,1,0,0.0,0.0,0.0,0.0,0.0
ENG-Premier League,2122,Aston Villa,Bertrand Traoré,BFA,FW,25,1995,9,1,220,2.4,0,0,0,0,0,0,0,0,0.0,0.0,0.0,0.0,0.0
ENG-Premier League,2122,Aston Villa,Calum Chambers,ENG,"DF,MF",26,1995,11,9,831,9.2,1,0,1,1,0,0,1,0,0.11,0.0,0.11,0.11,0.11
ENG-Premier League,2122,Aston Villa,Cameron Archer,ENG,"FW,MF",20,2001,3,0,27,0.3,0,0,0,0,0,0,0,0,0.0,0.0,0.0,0.0,0.0
ENG-Premier League,2122,Aston Villa,Carney Chukwuemeka,AUT,MF,17,2003,12,2,301,3.3,0,1,1,0,0,0,0,0,0.0,0.3,0.3,0.0,0.3
ENG-Premier League,2122,Aston Villa,Danny Ings,ENG,FW,29,1992,30,22,1898,21.1,7,6,13,6,1,1,4,0,0.33,0.28,0.62,0.28,0.57
ENG-Premier League,2122,Aston Villa,Douglas Luiz,BRA,MF,23,1998,34,31,2715,30.2,2,3,5,2,0,0,7,0,0.07,0.1,0.17,0.07,0.17
ENG-Premier League,2122,Aston Villa,Emi Buendía,ARG,"FW,MF",24,1996,35,22,1899,21.1,4,6,10,4,0,0,1,0,0.19,0.28,0.47,0.19,0.47
ENG-Premier League,2122,Aston Villa,Emiliano Martínez,ARG,GK,28,1992,36,36,3240,36.0,0,0,0,0,0,0,4,0,0.0,0.0,0.0,0.0,0.0
ENG-Premier League,2122,Aston Villa,Ezri Konsa,ENG,DF,23,1997,29,29,2477,27.5,2,0,2,2,0,0,6,2,0.07,0.0,0.07,0.07,0.07
ENG-Premier League,2122,Aston Villa,Jacob Ramsey,ENG,MF,20,2001,34,29,2467,27.4,6,1,7,6,0,0,6,0,0.22,0.04,0.26,0.22,0.26
ENG-Premier League,2122,Aston Villa,Jaden Philogene Bidace,ENG,"FW,MF",19,2002,1,0,5,0.1,0,0,0,0,0,0,0,0,0.0,0.0,0.0,0.0,0.0
ENG-Premier League,2122,Aston Villa,Jed Steer,ENG,GK,28,1992,1,1,90,1.0,0,0,0,0,0,0,0,0,0.0,0.0,0.0,0.0,0.0
ENG-Premier League,2122,Aston Villa,John McGinn,SCO,MF,26,1994,35,35,3090,34.3,3,4,7,3,0,0,8,0,0.09,0.12,0.2,0.09,0.2
ENG-Premier League,2122,Aston Villa,Keinan Davis,ENG,FW,23,1998,1,0,12,0.1,0,0,0,0,0,0,0,0,0.0,0.0,0.0,0.0,0.0
ENG-Premier League,2122,Aston Villa,Kortney Hause,ENG,DF,26,1995,7,4,397,4.4,1,0,1,1,0,0,0,0,0.23,0.0,0.23,0.23,0.23
ENG-Premier League,2122,Aston Villa,Leon Bailey,JAM,"FW,MF",23,1997,18,7,761,8.5,1,2,3,1,0,0,3,0,0.12,0.24,0.35,0.12,0.35
ENG-Premier League,2122,Aston Villa,Lucas Digne,FRA,DF,28,1993,16,16,1269,14.1,0,4,4,0,0,0,2,0,0.0,0.28,0.28,0.0,0.28
ENG-Premier League,2122,Aston Villa,Marvelous Nakamba,ZIM,MF,27,1994,16,10,904,10.0,0,0,0,0,0,0,5,0,0.0,0.0,0.0,0.0,0.0
ENG-Premier League,2122,Aston Villa,Matt Targett,ENG,"DF,MF",25,1995,17,17,1431,15.9,1,1,2,1,0,0,2,0,0.06,0.06,0.13,0.06,0.13
ENG-Premier League,2122,Aston Villa,Matty Cash,POL,"DF,MF",23,1997,38,38,3377,37.5,4,3,7,4,0,0,8,0,0.11,0.08,0.19,0.11,0.19
ENG-Premier League,2122,Aston Villa,Morgan Sanson,FRA,MF,26,1994,10,3,356,4.0,0,0,0,0,0,0,0,0,0.0,0.0,0.0,0.0,0.0
ENG-Premier League,2122,Aston Villa,Ollie Watkins,ENG,FW,25,1995,35,33,2952,32.8,11,2,13,10,1,1,7,0,0.34,0.06,0.4,0.3,0.37
ENG-Premier League,2122,Aston Villa,Philippe Coutinho,BRA,"MF,FW",29,1992,19,16,1329,14.8,5,3,8,5,0,0,0,0,0.34,0.2,0.54,0.34,0.54
ENG-Premier League,2122,Aston Villa,Robin Olsen,SWE,GK,31,1990,1,1,90,1.0,0,0,0,0,0,0,0,0,0.0,0.0,0.0,0.0,0.0
ENG-Premier League,2122,Aston Villa,Tim Iroegbunam,ENG,MF,18,2003,3,1,92,1.0,0,0,0,0,0,0,1,0,0.0,0.0,0.0,0.0,0.0
ENG-Premier League,2122,Aston Villa,Trézéguet,EGY,"FW,MF",26,1994,1,0,11,0.1,0,0,0,0,0,0,0,0,0.0,0.0,0.0,0.0,0.0
ENG-Premier League,2122,Aston Villa,Tyrone Mings,ENG,DF,28,1993,36,35,3189,35.4,1,3,4,1,0,0,11,0,0.03,0.08,0.11,0.03,0.11
ENG-Premier League,2122,Aston Villa,Wesley Moraes,BRA,FW,24,1996,1,0,1,0.0,0,0,0,0,0,0,0,0,0.0,0.0,0.0,0.0,0.0
ENG-Premier League,2122,Brentford,Bryan Mbeumo,CMR,FW,21,1999,35,34,2905,32.3,4,7,11,3,1,1,4,0,0.12,0.22,0.34,0.09,0.31
ENG-Premier League,2122,Brentford,Charlie Goode,ENG,DF,25,1995,6,4,450,5.0,0,0,0,0,0,0,3,0,0.0,0.0,0.0,0.0,0.0
ENG-Premier League,2122,Brentford,Christian Eriksen,DEN,MF,29,1992,11,10,939,10.4,1,4,5,1,0,0,1,0,0.1,0.38,0.48,0.1,0.48
ENG-Premier League,2122,Brentford,Christian Nørgaard,DEN,MF,27,1994,35,35,3054,33.9,3,4,7,3,0,0,8,0,0.09,0.12,0.21,0.09,0.21
ENG-Premier League,2122,Brentford,David Raya,ESP,GK,25,1995,24,24,2160,24.0,0,0,0,0,0,0,1,0,0.0,0.0,0.0,0.0,0.0
ENG-Premier League,2122,Brentford,Dominic Thompson,ENG,MF,21,2000,2,2,146,1.6,0,0,0,0,0,0,0,0,0.0,0.0,0.0,0.0,0.0
ENG-Premier League,2122,Brentford,Ethan Pinnock,JAM,DF,28,1993,32,32,2694,29.9,1,1,2,1,0,0,1,0,0.03,0.03,0.07,0.03,0.07
ENG-Premier League,2122,Brentford,Finley Stevens,WAL,DF,18,2003,1,0,15,0.2,0,0,0,0,0,0,0,0,0.0,0.0,0.0,0.0,0.0
ENG-Premier League,2122,Brentford,Frank Onyeka,NGA,MF,23,1998,20,12,1045,11.6,0,0,0,0,0,0,4,0,0.0,0.0,0.0,0.0,0.0
ENG-Premier League,2122,Brentford,Ivan Toney,ENG,FW,25,1996,33,32,2909,32.3,12,5,17,7,5,5,8,0,0.37,0.15,0.53,0.22,0.37
ENG-Premier League,2122,Brentford,Jonas Lössl,DEN,GK,32,1989,2,2,180,2.0,0,0,0,0,0,0,0,0,0.0,0.0,0.0,0.0,0.0
ENG-Premier League,2122,Brentford,Josh Dasilva,ENG,"MF,FW",22,1998,9,2,257,2.9,0,0,0,0,0,0,0,1,0.0,0.0,0.0,0.0,0.0
ENG-Premier League,2122,Brentford,Kristoffer Ajer,NOR,DF,23,1998,24,23,1995,22.2,1,3,4,1,0,0,5,0,0.05,0.14,0.18,0.05,0.18
ENG-Premier League,2122,Brentford,Mads Bech Sørensen,DEN,DF,22,1999,11,9,835,9.3,0,0,0,0,0,0,3,0,0.0,0.0,0.0,0.0,0.0
ENG-Premier League,2122,Brentford,Mads Bidstrup,DEN,MF,20,2001,4,0,41,0.5,0,0,0,0,0,0,0,0,0.0,0.0,0.0,0.0,0.0
ENG-Premier League,2122,Brentford,Mads Roerslev,DEN,"MF,DF",22,1999,21,12,1240,13.8,1,1,2,1,0,0,1,0,0.07,0.07,0.15,0.07,0.15
ENG-Premier League,2122,Brentford,Marcus Forss,FIN,FW,22,1999,7,1,209,2.3,0,1,1,0,0,0,0,0,0.0,0.43,0.43,0.0,0.43
ENG-Premier League,2122,Brentford,Mathias Jensen,DEN,MF,25,1996,31,19,1601,17.8,0,1,1,0,0,0,0,0,0.0,0.06,0.06,0.0,0.06
ENG-Premier League,2122,Brentford,Mathias Jørgensen,DEN,DF,31,1990,8,6,518,5.8,1,0,1,1,0,0,2,0,0.17,0.0,0.17,0.17,0.17
ENG-Premier League,2122,Brentford,Nathan Young-Coombes,ENG,FW,18,2003,1,0,4,0.0,0,0,0,0,0,0,0,0,0.0,0.0,0.0,0.0,0.0
ENG-Premier League,2122,Brentford,Pontus Jansson,SWE,DF,30,1991,37,37,3321,36.9,3,1,4,3,0,0,7,0,0.08,0.03,0.11,0.08,0.11
ENG-Premier League,2122,Brentford,Rico Henry,JAM,"MF,DF",24,1997,34,33,2776,30.8,3,0,3,3,0,0,2,0,0.1,0.0,0.1,0.1,0.1
ENG-Premier League,2122,Brentford,Saman Ghoddos,IRN,"FW,MF",27,1993,17,4,536,6.0,1,1,2,1,0,0,2,0,0.17,0.17,0.34,0.17,0.34
ENG-Premier League,2122,Brentford,Sergi Canós,ESP,MF,24,1997,31,25,2083,23.1,3,2,5,3,0,0,8,1,0.13,0.09,0.22,0.13,0.22
ENG-Premier League,2122,Brentford,Shandon Baptiste,GRN,MF,23,1998,22,9,910,10.1,1,0,1,1,0,0,2,1,0.1,0.0,0.1,0.1,0.1
ENG-Premier League,2122,Brentford,Tariqe Fosu,GHA,"FW,MF",25,1995,1,0,17,0.2,0,0,0,0,0,0,0,0,0.0,0.0,0.0,0.0,0.0
ENG-Premier League,2122,Brentford,Vitaly Janelt,GER,MF,23,1998,31,27,2298,25.5,4,0,4,4,0,0,3,0,0.16,0.0,0.16,0.16,0.16
ENG-Premier League,2122,Brentford,Yoane Wissa,COD,FW,24,1996,30,12,1284,14.3,7,1,8,7,0,0,0,0,0.49,0.07,0.56,0.49,0.56
ENG-Premier League,2122,Brentford,Álvaro Fernández,ESP,GK,23,1998,12,12,1080,12.0,0,0,0,0,0,0,0,0,0.0,0.0,0.0,0.0,0.0
ENG-Premier League,2122,Brighton,Aaron Connolly,IRL,FW,21,2000,4,1,156,1.7,0,0,0,0,0,0,0,0,0.0,0.0,0.0,0.0,0.0
ENG-Premier League,2122,Brighton,Adam Lallana,ENG,MF,33,1988,24,18,1561,17.3,0,1,1,0,0,0,4,0,0.0,0.06,0.06,0.0,0.06
ENG-Premier League,2122,Brighton,Adam Webster,ENG,DF,26,1995,22,16,1434,15.9,2,0,2,2,0,0,5,0,0.13,0.0,0.13,0.13,0.13
ENG-Premier League,2122,Brighton,Alexis Mac Allister,ARG,"MF,FW",22,1998,33,22,2123,23.6,5,2,7,3,2,3,4,0,0.21,0.08,0.3,0.13,0.21
ENG-Premier League,2122,Brighton,Dan Burn,ENG,DF,29,1992,13,12,1022,11.4,1,0,1,1,0,0,4,0,0.09,0.0,0.09,0.09,0.09
ENG-Premier League,2122,Brighton,Danny Welbeck,ENG,"FW,MF",30,1990,25,15,1478,16.4,6,2,8,6,0,0,0,0,0.37,0.12,0.49,0.37,0.49
ENG-Premier League,2122,Brighton,Enock Mwepu,ZAM,MF,23,1998,18,12,996,11.1,2,4,6,2,0,0,2,0,0.18,0.36,0.54,0.18,0.54
ENG-Premier League,2122,Brighton,Evan Ferguson,IRL,FW,16,2004,1,0,23,0.3,0,0,0,0,0,0,0,0,0.0,0.0,0.0,0.0,0.0
ENG-Premier League,2122,Brighton,Jakub Moder,POL,"MF,FW",22,1999,28,19,1701,18.9,0,3,3,0,0,0,1,0,0.0,0.16,0.16,0.0,0.16
ENG-Premier League,2122,Brighton,Jason Steele,ENG,GK,30,1990,1,1,90,1.0,0,0,0,0,0,0,0,0,0.0,0.0,0.0,0.0,0.0
ENG-Premier League,2122,Brighton,Jeremy Sarmiento,ECU,MF,19,2002,5,1,48,0.5,0,0,0,0,0,0,0,0,0.0,0.0,0.0,0.0,0.0
ENG-Premier League,2122,Brighton,Joël Veltman,NED,"DF,MF",29,1992,34,33,2874,31.9,1,1,2,1,0,0,6,0,0.03,0.03,0.06,0.03,0.06
ENG-Premier League,2122,Brighton,Jürgen Locadia,CUW,FW,27,1993,1,0,23,0.3,0,0,0,0,0,0,0,0,0.0,0.0,0.0,0.0,0.0
ENG-Premier League,2122,Brighton,Leandro Trossard,BEL,"FW,MF",26,1994,34,32,2805,31.2,8,3,11,7,1,1,2,0,0.26,0.1,0.35,0.22,0.32
ENG-Premier League,2122,Brighton,Lewis Dunk,ENG,DF,29,1991,29,29,2573,28.6,1,0,1,1,0,0,3,1,0.03,0.0,0.03,0.03,0.03
ENG-Premier League,2122,Brighton,Marc Cucurella,ESP,"DF,MF",23,1998,35,35,3089,34.3,1,1,2,1,0,0,6,0,0.03,0.03,0.06,0.03,0.06
ENG-Premier League,2122,Brighton,Moisés Caicedo,ECU,MF,19,2001,8,8,660,7.3,1,1,2,1,0,0,2,0,0.14,0.14,0.27,0.14,0.27
ENG-Premier League,2122,Brighton,Neal Maupay,FRA,FW,24,1996,32,25,2276,25.3,8,2,10,7,1,2,7,0,0.32,0.08,0.4,0.28,0.36
ENG-Premier League,2122,Brighton,Pascal Groß,GER,MF,30,1991,29,24,2038,22.6,2,4,6,2,0,1,1,0,0.09,0.18,0.26,0.09,0.26
ENG-Premier League,2122,Brighton,Robert Sánchez,ESP,GK,23,1997,37,37,3329,37.0,0,0,0,0,0,0,3,1,0.0,0.0,0.0,0.0,0.0
ENG-Premier League,2122,Brighton,Shane Duffy,IRL,DF,29,1992,18,15,1436,16.0,1,0,1,1,0,0,7,0,0.06,0.0,0.06,0.06,0.06
ENG-Premier League,2122,Brighton,Solly March,ENG,MF,27,1994,31,17,1746,19.4,0,2,2,0,0,0,1,0,0.0,0.1,0.1,0.0,0.1
ENG-Premier League,2122,Brighton,Steven Alzate,COL,MF,22,1998,9,5,404,4.5,0,0,0,0,0,0,0,0,0.0,0.0,0.0,0.0,0.0
ENG-Premier League,2122,Brighton,Tariq Lamptey,GHA,"MF,DF",20,2000,30,16,1561,17.3,0,2,2,0,0,0,4,0,0.0,0.12,0.12,0.0,0.12
ENG-Premier League,2122,Brighton,Taylor Richards,ENG,MF,20,2000,2,0,25,0.3,0,0,0,0,0,0,0,0,0.0,0.0,0.0,0.0,0.0
ENG-Premier League,2122,Brighton,Yves Bissouma,MLI,MF,24,1996,26,25,2111,23.5,1,2,3,1,0,0,10,0,0.04,0.09,0.13,0.04,0.13
ENG-Premier League,2122,Burnley,Aaron Lennon,ENG,"MF,FW",34,1987,28,17,1551,17.2,2,0,2,2,0,0,2,0,0.12,0.0,0.12,0.12,0.12
ENG-Premier League,2122,Burnley,Ashley Barnes,ENG,FW,31,1989,23,8,808,9.0,1,0,1,0,1,1,4,0,0.11,0.0,0.11,0.0,0.0
ENG-Premier League,2122,Burnley,Ashley Westwood,ENG,MF,31,1990,27,26,2287,25.4,0,3,3,0,0,0,7,0,0.0,0.12,0.12,0.0,0.12
ENG-Premier League,2122,Burnley,Ben Mee,ENG,DF,31,1989,21,21,1839,20.4,3,0,3,3,0,0,3,0,0.15,0.0,0.15,0.15,0.15
ENG-Premier League,2122,Burnley,Charlie Taylor,ENG,DF,27,1993,31,30,2731,30.3,0,3,3,0,0,0,3,0,0.0,0.1,0.1,0.0,0.1
ENG-Premier League,2122,Burnley,Chris Wood,NZL,FW,29,1991,17,17,1367,15.2,3,0,3,3,0,0,1,0,0.2,0.0,0.2,0.2,0.2
ENG-Premier League,2122,Burnley,Connor Roberts,WAL,DF,25,1995,21,19,1692,18.8,1,1,2,1,0,0,2,0,0.05,0.05,0.11,0.05,0.11
ENG-Premier League,2122,Burnley,Dale Stephens,ENG,MF,32,1989,3,1,124,1.4,0,0,0,0,0,0,1,0,0.0,0.0,0.0,0.0,0.0
ENG-Premier League,2122,Burnley,Dwight McNeil,ENG,MF,21,1999,38,35,3107,34.5,0,1,1,0,0,0,1,0,0.0,0.03,0.03,0.0,0.03
ENG-Premier League,2122,Burnley,Erik Pieters,NED,DF,32,1988,12,8,730,8.1,0,1,1,0,0,0,1,0,0.0,0.12,0.12,0.0,0.12
ENG-Premier League,2122,Burnley,Jack Cork,ENG,MF,32,1989,20,20,1670,18.6,1,0,1,1,0,0,4,0,0.05,0.0,0.05,0.05,0.05
ENG-Premier League,2122,Burnley,James Tarkowski,ENG,DF,28,1992,35,35,3106,34.5,1,2,3,1,0,0,11,0,0.03,0.06,0.09,0.03,0.09
ENG-Premier League,2122,Burnley,Jay Rodriguez,ENG,FW,32,1989,29,13,1382,15.4,2,2,4,2,0,0,3,0,0.13,0.13,0.26,0.13,0.26
ENG-Premier League,2122,Burnley,Josh Brownhill,ENG,MF,25,1995,35,32,2955,32.8,2,3,5,2,0,0,10,0,0.06,0.09,0.15,0.06,0.15
ENG-Premier League,2122,Burnley,Jóhann Berg Guðmundsson,ISL,MF,30,1990,18,13,1102,12.2,0,1,1,0,0,0,2,0,0.0,0.08,0.08,0.0,0.08
ENG-Premier League,2122,Burnley,Kevin Long,IRL,DF,30,1990,6,4,410,4.6,0,0,0,0,0,0,1,0,0.0,0.0,0.0,0.0,0.0
ENG-Premier League,2122,Burnley,Matthew Lowton,ENG,DF,32,1989,25,20,1772,19.7,1,2,3,1,0,0,3,1,0.05,0.1,0.15,0.05,0.15
ENG-Premier League,2122,Burnley,Matěj Vydra,CZE,FW,29,1992,22,5,679,7.5,2,3,5,2,0,0,1,0,0.27,0.4,0.66,0.27,0.66
ENG-Premier League,2122,Burnley,Maxwel Cornet,CIV,"FW,MF",24,1996,26,21,1766,19.6,9,1,10,9,0,1,2,0,0.46,0.05,0.51,0.46,0.51
ENG-Premier League,2122,Burnley,Nathan Collins,IRL,DF,20,2001,19,18,1670,18.6,2,0,2,2,0,0,2,1,0.11,0.0,0.11,0.11,0.11
ENG-Premier League,2122,Burnley,Nick Pope,ENG,GK,29,1992,36,36,3240,36.0,0,0,0,0,0,0,1,0,0.0,0.0,0.0,0.0,0.0
ENG-Premier League,2122,Burnley,Wayne Hennessey,WAL,GK,34,1987,2,2,180,2.0,0,0,0,0,0,0,0,0,0.0,0.0,0.0,0.0,0.0
ENG-Premier League,2122,Burnley,Wout Weghorst,NED,FW,28,1992,20,17,1450,16.1,2,3,5,2,0,0,3,0,0.12,0.19,0.31,0.12,0.31
ENG-Premier League,2122,Chelsea,Andreas Christensen,DEN,DF,25,1996,19,17,1496,16.6,0,0,0,0,0,0,2,0,0.0,0.0,0.0,0.0,0.0
ENG-Premier League,2122,Chelsea,Antonio Rüdiger,GER,DF,28,1993,34,34,3035,33.7,3,0,3,3,0,0,9,0,0.09,0.0,0.09,0.09,0.09
ENG-Premier League,2122,Chelsea,Ben Chilwell,ENG,MF,24,1996,7,6,542,6.0,3,1,4,3,0,0,0,0,0.5,0.17,0.66,0.5,0.66
ENG-Premier League,2122,Chelsea,Callum Hudson-Odoi,ENG,MF,20,2000,15,11,962,10.7,1,2,3,1,0,0,1,0,0.09,0.19,0.28,0.09,0.28
ENG-Premier League,2122,Chelsea,Christian Pulisic,USA,"MF,FW",22,1998,22,13,1290,14.3,6,2,8,6,0,0,2,0,0.42,0.14,0.56,0.42,0.56
ENG-Premier League,2122,Chelsea,César Azpilicueta,ESP,"DF,MF",31,1989,27,24,2070,23.0,1,2,3,1,0,0,3,0,0.04,0.09,0.13,0.04,0.13
ENG-Premier League,2122,Chelsea,Emerson Palmieri,ITA,"DF,MF",26,1994,1,0,5,0.1,0,0,0,0,0,0,0,0,0.0,0.0,0.0,0.0,0.0
ENG-Premier League,2122,Chelsea,Hakim Ziyech,MAR,"MF,FW",28,1993,23,14,1319,14.7,4,3,7,4,0,0,3,0,0.27,0.2,0.48,0.27,0.48
ENG-Premier League,2122,Chelsea,Jorginho,ITA,MF,29,1991,29,26,2273,25.3,6,2,8,0,6,7,5,0,0.24,0.08,0.32,0.0,0.08
ENG-Premier League,2122,Chelsea,Kai Havertz,GER,"FW,MF",22,1999,29,22,1809,20.1,8,3,11,8,0,0,3,0,0.4,0.15,0.55,0.4,0.55
ENG-Premier League,2122,Chelsea,Kenedy,BRA,MF,25,1996,1,1,58,0.6,0,1,1,0,0,0,0,0,0.0,1.55,1.55,0.0,1.55
ENG-Premier League,2122,Chelsea,Kepa Arrizabalaga,ESP,GK,26,1994,4,4,360,4.0,0,0,0,0,0,0,0,0,0.0,0.0,0.0,0.0,0.0
ENG-Premier League,2122,Chelsea,Malang Sarr,SEN,DF,22,1999,8,6,546,6.1,0,0,0,0,0,0,2,0,0.0,0.0,0.0,0.0,0.0
ENG-Premier League,2122,Chelsea,Marcos Alonso,ESP,MF,30,1990,28,25,2167,24.1,4,4,8,4,0,0,8,0,0.17,0.17,0.33,0.17,0.33
ENG-Premier League,2122,Chelsea,Mason Mount,ENG,MF,22,1999,32,27,2363,26.3,11,10,21,10,1,1,4,0,0.42,0.38,0.8,0.38,0.76
ENG-Premier League,2122,Chelsea,Mateo Kovačić,CRO,MF,27,1994,25,16,1558,17.3,2,5,7,2,0,0,4,0,0.12,0.29,0.4,0.12,0.4
ENG-Premier League,2122,Chelsea,N'Golo Kanté,FRA,MF,30,1991,26,21,1773,19.7,2,4,6,2,0,0,2,0,0.1,0.2,0.3,0.1,0.3
ENG-Premier League,2122,Chelsea,Reece James,ENG,MF,21,1999,26,22,1864,20.7,5,9,14,5,0,0,4,1,0.24,0.43,0.68,0.24,0.68
ENG-Premier League,2122,Chelsea,Romelu Lukaku,BEL,FW,28,1993,26,16,1589,17.7,8,0,8,7,1,1,1,0,0.45,0.0,0.45,0.4,0.4
ENG-Premier League,2122,Chelsea,Ross Barkley,ENG,MF,27,1993,6,1,179,2.0,1,0,1,1,0,0,0,0,0.5,0.0,0.5,0.5,0.5
ENG-Premier League,2122,Chelsea,Ruben Loftus-Cheek,ENG,MF,25,1996,24,13,1394,15.5,0,2,2,0,0,0,1,0,0.0,0.13,0.13,0.0,0.13
ENG-Premier League,2122,Chelsea,Saúl Ñíguez,ESP,MF,26,1994,10,5,480,5.3,0,0,0,0,0,0,1,0,0.0,0.0,0.0,0.0,0.0
ENG-Premier League,2122,Chelsea,Thiago Silva,BRA,DF,36,1984,32,28,2650,29.4,3,0,3,3,0,0,2,0,0.1,0.0,0.1,0.1,0.1
ENG-Premier League,2122,Chelsea,Timo Werner,GER,"FW,MF",25,1996,21,15,1283,14.3,4,1,5,4,0,0,1,0,0.28,0.07,0.35,0.28,0.35
ENG-Premier League,2122,Chelsea,Trevoh Chalobah,ENG,DF,22,1999,20,17,1449,16.1,3,1,4,3,0,0,2,0,0.19,0.06,0.25,0.19,0.25
ENG-Premier League,2122,Chelsea,Édouard Mendy,SEN,GK,29,1992,34,34,3060,34.0,0,0,0,0,0,0,3,0,0.0,0.0,0.0,0.0,0.0
ENG-Premier League,2122,Crystal Palace,Cheikhou Kouyaté,SEN,MF,31,1989,27,23,1974,21.9,0,1,1,0,0,0,3,0,0.0,0.05,0.05,0.0,0.05
ENG-Premier League,2122,Crystal Palace,Christian Benteke,BEL,FW,30,1990,25,11,1145,12.7,4,1,5,4,0,0,3,0,0.31,0.08,0.39,0.31,0.39
ENG-Premier League,2122,Crystal Palace,Conor Gallagher,ENG,MF,21,2000,34,33,2845,31.6,8,3,11,8,0,0,10,0,0.25,0.09,0.35,0.25,0.35
ENG-Premier League,2122,Crystal Palace,Eberechi Eze,ENG,"MF,FW",23,1998,13,6,605,6.7,1,1,2,1,0,0,1,0,0.15,0.15,0.3,0.15,0.3
ENG-Premier League,2122,Crystal Palace,Jack Butland,ENG,GK,28,1993,9,8,765,8.5,0,0,0,0,0,0,0,0,0.0,0.0,0.0,0.0,0.0
ENG-Premier League,2122,Crystal Palace,James McArthur,SCO,MF,33,1987,21,15,1439,16.0,0,3,3,0,0,0,4,0,0.0,0.19,0.19,0.0,0.19
ENG-Premier League,2122,Crystal Palace,James Tomkins,ENG,DF,32,1989,8,6,547,6.1,1,0,1,1,0,0,2,0,0.16,0.0,0.16,0.16,0.16
ENG-Premier League,2122,Crystal Palace,Jaïro Riedewald,NED,MF,24,1996,3,1,118,1.3,0,0,0,0,0,0,0,0,0.0,0.0,0.0,0.0,0.0
ENG-Premier League,2122,Crystal Palace,Jean-Philippe Mateta,FRA,FW,24,1997,22,13,1145,12.7,5,1,6,5,0,0,2,0,0.39,0.08,0.47,0.39,0.47
ENG-Premier League,2122,Crystal Palace,Jeffrey Schlupp,GHA,"MF,FW",28,1992,32,20,1851,20.6,4,1,5,4,0,0,1,0,0.19,0.05,0.24,0.19,0.24
ENG-Premier League,2122,Crystal Palace,Jesurun Rak Sakyi,GHA,MF,18,2002,2,1,80,0.9,0,0,0,0,0,0,0,0,0.0,0.0,0.0,0.0,0.0
ENG-Premier League,2122,Crystal Palace,Joachim Andersen,DEN,DF,25,1996,34,32,2916,32.4,0,3,3,0,0,0,4,0,0.0,0.09,0.09,0.0,0.09
ENG-Premier League,2122,Crystal Palace,Joel Ward,ENG,DF,31,1989,28,27,2487,27.6,0,0,0,0,0,0,8,0,0.0,0.0,0.0,0.0,0.0
ENG-Premier League,2122,Crystal Palace,Jordan Ayew,GHA,"FW,MF",29,1991,31,23,2019,22.4,3,3,6,3,0,0,2,0,0.13,0.13,0.27,0.13,0.27
ENG-Premier League,2122,Crystal Palace,Luka Milivojević,SRB,MF,30,1991,15,9,774,8.6,0,0,0,0,0,0,1,0,0.0,0.0,0.0,0.0,0.0
ENG-Premier League,2122,Crystal Palace,Marc Guéhi,ENG,DF,21,2000,36,36,3222,35.8,2,1,3,2,0,0,4,0,0.06,0.03,0.08,0.06,0.08
ENG-Premier League,2122,Crystal Palace,Michael Olise,FRA,"FW,MF",19,2001,26,12,1141,12.7,2,5,7,2,0,0,4,0,0.16,0.39,0.55,0.16,0.55
ENG-Premier League,2122,Crystal Palace,Nathan Ferguson,ENG,DF,20,2000,1,0,9,0.1,0,0,0,0,0,0,0,0,0.0,0.0,0.0,0.0,0.0
ENG-Premier League,2122,Crystal Palace,Nathaniel Clyne,ENG,DF,30,1991,16,15,1351,15.0,0,1,1,0,0,0,1,0,0.0,0.07,0.07,0.0,0.07
ENG-Premier League,2122,Crystal Palace,Odsonne Édouard,FRA,"FW,MF",23,1998,28,18,1564,17.4,6,3,9,5,1,1,4,0,0.35,0.17,0.52,0.29,0.46
ENG-Premier League,2122,Crystal Palace,Tyrick Mitchell,ENG,DF,21,1999,36,35,3101,34.5,0,2,2,0,0,0,1,0,0.0,0.06,0.06,0.0,0.06
ENG-Premier League,2122,Crystal Palace,Vicente Guaita,ESP,GK,34,1987,30,30,2655,29.5,0,0,0,0,0,0,2,0,0.0,0.0,0.0,0.0,0.0
ENG-Premier League,2122,Crystal Palace,Wilfried Zaha,CIV,"FW,MF",28,1992,33,31,2760,30.7,14,1,15,9,5,7,6,1,0.46,0.03,0.49,0.29,0.33
ENG-Premier League,2122,Crystal Palace,Will Hughes,ENG,MF,26,1995,16,13,1053,11.7,0,1,1,0,0,0,6,0,0.0,0.09,0.09,0.0,0.09
ENG-Premier League,2122,Everton,Abdoulaye Doucouré,MLI,MF,28,1993,30,29,2537,28.2,2,4,6,2,0,0,6,0,0.07,0.14,0.21,0.07,0.21
ENG-Premier League,2122,Everton,Alex Iwobi,NGA,"MF,DF",25,1996,28,22,2035,22.6,2,2,4,2,0,0,1,0,0.09,0.09,0.18,0.09,0.18
ENG-Premier League,2122,Everton,Allan,BRA,MF,30,1991,28,25,2183,24.3,0,2,2,0,0,0,7,1,0.0,0.08,0.08,0.0,0.08
ENG-Premier League,2122,Everton,Andros Townsend,ENG,MF,30,1991,21,17,1455,16.2,3,2,5,2,1,1,3,0,0.19,0.12,0.31,0.12,0.25
ENG-Premier League,2122,Everton,André Gomes,POR,MF,28,1993,14,7,619,6.9,0,1,1,0,0,0,3,0,0.0,0.15,0.15,0.0,0.15
ENG-Premier League,2122,Everton,Anthony Gordon,ENG,"MF,FW",20,2001,35,25,2285,25.4,4,2,6,4,0,0,4,0,0.16,0.08,0.24,0.16,0.24
ENG-Premier League,2122,Everton,Anwar El Ghazi,NED,"FW,MF",26,1995,2,0,13,0.1,0,0,0,0,0,0,0,0,0.0,0.0,0.0,0.0,0.0
ENG-Premier League,2122,Everton,Asmir Begović,BIH,GK,34,1987,3,3,270,3.0,0,0,0,0,0,0,0,0,0.0,0.0,0.0,0.0,0.0
ENG-Premier League,2122,Everton,Ben Godfrey,ENG,DF,23,1998,23,23,2029,22.5,0,0,0,0,0,0,6,0,0.0,0.0,0.0,0.0,0.0
ENG-Premier League,2122,Everton,Cenk Tosun,TUR,"FW,MF",30,1991,1,0,7,0.1,0,0,0,0,0,0,0,0,0.0,0.0,0.0,0.0,0.0
ENG-Premier League,2122,Everton,Dele Alli,ENG,MF,25,1996,11,1,338,3.8,0,0,0,0,0,0,3,0,0.0,0.0,0.0,0.0,0.0
ENG-Premier League,2122,Everton,Demarai Gray,JAM,"MF,FW",25,1996,34,28,2338,26.0,5,4,9,5,0,0,3,0,0.19,0.15,0.35,0.19,0.35
ENG-Premier League,2122,Everton,Dominic Calvert-Lewin,ENG,FW,24,1997,17,15,1283,14.3,5,2,7,3,2,3,2,0,0.35,0.14,0.49,0.21,0.35
ENG-Premier League,2122,Everton,Donny van de Beek,NED,MF,24,1997,7,5,483,5.4,1,0,1,1,0,0,1,0,0.19,0.0,0.19,0.19,0.19
ENG-Premier League,2122,Everton,Ellis Simms,ENG,FW,20,2001,1,1,61,0.7,0,0,0,0,0,0,0,0,0.0,0.0,0.0,0.0,0.0
ENG-Premier League,2122,Everton,Fabian Delph,ENG,MF,31,1989,11,8,662,7.4,0,0,0,0,0,0,2,0,0.0,0.0,0.0,0.0,0.0
ENG-Premier League,2122,Everton,Isaac Price,NIR,MF,17,2003,1,0,14,0.2,0,0,0,0,0,0,0,0,0.0,0.0,0.0,0.0,0.0
ENG-Premier League,2122,Everton,Jarrad Branthwaite,ENG,DF,19,2002,6,4,388,4.3,1,0,1,1,0,0,0,1,0.23,0.0,0.23,0.23,0.23
ENG-Premier League,2122,Everton,Jean-Philippe Gbamin,CIV,MF,25,1995,3,1,67,0.7,0,0,0,0,0,0,0,0,0.0,0.0,0.0,0.0,0.0
ENG-Premier League,2122,Everton,Jonjoe Kenny,ENG,DF,24,1997,15,11,1018,11.3,0,1,1,0,0,0,3,1,0.0,0.09,0.09,0.0,0.09
ENG-Premier League,2122,Everton,Jordan Pickford,ENG,GK,27,1994,35,35,3150,35.0,0,0,0,0,0,0,2,0,0.0,0.0,0.0,0.0,0.0
ENG-Premier League,2122,Everton,Lewis Dobbin,ENG,"FW,MF",18,2003,3,0,32,0.4,0,0,0,0,0,0,1,0,0.0,0.0,0.0,0.0,0.0
ENG-Premier League,2122,Everton,Lucas Digne,FRA,DF,28,1993,13,13,1170,13.0,0,0,0,0,0,0,4,0,0.0,0.0,0.0,0.0,0.0
ENG-Premier League,2122,Everton,Mason Holgate,JAM,DF,24,1996,25,23,2134,23.7,2,1,3,2,0,0,7,1,0.08,0.04,0.13,0.08,0.13
ENG-Premier League,2122,Everton,Michael Keane,ENG,DF,28,1993,32,31,2792,31.0,3,2,5,3,0,0,4,1,0.1,0.06,0.16,0.1,0.16
ENG-Premier League,2122,Everton,Moise Kean,ITA,FW,21,2000,1,0,1,0.0,0,0,0,0,0,0,0,0,0.0,0.0,0.0,0.0,0.0
ENG-Premier League,2122,Everton,Richarlison,BRA,"FW,MF",24,1997,30,28,2523,28.0,10,5,15,7,3,3,9,0,0.36,0.18,0.54,0.25,0.43
ENG-Premier League,2122,Everton,Salomón Rondón,VEN,FW,31,1989,20,8,790,8.8,1,1,2,1,0,0,3,1,0.11,0.11,0.23,0.11,0.23
ENG-Premier League,2122,Everton,Séamus Coleman,IRL,"DF,MF",32,1988,30,30,2656,29.5,1,0,1,1,0,0,4,0,0.03,0.0,0.03,0.03,0.03
ENG-Premier League,2122,Everton,Tom Davies,ENG,MF,23,1998,6,2,234,2.6,1,0,1,1,0,0,1,0,0.38,0.0,0.38,0.38,0.38
ENG-Premier League,2122,Everton,Tyler Onyango,ENG,MF,18,2003,3,0,28,0.3,0,0,0,0,0,0,0,0,0.0,0.0,0.0,0.0,0.0
ENG-Premier League,2122,Everton,Vitaliy Mykolenko,UKR,"DF,MF",22,1999,13,12,1055,11.7,1,0,1,1,0,0,0,0,0.09,0.0,0.09,0.09,0.09
ENG-Premier League,2122,Everton,Yerry Mina,COL,DF,26,1994,13,11,846,9.4,0,0,0,0,0,0,3,0,0.0,0.0,0.0,0.0,0.0
ENG-Premier League,2122,Leeds United,Adam Forshaw,ENG,MF,29,1991,22,17,1530,17.0,0,1,1,0,0,0,5,0,0.0,0.06,0.06,0.0,0.06
ENG-Premier League,2122,Leeds United,Charlie Cresswell,ENG,DF,18,2002,5,1,141,1.6,0,0,0,0,0,0,1,0,0.0,0.0,0.0,0.0,0.0
ENG-Premier League,2122,Leeds United,Cody Drameh,ENG,DF,19,2001,3,1,128,1.4,0,0,0,0,0,0,1,0,0.0,0.0,0.0,0.0,0.0
ENG-Premier League,2122,Leeds United,Crysencio Summerville,NED,"FW,MF",19,2001,6,0,130,1.4,0,0,0,0,0,0,0,0,0.0,0.0,0.0,0.0,0.0
ENG-Premier League,2122,Leeds United,Daniel James,WAL,"FW,MF",23,1997,32,29,2366,26.3,4,4,8,4,0,0,7,1,0.15,0.15,0.3,0.15,0.3
ENG-Premier League,2122,Leeds United,Diego Llorente,ESP,DF,27,1993,28,28,2340,26.0,3,0,3,3,0,0,7,0,0.12,0.0,0.12,0.12,0.12
ENG-Premier League,2122,Leeds United,Hélder Costa,ANG,"FW,MF",27,1994,1,0,22,0.2,0,0,0,0,0,0,0,0,0.0,0.0,0.0,0.0,0.0
ENG-Premier League,2122,Leeds United,Illan Meslier,FRA,GK,21,2000,38,38,3384,37.6,0,0,0,0,0,0,2,0,0.0,0.0,0.0,0.0,0.0
ENG-Premier League,2122,Leeds United,Jack Harrison,ENG,MF,24,1996,35,32,2639,29.3,8,1,9,8,0,0,3,0,0.27,0.03,0.31,0.27,0.31
ENG-Premier League,2122,Leeds United,Jamie Shackleton,ENG,"DF,MF",21,1999,14,7,709,7.9,0,0,0,0,0,0,4,0,0.0,0.0,0.0,0.0,0.0
ENG-Premier League,2122,Leeds United,Joe Gelhardt,ENG,FW,19,2002,20,5,746,8.3,2,2,4,2,0,0,4,0,0.24,0.24,0.48,0.24,0.48
ENG-Premier League,2122,Leeds United,Junior Firpo,DOM,"DF,MF",24,1996,24,19,1711,19.0,0,2,2,0,0,0,11,0,0.0,0.11,0.11,0.0,0.11
ENG-Premier League,2122,Leeds United,Kalvin Phillips,ENG,MF,25,1995,20,18,1596,17.7,0,1,1,0,0,0,4,0,0.0,0.06,0.06,0.0,0.06
ENG-Premier League,2122,Leeds United,Kristoffer Klaesson,NOR,GK,20,2000,1,0,36,0.4,0,0,0,0,0,0,0,0,0.0,0.0,0.0,0.0,0.0
ENG-Premier League,2122,Leeds United,Leo Fuhr Hjelde,NOR,DF,17,2003,2,0,150,1.7,0,0,0,0,0,0,0,0,0.0,0.0,0.0,0.0,0.0
ENG-Premier League,2122,Leeds United,Lewis Bate,ENG,MF,18,2002,3,1,146,1.6,0,0,0,0,0,0,0,0,0.0,0.0,0.0,0.0,0.0
ENG-Premier League,2122,Leeds United,Liam Cooper,SCO,DF,29,1991,21,21,1814,20.2,0,1,1,0,0,0,5,0,0.0,0.05,0.05,0.0,0.05
ENG-Premier League,2122,Leeds United,Liam McCarron,SCO,DF,20,2001,1,0,10,0.1,0,0,0,0,0,0,0,0,0.0,0.0,0.0,0.0,0.0
ENG-Premier League,2122,Leeds United,Luke Ayling,ENG,DF,29,1991,26,26,2272,25.2,2,2,4,2,0,0,4,1,0.08,0.08,0.16,0.08,0.16
ENG-Premier League,2122,Leeds United,Mateusz Klich,POL,MF,31,1990,33,26,2073,23.0,1,2,3,1,0,0,5,0,0.04,0.09,0.13,0.04,0.13
ENG-Premier League,2122,Leeds United,Pascal Struijk,NED,DF,21,1999,29,22,2055,22.8,1,0,1,1,0,0,6,1,0.04,0.0,0.04,0.04,0.04
ENG-Premier League,2122,Leeds United,Patrick Bamford,ENG,FW,27,1993,9,7,559,6.2,2,2,4,2,0,0,2,0,0.32,0.32,0.64,0.32,0.64
ENG-Premier League,2122,Leeds United,Raphinha,BRA,"MF,FW",24,1996,35,34,2915,32.4,11,3,14,7,4,4,7,0,0.34,0.09,0.43,0.22,0.31
ENG-Premier League,2122,Leeds United,Robin Koch,GER,"MF,DF",25,1996,20,17,1574,17.5,0,0,0,0,0,0,3,0,0.0,0.0,0.0,0.0,0.0
ENG-Premier League,2122,Leeds United,Rodrigo,ESP,"MF,FW",30,1991,31,27,2265,25.2,6,1,7,5,1,1,9,0,0.24,0.04,0.28,0.2,0.24
ENG-Premier League,2122,Leeds United,Sam Greenwood,ENG,MF,19,2002,7,1,237,2.6,0,2,2,0,0,0,0,0,0.0,0.76,0.76,0.0,0.76
ENG-Premier League,2122,Leeds United,Stuart Dallas,NIR,"DF,MF",30,1991,34,34,2919,32.4,1,1,2,1,0,0,5,0,0.03,0.03,0.06,0.03,0.06
ENG-Premier League,2122,Leeds United,Stuart McKinstry,SCO,MF,18,2002,1,0,4,0.0,0,0,0,0,0,0,0,0,0.0,0.0,0.0,0.0,0.0
ENG-Premier League,2122,Leeds United,Tyler Roberts,WAL,"MF,FW",22,1999,23,7,987,11.0,1,1,2,1,0,0,5,0,0.09,0.09,0.18,0.09,0.18
ENG-Premier League,2122,Leicester City,Ademola Lookman,NGA,"MF,FW",23,1997,26,16,1453,16.1,6,0,6,6,0,0,2,0,0.37,0.0,0.37,0.37,0.37
ENG-Premier League,2122,Leicester City,Ayoze Pérez,ESP,MF,28,1993,14,6,445,4.9,2,3,5,2,0,0,0,1,0.4,0.61,1.01,0.4,1.01
ENG-Premier League,2122,Leicester City,Boubakary Soumaré,FRA,MF,22,1999,19,12,1102,12.2,0,1,1,0,0,0,0,0,0.0,0.08,0.08,0.0,0.08
ENG-Premier League,2122,Leicester City,Daniel Amartey,GHA,DF,26,1994,28,23,2123,23.6,0,0,0,0,0,0,4,0,0.0,0.0,0.0,0.0,0.0
ENG-Premier League,2122,Leicester City,Danny Ward,WAL,GK,28,1993,1,1,90,1.0,0,0,0,0,0,0,0,0,0.0,0.0,0.0,0.0,0.0
ENG-Premier League,2122,Leicester City,Hamza Choudhury,BAN,"MF,DF",23,1997,6,4,285,3.2,0,0,0,0,0,0,1,0,0.0,0.0,0.0,0.0,0.0
ENG-Premier League,2122,Leicester City,Harvey Barnes,ENG,"MF,FW",23,1997,32,24,2101,23.3,6,10,16,6,0,0,2,0,0.26,0.43,0.69,0.26,0.69
ENG-Premier League,2122,Leicester City,James Justin,ENG,DF,23,1998,13,11,998,11.1,0,0,0,0,0,0,0,0,0.0,0.0,0.0,0.0,0.0
ENG-Premier League,2122,Leicester City,James Maddison,ENG,"MF,FW",24,1996,35,28,2459,27.3,12,8,20,12,0,0,3,0,0.44,0.29,0.73,0.44,0.73
ENG-Premier League,2122,Leicester City,Jamie Vardy,ENG,FW,34,1987,25,20,1806,20.1,15,2,17,15,0,0,2,0,0.75,0.1,0.85,0.75,0.85
ENG-Premier League,2122,Leicester City,Jannik Vestergaard,DEN,DF,28,1992,10,6,567,6.3,0,0,0,0,0,0,2,0,0.0,0.0,0.0,0.0,0.0
ENG-Premier League,2122,Leicester City,Jonny Evans,NIR,DF,33,1988,18,16,1348,15.0,1,1,2,1,0,0,3,0,0.07,0.07,0.13,0.07,0.13
ENG-Premier League,2122,Leicester City,Kasey McAteer,IRL,MF,19,2001,1,0,3,0.0,0,0,0,0,0,0,0,0,0.0,0.0,0.0,0.0,0.0
ENG-Premier League,2122,Leicester City,Kasper Schmeichel,DEN,GK,34,1986,37,37,3330,37.0,0,0,0,0,0,0,2,0,0.0,0.0,0.0,0.0,0.0
ENG-Premier League,2122,Leicester City,Kelechi Iheanacho,NGA,FW,24,1996,26,13,1264,14.0,4,5,9,4,0,0,1,0,0.28,0.36,0.64,0.28,0.64
ENG-Premier League,2122,Leicester City,Kiernan Dewsbury-Hall,ENG,MF,22,1998,28,23,2105,23.4,1,2,3,1,0,0,4,0,0.04,0.09,0.13,0.04,0.13
ENG-Premier League,2122,Leicester City,Lewis Brunt,ENG,"DF,MF",20,2000,1,0,24,0.3,0,0,0,0,0,0,0,0,0.0,0.0,0.0,0.0,0.0
ENG-Premier League,2122,Leicester City,Luke Thomas,ENG,"DF,MF",20,2001,22,21,1912,21.2,0,1,1,0,0,0,2,0,0.0,0.05,0.05,0.0,0.05
ENG-Premier League,2122,Leicester City,Marc Albrighton,ENG,"MF,FW",31,1989,17,11,1132,12.6,1,2,3,1,0,0,3,0,0.08,0.16,0.24,0.08,0.24
ENG-Premier League,2122,Leicester City,Nampalys Mendy,SEN,MF,29,1992,14,12,1032,11.5,0,0,0,0,0,0,3,0,0.0,0.0,0.0,0.0,0.0
ENG-Premier League,2122,Leicester City,Patson Daka,ZAM,FW,22,1998,23,13,1159,12.9,5,3,8,5,0,0,2,0,0.39,0.23,0.62,0.39,0.62
ENG-Premier League,2122,Leicester City,Ricardo Pereira,POR,"DF,MF",27,1993,14,13,991,11.0,1,3,4,1,0,0,3,0,0.09,0.27,0.36,0.09,0.36
ENG-Premier League,2122,Leicester City,Ryan Bertrand,ENG,DF,31,1989,4,4,337,3.7,0,0,0,0,0,0,1,0,0.0,0.0,0.0,0.0,0.0
ENG-Premier League,2122,Leicester City,Timothy Castagne,BEL,"DF,MF",25,1995,27,22,2127,23.6,1,0,1,1,0,0,1,0,0.04,0.0,0.04,0.04,0.04
ENG-Premier League,2122,Leicester City,Wesley Fofana,FRA,DF,20,2000,7,7,630,7.0,0,0,0,0,0,0,2,0,0.0,0.0,0.0,0.0,0.0
ENG-Premier League,2122,Leicester City,Wilfred Ndidi,NGA,"MF,DF",24,1996,19,18,1618,18.0,0,0,0,0,0,0,4,0,0.0,0.0,0.0,0.0,0.0
ENG-Premier League,2122,Leicester City,Youri Tielemans,BEL,MF,24,1997,32,29,2631,29.2,6,4,10,4,2,2,3,0,0.21,0.14,0.34,0.14,0.27
ENG-Premier League,2122,Leicester City,Çağlar Söyüncü,TUR,DF,25,1996,28,28,2497,27.7,1,0,1,1,0,0,5,0,0.04,0.0,0.04,0.04,0.04
ENG-Premier League,2122,Liverpool,Alex Oxlade-Chamberlain,ENG,"MF,FW",27,1993,17,9,785,8.7,2,1,3,2,0,0,0,0,0.23,0.11,0.34,0.23,0.34
ENG-Premier League,2122,Liverpool,Alisson,BRA,GK,28,1992,36,36,3240,36.0,0,1,1,0,0,0,0,0,0.0,0.03,0.03,0.0,0.03
ENG-Premier League,2122,Liverpool,Andy Robertson,SCO,DF,27,1994,29,29,2537,28.2,3,10,13,3,0,0,5,1,0.11,0.35,0.46,0.11,0.46
ENG-Premier League,2122,Liverpool,Caoimhín Kelleher,IRL,GK,22,1998,2,2,180,2.0,0,0,0,0,0,0,0,0,0.0,0.0,0.0,0.0,0.0
ENG-Premier League,2122,Liverpool,Curtis Jones,ENG,MF,20,2001,15,10,851,9.5,1,1,2,1,0,0,0,0,0.11,0.11,0.21,0.11,0.21
ENG-Premier League,2122,Liverpool,Diogo Jota,POR,FW,24,1996,35,27,2364,26.3,15,4,19,15,0,0,3,0,0.57,0.15,0.72,0.57,0.72
ENG-Premier League,2122,Liverpool,Divock Origi,BEL,"FW,MF",26,1995,7,0,133,1.5,3,0,3,3,0,0,0,0,2.03,0.0,2.03,2.03,2.03
ENG-Premier League,2122,Liverpool,Fabinho,BRA,MF,27,1993,29,26,2314,25.7,5,1,6,3,2,2,7,0,0.19,0.04,0.23,0.12,0.16
ENG-Premier League,2122,Liverpool,Harvey Elliott,ENG,MF,18,2003,6,4,346,3.8,0,0,0,0,0,0,0,0,0.0,0.0,0.0,0.0,0.0
ENG-Premier League,2122,Liverpool,Ibrahima Konaté,FRA,DF,22,1999,11,11,990,11.0,0,0,0,0,0,0,2,0,0.0,0.0,0.0,0.0,0.0
ENG-Premier League,2122,Liverpool,James Milner,ENG,"MF,DF",35,1986,24,9,853,9.5,0,1,1,0,0,0,2,0,0.0,0.11,0.11,0.0,0.11
ENG-Premier League,2122,Liverpool,Joe Gomez,ENG,DF,24,1997,8,4,331,3.7,0,1,1,0,0,0,2,0,0.0,0.27,0.27,0.0,0.27
ENG-Premier League,2122,Liverpool,Jordan Henderson,ENG,MF,31,1990,35,29,2597,28.9,2,5,7,2,0,0,3,0,0.07,0.17,0.24,0.07,0.24
ENG-Premier League,2122,Liverpool,Joël Matip,CMR,DF,29,1991,31,31,2790,31.0,3,3,6,3,0,0,2,0,0.1,0.1,0.19,0.1,0.19
ENG-Premier League,2122,Liverpool,Kaide Gordon,ENG,FW,16,2004,1,0,9,0.1,0,0,0,0,0,0,0,0,0.0,0.0,0.0,0.0,0.0
ENG-Premier League,2122,Liverpool,Kostas Tsimikas,GRE,DF,25,1996,13,9,877,9.7,0,2,2,0,0,0,3,0,0.0,0.21,0.21,0.0,0.21
ENG-Premier League,2122,Liverpool,Luis Díaz,COL,FW,24,1997,13,11,958,10.6,4,3,7,4,0,0,0,0,0.38,0.28,0.66,0.38,0.66
ENG-Premier League,2122,Liverpool,Mohamed Salah,EGY,FW,29,1992,35,30,2762,30.7,23,13,36,18,5,6,1,0,0.75,0.42,1.17,0.59,1.01
ENG-Premier League,2122,Liverpool,Naby Keïta,GUI,MF,26,1995,23,14,1173,13.0,3,1,4,3,0,0,3,0,0.23,0.08,0.31,0.23,0.31
ENG-Premier League,2122,Liverpool,Neco Williams,WAL,"DF,MF",20,2001,1,0,8,0.1,0,1,1,0,0,0,0,0,0.0,11.25,11.25,0.0,11.25
ENG-Premier League,2122,Liverpool,Roberto Firmino,BRA,FW,29,1991,20,10,990,11.0,5,4,9,5,0,0,3,0,0.45,0.36,0.82,0.45,0.82
ENG-Premier League,2122,Liverpool,Sadio Mané,SEN,FW,29,1992,34,32,2819,31.3,16,2,18,16,0,0,5,0,0.51,0.06,0.57,0.51,0.57
ENG-Premier League,2122,Liverpool,Takumi Minamino,JPN,FW,26,1995,11,1,186,2.1,3,0,3,3,0,0,1,0,1.45,0.0,1.45,1.45,1.45
ENG-Premier League,2122,Liverpool,Thiago Alcántara,ESP,MF,30,1991,25,17,1534,17.0,1,4,5,1,0,0,2,0,0.06,0.23,0.29,0.06,0.29
ENG-Premier League,2122,Liverpool,Trent Alexander-Arnold,ENG,DF,22,1998,32,32,2853,31.7,2,12,14,2,0,0,2,0,0.06,0.38,0.44,0.06,0.44
ENG-Premier League,2122,Liverpool,Tyler Morton,ENG,MF,18,2002,2,1,66,0.7,0,0,0,0,0,0,1,0,0.0,0.0,0.0,0.0,0.0
ENG-Premier League,2122,Liverpool,Virgil van Dijk,NED,DF,30,1991,34,34,3060,34.0,3,1,4,3,0,0,3,0,0.09,0.03,0.12,0.09,0.12
ENG-Premier League,2122,Manchester City,Aymeric Laporte,ESP,DF,27,1994,33,33,2828,31.4,4,0,4,4,0,0,5,1,0.13,0.0,0.13,0.13,0.13
ENG-Premier League,2122,Manchester City,Benjamin Mendy,FRA,DF,27,1994,1,1,78,0.9,0,0,0,0,0,0,0,0,0.0,0.0,0.0,0.0,0.0
ENG-Premier League,2122,Manchester City,Bernardo Silva,POR,"MF,FW",26,1994,35,33,2857,31.7,8,4,12,8,0,0,6,0,0.25,0.13,0.38,0.25,0.38
ENG-Premier League,2122,Manchester City,CJ Egan-Riley,ENG,DF,18,2003,1,0,4,0.0,0,0,0,0,0,0,0,0,0.0,0.0,0.0,0.0,0.0
ENG-Premier League,2122,Manchester City,Cole Palmer,ENG,FW,19,2002,4,1,123,1.4,0,0,0,0,0,0,0,0,0.0,0.0,0.0,0.0,0.0
ENG-Premier League,2122,Manchester City,Ederson Moraes,BRA,GK,27,1993,37,37,3330,37.0,0,0,0,0,0,0,3,0,0.0,0.0,0.0,0.0,0.0
ENG-Premier League,2122,Manchester City,Fernandinho,BRA,"MF,DF",36,1985,19,10,964,10.7,2,1,3,2,0,0,1,0,0.19,0.09,0.28,0.19,0.28
ENG-Premier League,2122,Manchester City,Ferran Torres,ESP,FW,21,2000,4,4,303,3.4,2,1,3,2,0,0,0,0,0.59,0.3,0.89,0.59,0.89
ENG-Premier League,2122,Manchester City,Gabriel Jesus,BRA,FW,24,1997,28,21,1877,20.9,8,8,16,7,1,1,1,0,0.38,0.38,0.77,0.34,0.72
ENG-Premier League,2122,Manchester City,Jack Grealish,ENG,"FW,MF",25,1995,26,22,1914,21.3,3,3,6,3,0,0,3,0,0.14,0.14,0.28,0.14,0.28
ENG-Premier League,2122,Manchester City,James Mcatee,ENG,MF,18,2002,2,0,20,0.2,0,0,0,0,0,0,0,0,0.0,0.0,0.0,0.0,0.0
ENG-Premier League,2122,Manchester City,John Stones,ENG,DF,27,1994,14,12,1119,12.4,1,0,1,1,0,0,0,0,0.08,0.0,0.08,0.08,0.08
ENG-Premier League,2122,Manchester City,João Cancelo,POR,DF,27,1994,36,36,3227,35.9,1,7,8,1,0,0,7,0,0.03,0.2,0.22,0.03,0.22
ENG-Premier League,2122,Manchester City,Kayky Chagas,BRA,MF,18,2003,1,0,7,0.1,0,0,0,0,0,0,0,0,0.0,0.0,0.0,0.0,0.0
ENG-Premier League,2122,Manchester City,Kevin De Bruyne,BEL,MF,30,1991,30,25,2201,24.5,15,8,23,15,0,0,2,0,0.61,0.33,0.94,0.61,0.94
ENG-Premier League,2122,Manchester City,Kyle Walker,ENG,DF,31,1990,20,20,1755,19.5,0,2,2,0,0,0,1,0,0.0,0.1,0.1,0.0,0.1
ENG-Premier League,2122,Manchester City,Liam Delap,ENG,FW,18,2003,1,0,10,0.1,0,0,0,0,0,0,0,0,0.0,0.0,0.0,0.0,0.0
ENG-Premier League,2122,Manchester City,Nathan Aké,NED,DF,26,1995,14,10,923,10.3,2,0,2,2,0,0,0,0,0.2,0.0,0.2,0.2,0.2
ENG-Premier League,2122,Manchester City,Oleksandr Zinchenko,UKR,DF,24,1996,15,10,1047,11.6,0,4,4,0,0,0,0,0,0.0,0.34,0.34,0.0,0.34
ENG-Premier League,2122,Manchester City,Phil Foden,ENG,FW,21,2000,28,24,2128,23.6,9,5,14,9,0,0,1,0,0.38,0.21,0.59,0.38,0.59
ENG-Premier League,2122,Manchester City,Raheem Sterling,ENG,"FW,MF",26,1994,30,23,2128,23.6,13,5,18,11,2,3,1,0,0.55,0.21,0.76,0.47,0.68
ENG-Premier League,2122,Manchester City,Riyad Mahrez,ALG,FW,30,1991,28,15,1498,16.6,11,5,16,7,4,5,0,0,0.66,0.3,0.96,0.42,0.72
ENG-Premier League,2122,Manchester City,Rodri,ESP,MF,25,1996,33,33,2884,32.0,7,2,9,7,0,0,5,0,0.22,0.06,0.28,0.22,0.28
ENG-Premier League,2122,Manchester City,Rúben Dias,POR,DF,24,1997,29,27,2402,26.7,2,4,6,2,0,0,5,0,0.07,0.15,0.22,0.07,0.22
ENG-Premier League,2122,Manchester City,Zack Steffen,USA,GK,26,1995,1,1,90,1.0,0,0,0,0,0,0,0,0,0.0,0.0,0.0,0.0,0.0
ENG-Premier League,2122,Manchester City,İlkay Gündoğan,GER,MF,30,1990,27,20,1857,20.6,8,4,12,8,0,0,1,0,0.39,0.19,0.58,0.39,0.58
ENG-Premier League,2122,Manchester Utd,Aaron Wan-Bissaka,COD,"DF,MF",23,1997,20,20,1793,19.9,0,0,0,0,0,0,2,0,0.0,0.0,0.0,0.0,0.0
ENG-Premier League,2122,Manchester Utd,Alejandro Garnacho,ARG,MF,17,2004,2,0,13,0.1,0,0,0,0,0,0,0,0,0.0,0.0,0.0,0.0,0.0
ENG-Premier League,2122,Manchester Utd,Alex Telles,BRA,DF,28,1992,21,18,1660,18.4,0,4,4,0,0,0,1,0,0.0,0.22,0.22,0.0,0.22
ENG-Premier League,2122,Manchester Utd,Anthony Elanga,SWE,MF,19,2002,21,14,1214,13.5,2,2,4,2,0,0,0,0,0.15,0.15,0.3,0.15,0.3
ENG-Premier League,2122,Manchester Utd,Anthony Martial,FRA,"MF,FW",25,1995,8,2,212,2.4,1,0,1,1,0,0,0,0,0.42,0.0,0.42,0.42,0.42
ENG-Premier League,2122,Manchester Utd,Bruno Fernandes,POR,MF,26,1994,36,35,3111,34.6,10,6,16,10,0,2,10,0,0.29,0.17,0.46,0.29,0.46
ENG-Premier League,2122,Manchester Utd,Cristiano Ronaldo,POR,FW,36,1985,30,27,2456,27.3,18,3,21,15,3,3,8,0,0.66,0.11,0.77,0.55,0.66
ENG-Premier League,2122,Manchester Utd,Daniel James,WAL,MF,23,1997,2,2,126,1.4,0,0,0,0,0,0,0,0,0.0,0.0,0.0,0.0,0.0
ENG-Premier League,2122,Manchester Utd,David de Gea,ESP,GK,30,1990,38,38,3420,38.0,0,0,0,0,0,0,0,0,0.0,0.0,0.0,0.0,0.0
ENG-Premier League,2122,Manchester Utd,Diogo Dalot,POR,DF,22,1999,24,19,1801,20.0,0,0,0,0,0,0,4,0,0.0,0.0,0.0,0.0,0.0
ENG-Premier League,2122,Manchester Utd,Donny van de Beek,NED,MF,24,1997,8,0,75,0.8,1,0,1,1,0,0,0,0,1.2,0.0,1.2,1.2,1.2
ENG-Premier League,2122,Manchester Utd,Edinson Cavani,URU,FW,34,1987,15,7,766,8.5,2,1,3,2,0,0,0,0,0.23,0.12,0.35,0.23,0.35
ENG-Premier League,2122,Manchester Utd,Eric Bailly,CIV,DF,27,1994,4,3,217,2.4,0,0,0,0,0,0,1,0,0.0,0.0,0.0,0.0,0.0
ENG-Premier League,2122,Manchester Utd,Fred,BRA,MF,28,1993,28,24,2028,22.5,4,4,8,4,0,0,5,0,0.18,0.18,0.36,0.18,0.36
ENG-Premier League,2122,Manchester Utd,Hannibal Mejbri,TUN,MF,18,2003,2,1,68,0.8,0,0,0,0,0,0,2,0,0.0,0.0,0.0,0.0,0.0
ENG-Premier League,2122,Manchester Utd,Harry Maguire,ENG,DF,28,1993,30,28,2515,27.9,1,0,1,1,0,0,9,1,0.04,0.0,0.04,0.04,0.04
ENG-Premier League,2122,Manchester Utd,Jadon Sancho,ENG,"MF,FW",21,2000,29,20,1900,21.1,3,3,6,3,0,0,0,0,0.14,0.14,0.28,0.14,0.28
ENG-Premier League,2122,Manchester Utd,Jesse Lingard,ENG,MF,28,1992,16,2,367,4.1,2,0,2,2,0,0,1,0,0.49,0.0,0.49,0.49,0.49
ENG-Premier League,2122,Manchester Utd,Juan Mata,ESP,MF,33,1988,7,2,235,2.6,0,0,0,0,0,0,0,0,0.0,0.0,0.0,0.0,0.0
ENG-Premier League,2122,Manchester Utd,Luke Shaw,ENG,"DF,MF",26,1995,20,19,1601,17.8,0,3,3,0,0,0,8,0,0.0,0.17,0.17,0.0,0.17
ENG-Premier League,2122,Manchester Utd,Marcus Rashford,ENG,"MF,FW",23,1997,25,13,1235,13.7,4,2,6,4,0,0,2,0,0.29,0.15,0.44,0.29,0.44
ENG-Premier League,2122,Manchester Utd,Mason Greenwood,ENG,"MF,FW",19,2001,18,16,1271,14.1,5,1,6,5,0,0,1,0,0.35,0.07,0.42,0.35,0.42
ENG-Premier League,2122,Manchester Utd,Nemanja Matić,SRB,MF,32,1988,23,16,1382,15.4,0,4,4,0,0,0,3,0,0.0,0.26,0.26,0.0,0.26
ENG-Premier League,2122,Manchester Utd,Paul Pogba,FRA,MF,28,1993,20,16,1349,15.0,1,9,10,1,0,0,7,1,0.07,0.6,0.67,0.07,0.67
ENG-Premier League,2122,Manchester Utd,Phil Jones,ENG,DF,29,1992,4,2,163,1.8,0,0,0,0,0,0,0,0,0.0,0.0,0.0,0.0,0.0
ENG-Premier League,2122,Manchester Utd,Raphaël Varane,FRA,DF,28,1993,22,20,1831,20.3,1,1,2,1,0,0,0,0,0.05,0.05,0.1,0.05,0.1
ENG-Premier League,2122,Manchester Utd,Scott McTominay,SCO,MF,24,1996,30,28,2387,26.5,1,1,2,1,0,0,9,0,0.04,0.04,0.08,0.04,0.08
ENG-Premier League,2122,Manchester Utd,Shola Shoretire,ENG,"FW,MF",17,2004,1,0,16,0.2,0,0,0,0,0,0,0,0,0.0,0.0,0.0,0.0,0.0
ENG-Premier League,2122,Manchester Utd,Victor Lindelöf,SWE,DF,27,1994,28,26,2355,26.2,0,2,2,0,0,0,4,0,0.0,0.08,0.08,0.0,0.08
ENG-Premier League,2122,Newcastle,Allan Saint-Maximin,FRA,"FW,MF",24,1997,35,31,2804,31.2,5,5,10,5,0,0,6,0,0.16,0.16,0.32,0.16,0.32
ENG-Premier League,2122,Newcastle,Bruno Guimarães,BRA,MF,23,1997,17,11,1034,11.5,5,1,6,5,0,0,4,0,0.44,0.09,0.52,0.44,0.52
ENG-Premier League,2122,Newcastle,Callum Wilson,ENG,FW,29,1992,18,16,1386,15.4,8,0,8,6,2,2,4,0,0.52,0.0,0.52,0.39,0.39
ENG-Premier League,2122,Newcastle,Chris Wood,NZL,FW,29,1991,17,15,1327,14.7,2,0,2,1,1,1,0,0,0.14,0.0,0.14,0.07,0.07
ENG-Premier League,2122,Newcastle,Ciaran Clark,IRL,DF,31,1989,13,12,1014,11.3,0,1,1,0,0,0,2,1,0.0,0.09,0.09,0.0,0.09
ENG-Premier League,2122,Newcastle,Dan Burn,ENG,DF,29,1992,16,16,1440,16.0,0,1,1,0,0,0,4,0,0.0,0.06,0.06,0.0,0.06
ENG-Premier League,2122,Newcastle,Dwight Gayle,ENG,FW,30,1990,8,0,38,0.4,0,0,0,0,0,0,1,0,0.0,0.0,0.0,0.0,0.0
ENG-Premier League,2122,Newcastle,Emil Krafth,SWE,DF,26,1994,20,18,1634,18.2,0,1,1,0,0,0,5,0,0.0,0.06,0.06,0.0,0.06
ENG-Premier League,2122,Newcastle,Fabian Schär,SUI,DF,29,1991,25,25,2158,24.0,2,2,4,2,0,0,4,0,0.08,0.08,0.17,0.08,0.17
ENG-Premier League,2122,Newcastle,Federico Fernández,ARG,DF,32,1989,7,5,523,5.8,0,0,0,0,0,0,0,0,0.0,0.0,0.0,0.0,0.0
ENG-Premier League,2122,Newcastle,Freddie Woodman,ENG,GK,24,1997,4,4,360,4.0,0,0,0,0,0,0,0,0,0.0,0.0,0.0,0.0,0.0
ENG-Premier League,2122,Newcastle,Isaac Hayden,JAM,"MF,DF",26,1995,14,12,1002,11.1,1,0,1,1,0,0,5,0,0.09,0.0,0.09,0.09,0.09
ENG-Premier League,2122,Newcastle,Jacob Murphy,ENG,"FW,MF",26,1995,33,13,1473,16.4,1,2,3,1,0,0,4,0,0.06,0.12,0.18,0.06,0.18
ENG-Premier League,2122,Newcastle,Jamaal Lascelles,ENG,DF,27,1993,26,22,2058,22.9,1,0,1,1,0,0,5,0,0.04,0.0,0.04,0.04,0.04
ENG-Premier League,2122,Newcastle,Jamal Lewis,NIR,DF,23,1998,5,4,262,2.9,0,0,0,0,0,0,1,0,0.0,0.0,0.0,0.0,0.0
ENG-Premier League,2122,Newcastle,Javier Manquillo,ESP,DF,27,1994,19,15,1257,14.0,1,2,3,1,0,0,5,0,0.07,0.14,0.21,0.07,0.21
ENG-Premier League,2122,Newcastle,Jeff Hendrick,IRL,MF,29,1992,3,0,72,0.8,1,0,1,1,0,0,0,0,1.25,0.0,1.25,1.25,1.25
ENG-Premier League,2122,Newcastle,Joe Willock,ENG,MF,21,1999,29,24,2038,22.6,2,0,2,2,0,0,0,0,0.09,0.0,0.09,0.09,0.09
ENG-Premier League,2122,Newcastle,Joelinton,BRA,"MF,FW",24,1996,35,30,2558,28.4,4,1,5,4,0,0,8,0,0.14,0.04,0.18,0.14,0.18
ENG-Premier League,2122,Newcastle,Jonjo Shelvey,ENG,MF,29,1992,24,22,1983,22.0,2,1,3,2,0,0,7,1,0.09,0.05,0.14,0.09,0.14
ENG-Premier League,2122,Newcastle,Karl Darlow,WAL,GK,30,1990,8,8,720,8.0,0,0,0,0,0,0,1,0,0.0,0.0,0.0,0.0,0.0
ENG-Premier League,2122,Newcastle,Kieran Trippier,ENG,DF,30,1990,6,5,429,4.8,2,0,2,2,0,0,0,0,0.42,0.0,0.42,0.42,0.42
ENG-Premier League,2122,Newcastle,Martin Dúbravka,SVK,GK,32,1989,26,26,2340,26.0,0,0,0,0,0,0,1,0,0.0,0.0,0.0,0.0,0.0
ENG-Premier League,2122,Newcastle,Matt Ritchie,SCO,"DF,MF",31,1989,18,14,1337,14.9,0,2,2,0,0,0,5,0,0.0,0.13,0.13,0.0,0.13
ENG-Premier League,2122,Newcastle,Matt Targett,ENG,DF,25,1995,16,16,1440,16.0,0,0,0,0,0,0,1,0,0.0,0.0,0.0,0.0,0.0
ENG-Premier League,2122,Newcastle,Miguel Almirón,PAR,"MF,FW",27,1994,30,19,1716,19.1,1,0,1,1,0,0,2,0,0.05,0.0,0.05,0.05,0.05
ENG-Premier League,2122,Newcastle,Paul Dummett,WAL,DF,29,1991,3,2,198,2.2,0,0,0,0,0,0,2,0,0.0,0.0,0.0,0.0,0.0
ENG-Premier League,2122,Newcastle,Ryan Fraser,SCO,"FW,MF",27,1994,27,18,1465,16.3,2,3,5,2,0,0,3,0,0.12,0.18,0.31,0.12,0.31
ENG-Premier League,2122,Newcastle,Sean Longstaff,ENG,MF,23,1997,24,15,1464,16.3,1,1,2,1,0,0,1,0,0.06,0.06,0.12,0.06,0.12
ENG-Premier League,2122,Norwich City,Adam Idah,IRL,"FW,MF",20,2001,17,6,625,6.9,1,1,2,1,0,0,0,0,0.14,0.14,0.29,0.14,0.29
ENG-Premier League,2122,Norwich City,Andrew Omobamidele,IRL,DF,19,2002,5,4,382,4.2,1,0,1,1,0,0,1,0,0.24,0.0,0.24,0.24,0.24
ENG-Premier League,2122,Norwich City,Angus Gunn,SCO,GK,25,1996,9,9,810,9.0,0,0,0,0,0,0,0,0,0.0,0.0,0.0,0.0,0.0
ENG-Premier League,2122,Norwich City,Bali Mumba,ENG,"DF,MF",19,2001,1,0,45,0.5,0,0,0,0,0,0,0,0,0.0,0.0,0.0,0.0,0.0
ENG-Premier League,2122,Norwich City,Ben Gibson,ENG,DF,28,1993,28,28,2494,27.7,0,0,0,0,0,0,5,1,0.0,0.0,0.0,0.0,0.0
ENG-Premier League,2122,Norwich City,Billy Gilmour,SCO,MF,20,2001,24,21,1855,20.6,0,1,1,0,0,0,2,0,0.0,0.05,0.05,0.0,0.05
ENG-Premier League,2122,Norwich City,Brandon Williams,ENG,DF,20,2000,26,23,2120,23.6,0,1,1,0,0,0,8,0,0.0,0.04,0.04,0.0,0.04
ENG-Premier League,2122,Norwich City,Christoph Zimmermann,GER,DF,28,1993,3,2,157,1.7,0,0,0,0,0,0,0,0,0.0,0.0,0.0,0.0,0.0
ENG-Premier League,2122,Norwich City,Christos Tzolis,GRE,"MF,FW",19,2002,14,3,336,3.7,0,0,0,0,0,0,0,0,0.0,0.0,0.0,0.0,0.0
ENG-Premier League,2122,Norwich City,Dimitris Giannoulis,GRE,"DF,MF",25,1995,18,14,1169,13.0,0,1,1,0,0,0,2,0,0.0,0.08,0.08,0.0,0.08
ENG-Premier League,2122,Norwich City,Grant Hanley,SCO,DF,29,1991,33,33,2897,32.2,1,0,1,1,0,0,2,0,0.03,0.0,0.03,0.03,0.03
ENG-Premier League,2122,Norwich City,Jakob Sørensen,DEN,"MF,DF",23,1998,10,6,604,6.7,0,0,0,0,0,0,0,0,0.0,0.0,0.0,0.0,0.0
ENG-Premier League,2122,Norwich City,Jonathan Rowe,ENG,"FW,MF",18,2003,13,0,223,2.5,0,1,1,0,0,0,0,0,0.0,0.4,0.4,0.0,0.4
ENG-Premier League,2122,Norwich City,Josh Sargent,USA,"FW,MF",21,2000,26,18,1572,17.5,2,1,3,2,0,0,1,0,0.11,0.06,0.17,0.11,0.17
ENG-Premier League,2122,Norwich City,Kenny McLean,SCO,MF,29,1992,31,29,2706,30.1,1,0,1,1,0,0,3,0,0.03,0.0,0.03,0.03,0.03
ENG-Premier League,2122,Norwich City,Kieran Dowell,ENG,MF,23,1997,19,11,912,10.1,1,1,2,1,0,0,0,0,0.1,0.1,0.2,0.1,0.2
ENG-Premier League,2122,Norwich City,Lukas Rupp,GER,MF,30,1991,19,7,769,8.5,0,0,0,0,0,0,0,0,0.0,0.0,0.0,0.0,0.0
ENG-Premier League,2122,Norwich City,Mathias Normann,NOR,MF,25,1996,23,20,1645,18.3,1,2,3,1,0,0,6,0,0.05,0.11,0.16,0.05,0.16
ENG-Premier League,2122,Norwich City,Max Aarons,ENG,DF,21,2000,34,32,2881,32.0,0,2,2,0,0,0,8,0,0.0,0.06,0.06,0.0,0.06
ENG-Premier League,2122,Norwich City,Milot Rashica,KVX,"MF,FW",25,1996,31,25,2229,24.8,1,2,3,1,0,0,0,0,0.04,0.08,0.12,0.04,0.12
ENG-Premier League,2122,Norwich City,Ozan Kabak,TUR,DF,21,2000,11,11,922,10.2,0,0,0,0,0,0,2,0,0.0,0.0,0.0,0.0,0.0
ENG-Premier League,2122,Norwich City,Pierre Lees-Melou,FRA,MF,28,1993,33,27,2265,25.2,1,0,1,1,0,0,5,0,0.04,0.0,0.04,0.04,0.04
ENG-Premier League,2122,Norwich City,Przemysław Płacheta,POL,"MF,FW",23,1998,12,6,504,5.6,0,0,0,0,0,0,1,0,0.0,0.0,0.0,0.0,0.0
ENG-Premier League,2122,Norwich City,Sam Byram,ENG,DF,27,1993,15,11,1027,11.4,0,0,0,0,0,0,3,0,0.0,0.0,0.0,0.0,0.0
ENG-Premier League,2122,Norwich City,Teemu Pukki,FIN,FW,31,1990,37,37,3253,36.1,11,3,14,8,3,3,4,0,0.3,0.08,0.39,0.22,0.3
ENG-Premier League,2122,Norwich City,Tim Krul,NED,GK,33,1988,29,29,2610,29.0,0,0,0,0,0,0,1,0,0.0,0.0,0.0,0.0,0.0
ENG-Premier League,2122,Norwich City,Todd Cantwell,ENG,"FW,MF",23,1998,8,5,441,4.9,0,0,0,0,0,0,2,0,0.0,0.0,0.0,0.0,0.0
ENG-Premier League,2122,Norwich City,Tony Springett,IRL,MF,18,2002,3,1,141,1.6,0,0,0,0,0,0,1,0,0.0,0.0,0.0,0.0,0.0
ENG-Premier League,2122,Southampton,Adam Armstrong,ENG,FW,24,1997,23,17,1413,15.7,2,2,4,2,0,0,1,0,0.13,0.13,0.25,0.13,0.25
ENG-Premier League,2122,Southampton,Alex McCarthy,ENG,GK,31,1989,17,17,1530,17.0,0,0,0,0,0,0,1,0,0.0,0.0,0.0,0.0,0.0
ENG-Premier League,2122,Southampton,Armando Broja,ALB,FW,19,2001,32,21,1975,21.9,6,0,6,6,0,0,2,0,0.27,0.0,0.27,0.27,0.27
ENG-Premier League,2122,Southampton,Ché Adams,SCO,FW,25,1996,30,23,2039,22.7,7,3,10,7,0,0,0,0,0.31,0.13,0.44,0.31,0.44
ENG-Premier League,2122,Southampton,Fraser Forster,ENG,GK,33,1988,19,19,1710,19.0,0,0,0,0,0,0,1,0,0.0,0.0,0.0,0.0,0.0
ENG-Premier League,2122,Southampton,Ibrahima Diallo,FRA,MF,22,1999,23,10,1023,11.4,0,2,2,0,0,0,1,0,0.0,0.18,0.18,0.0,0.18
ENG-Premier League,2122,Southampton,Jack Stephens,ENG,DF,27,1994,11,9,811,9.0,0,0,0,0,0,0,3,0,0.0,0.0,0.0,0.0,0.0
ENG-Premier League,2122,Southampton,James Ward-Prowse,ENG,MF,26,1994,36,36,3215,35.7,10,5,15,6,4,4,3,1,0.28,0.14,0.42,0.17,0.31
ENG-Premier League,2122,Southampton,Jan Bednarek,POL,DF,25,1996,31,30,2629,29.2,4,0,4,4,0,0,10,0,0.14,0.0,0.14,0.14,0.14
ENG-Premier League,2122,Southampton,Kyle Walker-Peters,ENG,DF,24,1997,32,29,2633,29.3,1,2,3,1,0,0,5,0,0.03,0.07,0.1,0.03,0.1
ENG-Premier League,2122,Southampton,Lyanco,BRA,DF,24,1997,15,9,911,10.1,0,0,0,0,0,0,2,0,0.0,0.0,0.0,0.0,0.0
ENG-Premier League,2122,Southampton,Mohamed Elyounoussi,NOR,MF,26,1994,30,23,2042,22.7,4,2,6,4,0,0,4,0,0.18,0.09,0.26,0.18,0.26
ENG-Premier League,2122,Southampton,Mohammed Salisu,GHA,DF,22,1999,34,33,2972,33.0,0,0,0,0,0,0,10,1,0.0,0.0,0.0,0.0,0.0
ENG-Premier League,2122,Southampton,Moussa Djenepo,MLI,MF,23,1998,12,5,457,5.1,0,0,0,0,0,0,3,0,0.0,0.0,0.0,0.0,0.0
ENG-Premier League,2122,Southampton,Nathan Redmond,ENG,"MF,FW",27,1994,27,20,1833,20.4,1,5,6,1,0,0,0,0,0.05,0.25,0.29,0.05,0.29
ENG-Premier League,2122,Southampton,Nathan Tella,NGA,"MF,FW",22,1999,14,10,804,8.9,0,1,1,0,0,0,2,0,0.0,0.11,0.11,0.0,0.11
ENG-Premier League,2122,Southampton,Oriol Romeu,ESP,MF,29,1991,36,34,2889,32.1,2,2,4,2,0,0,9,0,0.06,0.06,0.12,0.06,0.12
ENG-Premier League,2122,Southampton,Romain Perraud,FRA,"DF,MF",23,1997,20,18,1623,18.0,0,1,1,0,0,0,3,0,0.0,0.06,0.06,0.0,0.06
ENG-Premier League,2122,Southampton,Shane Long,IRL,FW,34,1987,13,3,308,3.4,1,0,1,1,0,0,1,0,0.29,0.0,0.29,0.29,0.29
ENG-Premier League,2122,Southampton,Stuart Armstrong,SCO,"MF,FW",29,1992,25,15,1473,16.4,2,0,2,2,0,0,1,0,0.12,0.0,0.12,0.12,0.12
ENG-Premier League,2122,Southampton,Theo Walcott,ENG,MF,32,1989,9,5,379,4.2,0,0,0,0,0,0,0,0,0.0,0.0,0.0,0.0,0.0
ENG-Premier League,2122,Southampton,Tino Livramento,ENG,DF,18,2002,28,25,2202,24.5,1,1,2,1,0,0,2,0,0.04,0.04,0.08,0.04,0.08
ENG-Premier League,2122,Southampton,William Smallbone,IRL,"MF,FW",21,2000,4,2,133,1.5,0,0,0,0,0,0,0,0,0.0,0.0,0.0,0.0,0.0
ENG-Premier League,2122,Southampton,Willy Caballero,ARG,GK,39,1981,2,2,180,2.0,0,0,0,0,0,0,1,0,0.0,0.0,0.0,0.0,0.0
ENG-Premier League,2122,Southampton,Yan Valery,TUN,DF,22,1999,5,3,370,4.1,0,0,0,0,0,0,0,0,0.0,0.0,0.0,0.0,0.0
ENG-Premier League,2122,Tottenham,Ben Davies,WAL,DF,28,1993,29,28,2538,28.2,1,1,2,1,0,0,6,0,0.04,0.04,0.07,0.04,0.07
ENG-Premier League,2122,Tottenham,Bryan Gil,ESP,"FW,MF",20,2001,9,0,94,1.0,0,0,0,0,0,0,0,0,0.0,0.0,0.0,0.0,0.0
ENG-Premier League,2122,Tottenham,Cristian Romero,ARG,DF,23,1998,22,21,1844,20.5,1,0,1,1,0,0,8,0,0.05,0.0,0.05,0.05,0.05
ENG-Premier League,2122,Tottenham,Dane Scarlett,ENG,FW,17,2004,1,0,4,0.0,0,0,0,0,0,0,0,0,0.0,0.0,0.0,0.0,0.0
ENG-Premier League,2122,Tottenham,Davinson Sánchez,COL,DF,25,1996,23,17,1631,18.1,2,0,2,2,0,0,4,0,0.11,0.0,0.11,0.11,0.11
ENG-Premier League,2122,Tottenham,Dejan Kulusevski,SWE,"MF,FW",21,2000,18,14,1261,14.0,5,8,13,5,0,0,3,0,0.36,0.57,0.93,0.36,0.93
ENG-Premier League,2122,Tottenham,Dele Alli,ENG,MF,25,1996,10,8,657,7.3,1,0,1,0,1,1,1,0,0.14,0.0,0.14,0.0,0.0
ENG-Premier League,2122,Tottenham,Emerson,BRA,"MF,DF",22,1999,31,26,2286,25.4,1,1,2,1,0,0,5,0,0.04,0.04,0.08,0.04,0.08
ENG-Premier League,2122,Tottenham,Eric Dier,ENG,DF,27,1994,35,35,3071,34.1,0,0,0,0,0,0,1,0,0.0,0.0,0.0,0.0,0.0
ENG-Premier League,2122,Tottenham,Giovani Lo Celso,ARG,MF,25,1996,9,2,238,2.6,0,0,0,0,0,0,0,0,0.0,0.0,0.0,0.0,0.0
ENG-Premier League,2122,Tottenham,Harry Kane,ENG,FW,28,1993,37,36,3232,35.9,17,9,26,13,4,4,5,0,0.47,0.25,0.72,0.36,0.61
ENG-Premier League,2122,Tottenham,Harry Winks,ENG,MF,25,1996,19,9,912,10.1,0,1,1,0,0,0,2,0,0.0,0.1,0.1,0.0,0.1
ENG-Premier League,2122,Tottenham,Hugo Lloris,FRA,GK,34,1986,38,38,3420,38.0,0,0,0,0,0,0,2,0,0.0,0.0,0.0,0.0,0.0
ENG-Premier League,2122,Tottenham,Japhet Tanganga,ENG,"DF,MF",22,1999,11,10,735,8.2,0,0,0,0,0,0,4,1,0.0,0.0,0.0,0.0,0.0
ENG-Premier League,2122,Tottenham,Joe Rodon,WAL,DF,23,1997,3,0,89,1.0,0,0,0,0,0,0,0,0,0.0,0.0,0.0,0.0,0.0
ENG-Premier League,2122,Tottenham,Lucas Moura,BRA,"MF,FW",28,1992,34,19,1775,19.7,2,6,8,2,0,0,4,0,0.1,0.3,0.41,0.1,0.41
ENG-Premier League,2122,Tottenham,Matt Doherty,IRL,MF,29,1992,15,9,875,9.7,2,4,6,2,0,0,0,0,0.21,0.41,0.62,0.21,0.62
ENG-Premier League,2122,Tottenham,Oliver Skipp,ENG,MF,20,2000,18,14,1350,15.0,0,0,0,0,0,0,6,0,0.0,0.0,0.0,0.0,0.0
ENG-Premier League,2122,Tottenham,Pierre Højbjerg,DEN,MF,25,1995,36,36,3196,35.5,2,2,4,2,0,0,3,0,0.06,0.06,0.11,0.06,0.11
ENG-Premier League,2122,Tottenham,Rodrigo Bentancur,URU,MF,24,1997,17,16,1361,15.1,0,4,4,0,0,0,5,0,0.0,0.26,0.26,0.0,0.26
ENG-Premier League,2122,Tottenham,Ryan Sessegnon,ENG,MF,21,2000,15,13,1047,11.6,0,2,2,0,0,0,2,0,0.0,0.17,0.17,0.0,0.17
ENG-Premier League,2122,Tottenham,Sergio Reguilón,ESP,"MF,DF",24,1996,25,22,1916,21.3,2,3,5,2,0,0,4,0,0.09,0.14,0.23,0.09,0.23
ENG-Premier League,2122,Tottenham,Son Heung-min,KOR,"MF,FW",29,1992,35,35,3006,33.4,23,7,30,23,0,0,2,0,0.69,0.21,0.9,0.69,0.9
ENG-Premier League,2122,Tottenham,Steven Bergwijn,NED,"MF,FW",23,1997,25,4,565,6.3,3,1,4,3,0,0,1,0,0.48,0.16,0.64,0.48,0.64
ENG-Premier League,2122,Tottenham,Tanguy Ndombele,FRA,MF,24,1996,9,6,484,5.4,1,1,2,1,0,0,1,0,0.19,0.19,0.37,0.19,0.37
ENG-Premier League,2122,Watford,Adam Masina,MAR,DF,27,1994,15,13,1077,12.0,0,1,1,0,0,0,0,0,0.0,0.08,0.08,0.0,0.08
ENG-Premier League,2122,Watford,Ashley Fletcher,ENG,FW,25,1995,3,0,30,0.3,0,0,0,0,0,0,0,0,0.0,0.0,0.0,0.0,0.0
ENG-Premier League,2122,Watford,Ben Foster,ENG,GK,38,1983,26,26,2340,26.0,0,1,1,0,0,0,0,0,0.0,0.04,0.04,0.0,0.04
ENG-Premier League,2122,Watford,Christian Kabasele,BEL,DF,30,1991,16,12,1193,13.3,0,0,0,0,0,0,0,0,0.0,0.0,0.0,0.0,0.0
ENG-Premier League,2122,Watford,Craig Cathcart,NIR,DF,32,1989,31,27,2396,26.6,0,1,1,0,0,0,3,0,0.0,0.04,0.04,0.0,0.04
ENG-Premier League,2122,Watford,Cucho,COL,"MF,FW",22,1999,25,11,1147,12.7,5,2,7,5,0,0,3,0,0.39,0.16,0.55,0.39,0.55
ENG-Premier League,2122,Watford,Dan Gosling,ENG,MF,31,1990,4,2,166,1.8,1,0,1,1,0,0,0,0,0.54,0.0,0.54,0.54,0.54
ENG-Premier League,2122,Watford,Daniel Bachmann,AUT,GK,27,1994,12,12,1080,12.0,0,0,0,0,0,0,0,0,0.0,0.0,0.0,0.0,0.0
ENG-Premier League,2122,Watford,Danny Rose,ENG,DF,31,1990,8,7,689,7.7,0,0,0,0,0,0,4,0,0.0,0.0,0.0,0.0,0.0
ENG-Premier League,2122,Watford,Edo Kayembe,COD,MF,23,1998,13,9,799,8.9,0,0,0,0,0,0,0,0,0.0,0.0,0.0,0.0,0.0
ENG-Premier League,2122,Watford,Emmanuel Dennis,NGA,"FW,MF",23,1997,33,30,2581,28.7,10,6,16,10,0,0,9,1,0.35,0.21,0.56,0.35,0.56
ENG-Premier League,2122,Watford,Francisco Sierralta,CHI,DF,24,1997,5,5,427,4.7,0,0,0,0,0,0,0,0,0.0,0.0,0.0,0.0,0.0
ENG-Premier League,2122,Watford,Hassane Kamara,CIV,DF,27,1994,19,18,1623,18.0,1,0,1,1,0,0,5,1,0.06,0.0,0.06,0.06,0.06
ENG-Premier League,2122,Watford,Imran Louza,MAR,MF,22,1999,20,17,1416,15.7,0,0,0,0,0,0,6,0,0.0,0.0,0.0,0.0,0.0
ENG-Premier League,2122,Watford,Ismaila Sarr,SEN,"MF,FW",23,1998,22,21,1861,20.7,5,2,7,5,0,1,2,0,0.24,0.1,0.34,0.24,0.34
ENG-Premier League,2122,Watford,Jeremy Ngakia,,DF,20,2000,16,9,903,10.0,0,0,0,0,0,0,0,0,0.0,0.0,0.0,0.0,0.0
ENG-Premier League,2122,Watford,Joshua King,NOR,"FW,MF",29,1992,32,27,2248,25.0,5,3,8,4,1,1,5,0,0.2,0.12,0.32,0.16,0.28
ENG-Premier League,2122,Watford,João Pedro,BRA,"FW,MF",19,2001,28,15,1644,18.3,3,1,4,3,0,0,1,0,0.16,0.05,0.22,0.16,0.22
ENG-Premier League,2122,Watford,Juraj Kucka,SVK,MF,34,1987,26,22,1920,21.3,1,1,2,1,0,0,5,1,0.05,0.05,0.09,0.05,0.09
ENG-Premier League,2122,Watford,Ken Sema,SWE,"MF,FW",27,1993,18,7,852,9.5,0,0,0,0,0,0,1,0,0.0,0.0,0.0,0.0,0.0
ENG-Premier League,2122,Watford,Kiko Femenía,ESP,DF,30,1991,27,26,2142,23.8,0,5,5,0,0,0,2,0,0.0,0.21,0.21,0.0,0.21
ENG-Premier League,2122,Watford,Moussa Sissoko,FRA,MF,31,1989,36,36,3220,35.8,2,1,3,2,0,0,5,0,0.06,0.03,0.08,0.06,0.08
ENG-Premier League,2122,Watford,Nicolas Nkoulou,CMR,DF,31,1990,3,2,168,1.9,0,0,0,0,0,0,0,0,0.0,0.0,0.0,0.0,0.0
ENG-Premier League,2122,Watford,Oghenekaro Etebo,NGA,MF,25,1995,9,4,401,4.5,0,0,0,0,0,0,3,0,0.0,0.0,0.0,0.0,0.0
ENG-Premier League,2122,Watford,Ozan Tufan,TUR,MF,26,1995,7,4,334,3.7,0,0,0,0,0,0,0,0,0.0,0.0,0.0,0.0,0.0
ENG-Premier League,2122,Watford,Samir Santos,BRA,DF,26,1994,19,19,1673,18.6,0,0,0,0,0,0,4,0,0.0,0.0,0.0,0.0,0.0
ENG-Premier League,2122,Watford,Samuel Kalu,NGA,FW,23,1997,4,2,222,2.5,0,0,0,0,0,0,0,0,0.0,0.0,0.0,0.0,0.0
ENG-Premier League,2122,Watford,Tom Cleverley,ENG,MF,31,1989,28,20,1616,18.0,0,2,2,0,0,0,2,0,0.0,0.11,0.11,0.0,0.11
ENG-Premier League,2122,Watford,Troy Deeney,ENG,FW,33,1988,2,0,25,0.3,0,0,0,0,0,0,0,0,0.0,0.0,0.0,0.0,0.0
ENG-Premier League,2122,Watford,William Troost-Ekong,NGA,DF,27,1993,17,15,1390,15.4,0,0,0,0,0,0,3,0,0.0,0.0,0.0,0.0,0.0
ENG-Premier League,2122,West Ham,Aaron Cresswell,ENG,DF,31,1989,31,31,2726,30.3,2,3,5,2,0,0,3,0,0.07,0.1,0.17,0.07,0.17
ENG-Premier League,2122,West Ham,Alex Král,CZE,MF,23,1998,1,0,1,0.0,0,0,0,0,0,0,0,0,0.0,0.0,0.0,0.0,0.0
ENG-Premier League,2122,West Ham,Alphonse Areola,FRA,GK,28,1993,1,1,90,1.0,0,0,0,0,0,0,0,0,0.0,0.0,0.0,0.0,0.0
ENG-Premier League,2122,West Ham,Andriy Yarmolenko,UKR,MF,31,1989,19,1,316,3.5,1,0,1,1,0,0,1,0,0.28,0.0,0.28,0.28,0.28
ENG-Premier League,2122,West Ham,Angelo Ogbonna,ITA,DF,33,1988,11,11,921,10.2,1,0,1,1,0,0,1,0,0.1,0.0,0.1,0.1,0.1
ENG-Premier League,2122,West Ham,Arthur Masuaku,COD,"MF,DF",27,1993,13,6,650,7.2,1,1,2,1,0,0,1,0,0.14,0.14,0.28,0.14,0.28
ENG-Premier League,2122,West Ham,Ben Johnson,ENG,"DF,MF",21,2000,20,16,1397,15.5,1,0,1,1,0,0,1,0,0.06,0.0,0.06,0.06,0.06
ENG-Premier League,2122,West Ham,Craig Dawson,ENG,DF,31,1990,34,30,2754,30.6,2,2,4,2,0,0,5,1,0.07,0.07,0.13,0.07,0.13
ENG-Premier League,2122,West Ham,Daniel Chesters,ENG,MF,19,2002,1,0,1,0.0,0,0,0,0,0,0,0,0,0.0,0.0,0.0,0.0,0.0
ENG-Premier League,2122,West Ham,Declan Rice,ENG,MF,22,1999,36,35,3179,35.3,1,4,5,1,0,0,8,0,0.03,0.11,0.14,0.03,0.14
ENG-Premier League,2122,West Ham,Harrison Ashby,SCO,"DF,MF",19,2001,1,0,7,0.1,0,0,0,0,0,0,0,0,0.0,0.0,0.0,0.0,0.0
ENG-Premier League,2122,West Ham,Issa Diop,MAR,DF,24,1997,13,10,963,10.7,0,1,1,0,0,0,0,0,0.0,0.09,0.09,0.0,0.09
ENG-Premier League,2122,West Ham,Jarrod Bowen,ENG,MF,24,1996,36,34,2983,33.1,12,10,22,12,0,0,6,0,0.36,0.3,0.66,0.36,0.66
ENG-Premier League,2122,West Ham,Kurt Zouma,FRA,DF,26,1994,24,24,2078,23.1,1,0,1,1,0,0,1,0,0.04,0.0,0.04,0.04,0.04
ENG-Premier League,2122,West Ham,Manuel Lanzini,ARG,MF,28,1993,30,19,1786,19.8,5,3,8,2,3,3,2,0,0.25,0.15,0.4,0.1,0.25
ENG-Premier League,2122,West Ham,Mark Noble,ENG,MF,34,1987,11,3,332,3.7,1,0,1,0,1,2,0,0,0.27,0.0,0.27,0.0,0.0
ENG-Premier League,2122,West Ham,Michail Antonio,JAM,FW,31,1990,36,34,2971,33.0,10,8,18,10,0,1,8,1,0.3,0.24,0.55,0.3,0.55
ENG-Premier League,2122,West Ham,Nikola Vlašić,CRO,MF,23,1997,19,6,560,6.2,1,0,1,1,0,0,0,0,0.16,0.0,0.16,0.16,0.16
ENG-Premier League,2122,West Ham,Pablo Fornals,ESP,MF,25,1996,36,32,2795,31.1,6,3,9,6,0,0,4,0,0.19,0.1,0.29,0.19,0.29
ENG-Premier League,2122,West Ham,Ryan Fredericks,ENG,DF,28,1992,7,3,307,3.4,0,0,0,0,0,0,1,0,0.0,0.0,0.0,0.0,0.0
ENG-Premier League,2122,West Ham,Saïd Benrahma,ALG,MF,25,1995,32,26,2168,24.1,8,6,14,8,0,0,0,0,0.33,0.25,0.58,0.33,0.58
ENG-Premier League,2122,West Ham,Sonny Perkins,ENG,"FW,MF",17,2004,1,0,4,0.0,0,0,0,0,0,0,0,0,0.0,0.0,0.0,0.0,0.0
ENG-Premier League,2122,West Ham,Tomáš Souček,CZE,MF,26,1995,35,34,3062,34.0,5,1,6,5,0,0,3,0,0.15,0.03,0.18,0.15,0.18
ENG-Premier League,2122,West Ham,Vladimír Coufal,CZE,DF,28,1992,28,25,2209,24.5,0,4,4,0,0,0,5,1,0.0,0.16,0.16,0.0,0.16
ENG-Premier League,2122,West Ham,Łukasz Fabiański,POL,GK,36,1985,37,37,3330,37.0,0,0,0,0,0,0,2,0,0.0,0.0,0.0,0.0,0.0
ENG-Premier League,2122,Wolves,Adama Traoré,ESP,"FW,MF",25,1996,20,10,1067,11.9,1,0,1,1,0,0,0,0,0.08,0.0,0.08,0.08,0.08
ENG-Premier League,2122,Wolves,Chem Campbell,WAL,"FW,MF",18,2002,1,0,13,0.1,0,0,0,0,0,0,0,0,0.0,0.0,0.0,0.0,0.0
ENG-Premier League,2122,Wolves,Chiquinho,POR,MF,21,2000,8,1,208,2.3,0,3,3,0,0,0,0,0,0.0,1.3,1.3,0.0,1.3
ENG-Premier League,2122,Wolves,Conor Coady,ENG,DF,28,1993,38,38,3361,37.3,4,0,4,4,0,0,4,0,0.11,0.0,0.11,0.11,0.11
ENG-Premier League,2122,Wolves,Daniel Podence,POR,"FW,MF",25,1995,26,15,1484,16.5,2,3,5,2,0,0,2,0,0.12,0.18,0.3,0.12,0.3
ENG-Premier League,2122,Wolves,Fernando Marçal,BRA,MF,32,1989,18,17,1449,16.1,0,0,0,0,0,0,3,0,0.0,0.0,0.0,0.0,0.0
ENG-Premier League,2122,Wolves,Francisco Trincão,POR,"FW,MF",21,1999,28,16,1336,14.8,2,1,3,2,0,0,0,0,0.13,0.07,0.2,0.13,0.2
ENG-Premier League,2122,Wolves,Fábio Silva,POR,FW,19,2002,22,6,572,6.4,0,0,0,0,0,0,0,0,0.0,0.0,0.0,0.0,0.0
ENG-Premier League,2122,Wolves,Hwang Hee-chan,KOR,"FW,MF",25,1996,30,20,1816,20.2,5,1,6,5,0,0,2,0,0.25,0.05,0.3,0.25,0.3
ENG-Premier League,2122,Wolves,John Ruddy,ENG,GK,34,1986,2,1,135,1.5,0,0,0,0,0,0,0,0,0.0,0.0,0.0,0.0,0.0
ENG-Premier League,2122,Wolves,Jonny Castro,ESP,"MF,DF",27,1994,13,10,1024,11.4,2,0,2,2,0,0,1,0,0.18,0.0,0.18,0.18,0.18
ENG-Premier League,2122,Wolves,José Sá,POR,GK,28,1993,37,37,3285,36.5,0,1,1,0,0,0,3,0,0.0,0.03,0.03,0.0,0.03
ENG-Premier League,2122,Wolves,João Moutinho,POR,MF,34,1986,35,34,2970,33.0,2,1,3,2,0,0,4,0,0.06,0.03,0.09,0.06,0.09
ENG-Premier League,2122,Wolves,Ki-Jana Hoever,NED,MF,19,2002,8,4,308,3.4,0,0,0,0,0,0,1,0,0.0,0.0,0.0,0.0,0.0
ENG-Premier League,2122,Wolves,Leander Dendoncker,BEL,MF,26,1995,30,21,1950,21.7,2,2,4,2,0,0,4,0,0.09,0.09,0.18,0.09,0.18
ENG-Premier League,2122,Wolves,Luke Cundle,ENG,MF,19,2002,4,2,180,2.0,0,0,0,0,0,0,0,0,0.0,0.0,0.0,0.0,0.0
ENG-Premier League,2122,Wolves,Max Kilman,ENG,DF,24,1997,30,30,2687,29.9,1,0,1,1,0,0,3,0,0.03,0.0,0.03,0.03,0.03
ENG-Premier League,2122,Wolves,Morgan Gibbs-White,ENG,"FW,MF",21,2000,2,0,9,0.1,0,0,0,0,0,0,1,0,0.0,0.0,0.0,0.0,0.0
ENG-Premier League,2122,Wolves,Nélson Semedo,POR,MF,27,1993,25,25,2131,23.7,0,1,1,0,0,0,1,0,0.0,0.04,0.04,0.0,0.04
ENG-Premier League,2122,Wolves,Pedro Neto,POR,"FW,MF",21,2000,13,5,466,5.2,1,1,2,1,0,0,3,0,0.19,0.19,0.39,0.19,0.39
ENG-Premier League,2122,Wolves,Rayan Aït-Nouri,ALG,MF,20,2001,23,20,1828,20.3,1,2,3,1,0,0,4,0,0.05,0.1,0.15,0.05,0.15
ENG-Premier League,2122,Wolves,Raúl Jiménez,MEX,FW,30,1991,34,30,2631,29.2,6,4,10,5,1,1,9,2,0.21,0.14,0.34,0.17,0.31
ENG-Premier League,2122,Wolves,Romain Saïss,MAR,DF,31,1990,31,31,2705,30.1,2,0,2,2,0,0,6,0,0.07,0.0,0.07,0.07,0.07
ENG-Premier League,2122,Wolves,Rúben Neves,POR,MF,24,1997,33,31,2661,29.6,4,2,6,4,0,0,9,0,0.14,0.07,0.2,0.14,0.2
ENG-Premier League,2122,Wolves,Toti Gomes,POR,DF,22,1999,4,4,360,4.0,0,0,0,0,0,0,1,0,0.0,0.0,0.0,0.0,0.0
ENG-Premier League,2122,Wolves,Willy Boly,CIV,DF,30,1991,10,10,900,10.0,0,0,0,0,0,0,1,0,0.0,0.0,0.0,0.0,0.0
ESP-La Liga,2122,Alavés,Antonio Sivera,ESP,GK,24,1996,4,3,277,3.1,0,0,0,0,0,0,1,0,0.0,0.0,0.0,0.0,0.0
ESP-La Liga,2122,Alavés,Facundo Pellistri,URU,"MF,FW",19,2001,21,6,672,7.5,0,0,0,0,0,0,0,0,0.0,0.0,0.0,0.0,0.0
ESP-La Liga,2122,Alavés,Fernando Pacheco,ESP,GK,29,1992,34,34,3053,33.9,0,0,0,0,0,0,1,0,0.0,0.0,0.0,0.0,0.0
ESP-La Liga,2122,Alavés,Florian Lejeune,FRA,DF,30,1991,30,30,2699,30.0,0,0,0,0,0,0,9,1,0.0,0.0,0.0,0.0,0.0
ESP-La Liga,2122,Alavés,Gonzalo Escalante,ARG,MF,28,1993,17,15,1300,14.4,5,0,5,5,0,0,8,1,0.35,0.0,0.35,0.35,0.35
ESP-La Liga,2122,Alavés,Iván Martín,ESP,MF,22,1999,6,2,166,1.8,0,0,0,0,0,0,0,0,0.0,0.0,0.0,0.0,0.0
ESP-La Liga,2122,Alavés,Jason,ESP,MF,27,1994,14,10,678,7.5,0,1,1,0,0,0,1,0,0.0,0.13,0.13,0.0,0.13
ESP-La Liga,2122,Alavés,Javi López,ESP,DF,19,2002,9,4,462,5.1,0,0,0,0,0,0,2,0,0.0,0.0,0.0,0.0,0.0
ESP-La Liga,2122,Alavés,Jesús Owono,EQG,GK,20,2001,1,1,90,1.0,0,0,0,0,0,0,0,0,0.0,0.0,0.0,0.0,0.0
ESP-La Liga,2122,Alavés,John Guidetti,SWE,FW,29,1992,10,2,279,3.1,0,0,0,0,0,0,2,0,0.0,0.0,0.0,0.0,0.0
ESP-La Liga,2122,Alavés,Joselu,ESP,FW,31,1990,37,35,3122,34.7,14,4,18,8,6,7,0,0,0.4,0.12,0.52,0.23,0.35
ESP-La Liga,2122,Alavés,Luis Rioja,ESP,"MF,FW",27,1993,37,36,3111,34.6,1,3,4,1,0,0,3,0,0.03,0.09,0.12,0.03,0.12
ESP-La Liga,2122,Alavés,Mamadou Loum,SEN,MF,24,1996,32,26,2312,25.7,2,0,2,2,0,0,10,0,0.08,0.0,0.08,0.08,0.08
ESP-La Liga,2122,Alavés,Mamadou Sylla,SEN,FW,27,1994,13,4,394,4.4,0,0,0,0,0,0,1,0,0.0,0.0,0.0,0.0,0.0
ESP-La Liga,2122,Alavés,Manu García,ESP,MF,23,1998,24,10,1077,12.0,0,1,1,0,0,0,3,0,0.0,0.08,0.08,0.0,0.08
ESP-La Liga,2122,Alavés,Manu Vallejo,ESP,"MF,FW",24,1997,11,2,370,4.1,1,1,2,1,0,0,0,0,0.24,0.24,0.49,0.24,0.49
ESP-La Liga,2122,Alavés,Marc Tenas,ESP,MF,20,2001,3,0,54,0.6,0,0,0,0,0,0,2,0,0.0,0.0,0.0,0.0,0.0
ESP-La Liga,2122,Alavés,Martin Agirregabiria,ESP,"DF,MF",25,1996,24,17,1616,18.0,0,1,1,0,0,0,4,0,0.0,0.06,0.06,0.0,0.06
ESP-La Liga,2122,Alavés,Matt Miazga,USA,DF,26,1995,11,9,833,9.3,0,0,0,0,0,0,2,0,0.0,0.0,0.0,0.0,0.0
ESP-La Liga,2122,Alavés,Miguel,ESP,"FW,MF",21,1999,22,10,829,9.2,1,1,2,1,0,0,2,0,0.11,0.11,0.22,0.11,0.22
ESP-La Liga,2122,Alavés,Mircea Ţîrlea,ROU,DF,21,2000,1,0,15,0.2,0,0,0,0,0,0,0,0,0.0,0.0,0.0,0.0,0.0
ESP-La Liga,2122,Alavés,Nahuel Tenaglia,ARG,DF,25,1996,14,12,1073,11.9,0,0,0,0,0,0,2,0,0.0,0.0,0.0,0.0,0.0
ESP-La Liga,2122,Alavés,Pere Pons,ESP,MF,28,1993,27,17,1366,15.2,1,0,1,1,0,0,2,0,0.07,0.0,0.07,0.07,0.07
ESP-La Liga,2122,Alavés,Rubén Duarte,ESP,DF,25,1995,34,31,2621,29.1,0,4,4,0,0,0,12,1,0.0,0.14,0.14,0.0,0.14
ESP-La Liga,2122,Alavés,Saúl García,ESP,DF,26,1994,1,0,4,0.0,0,0,0,0,0,0,0,0,0.0,0.0,0.0,0.0,0.0
ESP-La Liga,2122,Alavés,Tachi,ESP,DF,23,1997,5,2,239,2.7,0,0,0,0,0,0,1,0,0.0,0.0,0.0,0.0,0.0
ESP-La Liga,2122,Alavés,Tomás Mendes,ESP,MF,16,2004,1,0,9,0.1,0,0,0,0,0,0,0,0,0.0,0.0,0.0,0.0,0.0
ESP-La Liga,2122,Alavés,Tomás Pina Isla,ESP,MF,33,1987,29,16,1444,16.0,0,0,0,0,0,0,4,0,0.0,0.0,0.0,0.0,0.0
ESP-La Liga,2122,Alavés,Toni Moya,ESP,MF,23,1998,28,17,1386,15.4,0,1,1,0,0,0,2,0,0.0,0.06,0.06,0.0,0.06
ESP-La Liga,2122,Alavés,Unai Ropero,ESP,FW,19,2001,1,0,12,0.1,0,0,0,0,0,0,0,0,0.0,0.0,0.0,0.0,0.0
ESP-La Liga,2122,Alavés,Víctor Laguardia,ESP,DF,31,1989,34,34,3042,33.8,3,2,5,3,0,0,9,0,0.09,0.06,0.15,0.09,0.15
ESP-La Liga,2122,Alavés,Ximo Navarro,ESP,DF,31,1990,18,16,1347,15.0,0,0,0,0,0,0,4,1,0.0,0.0,0.0,0.0,0.0
ESP-La Liga,2122,Alavés,Édgar Méndez,ESP,"MF,FW",31,1990,32,17,1614,17.9,1,1,2,1,0,0,6,0,0.06,0.06,0.11,0.06,0.11
ESP-La Liga,2122,Athletic Club,Alex Petxa,ESP,DF,24,1997,17,1,412,4.6,0,0,0,0,0,0,4,0,0.0,0.0,0.0,0.0,0.0
ESP-La Liga,2122,Athletic Club,Ander Capa,ESP,"DF,MF",29,1992,1,0,4,0.0,0,0,0,0,0,0,0,0,0.0,0.0,0.0,0.0,0.0
ESP-La Liga,2122,Athletic Club,Asier Villalibre,ESP,FW,23,1997,19,3,548,6.1,2,0,2,2,0,0,0,0,0.33,0.0,0.33,0.33,0.33
ESP-La Liga,2122,Athletic Club,Dani García,ESP,MF,31,1990,32,27,2177,24.2,0,0,0,0,0,0,9,0,0.0,0.0,0.0,0.0,0.0
ESP-La Liga,2122,Athletic Club,Daniel Vivian,ESP,DF,22,1999,24,22,1986,22.1,2,1,3,2,0,0,2,0,0.09,0.05,0.14,0.09,0.14
ESP-La Liga,2122,Athletic Club,Iker Muniain,ESP,MF,28,1992,35,34,2785,30.9,4,10,14,3,1,3,3,0,0.13,0.32,0.45,0.1,0.42
ESP-La Liga,2122,Athletic Club,Iñaki Williams,GHA,FW,27,1994,38,32,2777,30.9,8,5,13,7,1,1,4,0,0.26,0.16,0.42,0.23,0.39
ESP-La Liga,2122,Athletic Club,Iñigo Lekue,ESP,DF,28,1993,25,22,1925,21.4,0,2,2,0,0,0,3,0,0.0,0.09,0.09,0.0,0.09
ESP-La Liga,2122,Athletic Club,Iñigo Martínez,ESP,DF,30,1991,27,26,2341,26.0,3,0,3,3,0,0,9,2,0.12,0.0,0.12,0.12,0.12
ESP-La Liga,2122,Athletic Club,Jon Morcillo,ESP,MF,22,1998,7,0,54,0.6,0,0,0,0,0,0,2,0,0.0,0.0,0.0,0.0,0.0
ESP-La Liga,2122,Athletic Club,Julen Agirrezabala,ESP,GK,20,2000,4,4,360,4.0,0,0,0,0,0,0,0,0,0.0,0.0,0.0,0.0,0.0
ESP-La Liga,2122,Athletic Club,Mikel Balenziaga,ESP,DF,33,1988,26,23,2027,22.5,0,0,0,0,0,0,2,0,0.0,0.0,0.0,0.0,0.0
ESP-La Liga,2122,Athletic Club,Mikel Vesga,ESP,MF,28,1993,32,17,1358,15.1,2,0,2,2,0,0,7,2,0.13,0.0,0.13,0.13,0.13
ESP-La Liga,2122,Athletic Club,Nico Williams,ESP,MF,19,2002,34,11,1337,14.9,0,0,0,0,0,0,4,0,0.0,0.0,0.0,0.0,0.0
ESP-La Liga,2122,Athletic Club,Nicolás Serrano,ESP,MF,18,2003,14,3,317,3.5,1,0,1,1,0,0,0,0,0.28,0.0,0.28,0.28,0.28
ESP-La Liga,2122,Athletic Club,Oier Zarraga,ESP,MF,22,1999,31,8,1166,13.0,1,0,1,0,1,1,5,0,0.08,0.0,0.08,0.0,0.0
ESP-La Liga,2122,Athletic Club,Oihan Sancet,ESP,FW,21,2000,27,16,1422,15.8,6,4,10,6,0,0,2,0,0.38,0.25,0.63,0.38,0.63
ESP-La Liga,2122,Athletic Club,Peru Nolaskoain,ESP,"DF,MF",22,1998,1,0,1,0.0,0,0,0,0,0,0,0,0,0.0,0.0,0.0,0.0,0.0
ESP-La Liga,2122,Athletic Club,Raúl García,ESP,FW,35,1986,35,24,1802,20.0,6,2,8,6,0,1,3,0,0.3,0.1,0.4,0.3,0.4
ESP-La Liga,2122,Athletic Club,Unai Núñez,ESP,DF,24,1997,9,7,622,6.9,0,0,0,0,0,0,2,0,0.0,0.0,0.0,0.0,0.0
ESP-La Liga,2122,Athletic Club,Unai Simón,ESP,GK,24,1997,34,34,3060,34.0,0,0,0,0,0,0,3,0,0.0,0.0,0.0,0.0,0.0
ESP-La Liga,2122,Athletic Club,Unai Vencedor Paris,ESP,MF,20,2000,34,29,2383,26.5,0,0,0,0,0,0,4,0,0.0,0.0,0.0,0.0,0.0
ESP-La Liga,2122,Athletic Club,Yeray Álvarez,ESP,DF,26,1995,22,21,1860,20.7,0,0,0,0,0,0,6,0,0.0,0.0,0.0,0.0,0.0
ESP-La Liga,2122,Athletic Club,Yuri Berchiche,ESP,DF,31,1990,14,11,1015,11.3,1,2,3,1,0,0,3,0,0.09,0.18,0.27,0.09,0.27
ESP-La Liga,2122,Athletic Club,Álex Berenguer,ESP,MF,26,1995,34,24,2168,24.1,3,6,9,3,0,1,8,0,0.12,0.25,0.37,0.12,0.37
ESP-La Liga,2122,Athletic Club,Óscar de Marcos,ESP,DF,32,1989,22,19,1679,18.7,1,2,3,1,0,0,5,0,0.05,0.11,0.16,0.05,0.16
ESP-La Liga,2122,Atlético Madrid,Antoine Griezmann,FRA,"FW,MF",30,1991,26,21,1695,18.8,3,4,7,3,0,0,3,0,0.16,0.21,0.37,0.16,0.37
ESP-La Liga,2122,Atlético Madrid,Carlos Martín,ESP,"FW,MF",19,2002,1,0,6,0.1,0,0,0,0,0,0,1,0,0.0,0.0,0.0,0.0,0.0
ESP-La Liga,2122,Atlético Madrid,Daniel Wass,DEN,"DF,MF",32,1989,1,0,45,0.5,0,0,0,0,0,0,1,0,0.0,0.0,0.0,0.0,0.0
ESP-La Liga,2122,Atlético Madrid,Felipe,BRA,DF,32,1989,26,15,1504,16.7,2,1,3,2,0,0,5,1,0.12,0.06,0.18,0.12,0.18
ESP-La Liga,2122,Atlético Madrid,Geoffrey Kondogbia,CTA,"MF,DF",28,1993,28,21,1882,20.9,1,2,3,1,0,0,13,2,0.05,0.1,0.14,0.05,0.14
ESP-La Liga,2122,Atlético Madrid,Giuliano Simeone,ARG,"FW,MF",18,2002,1,0,1,0.0,0,0,0,0,0,0,0,0,0.0,0.0,0.0,0.0,0.0
ESP-La Liga,2122,Atlético Madrid,Héctor Herrera,MEX,MF,31,1990,21,8,859,9.5,0,0,0,0,0,0,4,0,0.0,0.0,0.0,0.0,0.0
ESP-La Liga,2122,Atlético Madrid,Jan Oblak,SVN,GK,28,1993,38,38,3420,38.0,0,0,0,0,0,0,2,0,0.0,0.0,0.0,0.0,0.0
ESP-La Liga,2122,Atlético Madrid,Javier Serrano,ESP,MF,18,2003,5,1,68,0.8,0,0,0,0,0,0,1,1,0.0,0.0,0.0,0.0,0.0
ESP-La Liga,2122,Atlético Madrid,José María Giménez,URU,DF,26,1995,24,24,2042,22.7,1,1,2,1,0,0,7,0,0.04,0.04,0.09,0.04,0.09
ESP-La Liga,2122,Atlético Madrid,João Félix,POR,FW,21,1999,24,13,1263,14.0,8,4,12,8,0,0,3,1,0.57,0.29,0.86,0.57,0.86
ESP-La Liga,2122,Atlético Madrid,Kieran Trippier,ENG,"MF,DF",30,1990,15,12,976,10.8,0,0,0,0,0,0,1,0,0.0,0.0,0.0,0.0,0.0
ESP-La Liga,2122,Atlético Madrid,Koke,ESP,MF,29,1992,31,29,2508,27.9,1,2,3,1,0,0,6,0,0.04,0.07,0.11,0.04,0.11
ESP-La Liga,2122,Atlético Madrid,Luis Suárez,URU,FW,34,1987,35,20,1835,20.4,11,2,13,9,2,3,7,0,0.54,0.1,0.64,0.44,0.54
ESP-La Liga,2122,Atlético Madrid,Marcos Llorente,ESP,"MF,DF",26,1995,29,29,2447,27.2,0,2,2,0,0,0,5,0,0.0,0.07,0.07,0.0,0.07
ESP-La Liga,2122,Atlético Madrid,Mario Hermoso,ESP,DF,26,1995,26,21,1865,20.7,2,1,3,2,0,0,6,1,0.1,0.05,0.14,0.1,0.14
ESP-La Liga,2122,Atlético Madrid,Matheus Cunha,BRA,FW,22,1999,29,8,1063,11.8,6,4,10,6,0,0,3,0,0.51,0.34,0.85,0.51,0.85
ESP-La Liga,2122,Atlético Madrid,Reinildo Mandava,MOZ,DF,27,1994,17,15,1298,14.4,0,0,0,0,0,0,5,0,0.0,0.0,0.0,0.0,0.0
ESP-La Liga,2122,Atlético Madrid,Renan Lodi,BRA,"DF,MF",23,1998,29,13,1181,13.1,2,2,4,2,0,0,4,0,0.15,0.15,0.3,0.15,0.3
ESP-La Liga,2122,Atlético Madrid,Rodrigo De Paul,ARG,MF,27,1994,36,24,2151,23.9,3,1,4,3,0,0,7,0,0.13,0.04,0.17,0.13,0.17
ESP-La Liga,2122,Atlético Madrid,Saúl Ñíguez,ESP,MF,26,1994,3,2,201,2.2,0,1,1,0,0,0,0,0,0.0,0.45,0.45,0.0,0.45
ESP-La Liga,2122,Atlético Madrid,Stefan Savić,MNE,DF,30,1991,28,28,2440,27.1,0,0,0,0,0,0,12,0,0.0,0.0,0.0,0.0,0.0
ESP-La Liga,2122,Atlético Madrid,Thomas Lemar,FRA,MF,25,1995,24,17,1440,16.0,4,5,9,4,0,0,2,0,0.25,0.31,0.56,0.25,0.56
ESP-La Liga,2122,Atlético Madrid,Yannick Carrasco,BEL,"MF,FW",27,1993,34,28,2583,28.7,6,6,12,4,2,2,5,0,0.21,0.21,0.42,0.14,0.35
ESP-La Liga,2122,Atlético Madrid,Ángel Correa,ARG,"FW,MF",26,1995,36,21,1856,20.6,12,5,17,12,0,0,3,1,0.58,0.24,0.82,0.58,0.82
ESP-La Liga,2122,Atlético Madrid,Šime Vrsaljko,CRO,"DF,MF",29,1992,21,10,914,10.2,1,2,3,1,0,0,4,0,0.1,0.2,0.3,0.1,0.3
ESP-La Liga,2122,Barcelona,Abde Ezzalzouli,MAR,FW,19,2001,10,6,580,6.4,1,0,1,1,0,0,4,0,0.16,0.0,0.16,0.16,0.16
ESP-La Liga,2122,Barcelona,Adama Traoré,ESP,FW,25,1996,11,4,382,4.2,0,2,2,0,0,0,0,0,0.0,0.47,0.47,0.0,0.47
ESP-La Liga,2122,Barcelona,Alejandro Balde,ESP,DF,17,2003,5,2,188,2.1,0,0,0,0,0,0,0,0,0.0,0.0,0.0,0.0,0.0
ESP-La Liga,2122,Barcelona,Alvaro Sanz,ESP,MF,20,2001,2,0,29,0.3,0,0,0,0,0,0,0,0,0.0,0.0,0.0,0.0,0.0
ESP-La Liga,2122,Barcelona,Ansu Fati,ESP,FW,18,2002,10,3,336,3.7,4,0,4,4,0,0,0,0,1.07,0.0,1.07,1.07,1.07
ESP-La Liga,2122,Barcelona,Antoine Griezmann,FRA,FW,30,1991,3,3,263,2.9,0,0,0,0,0,0,0,0,0.0,0.0,0.0,0.0,0.0
ESP-La Liga,2122,Barcelona,Clément Lenglet,FRA,DF,26,1995,21,7,826,9.2,0,1,1,0,0,0,4,0,0.0,0.11,0.11,0.0,0.11
ESP-La Liga,2122,Barcelona,Dani Alves,BRA,DF,38,1983,14,13,1098,12.2,1,3,4,1,0,0,2,1,0.08,0.25,0.33,0.08,0.33
ESP-La Liga,2122,Barcelona,Emerson,BRA,DF,22,1999,3,1,91,1.0,0,0,0,0,0,0,0,0,0.0,0.0,0.0,0.0,0.0
ESP-La Liga,2122,Barcelona,Eric García,ESP,DF,20,2001,26,23,2039,22.7,0,0,0,0,0,0,5,1,0.0,0.0,0.0,0.0,0.0
ESP-La Liga,2122,Barcelona,Estanis,ESP,FW,17,2003,1,0,11,0.1,0,0,0,0,0,0,0,0,0.0,0.0,0.0,0.0,0.0
ESP-La Liga,2122,Barcelona,Ferran Jutglà,ESP,FW,22,1999,6,4,301,3.3,1,0,1,1,0,0,1,0,0.3,0.0,0.3,0.3,0.3
ESP-La Liga,2122,Barcelona,Ferran Torres,ESP,FW,21,2000,18,17,1412,15.7,4,4,8,3,1,1,1,0,0.25,0.25,0.51,0.19,0.45
ESP-La Liga,2122,Barcelona,Frenkie de Jong,NED,MF,24,1997,32,30,2476,27.5,3,3,6,3,0,0,7,1,0.11,0.11,0.22,0.11,0.22
ESP-La Liga,2122,Barcelona,Gavi,ESP,"MF,FW",16,2004,34,28,2316,25.7,2,5,7,2,0,0,11,1,0.08,0.19,0.27,0.08,0.27
ESP-La Liga,2122,Barcelona,Gerard Piqué,ESP,DF,34,1987,27,25,2092,23.2,1,0,1,1,0,0,10,1,0.04,0.0,0.04,0.04,0.04
ESP-La Liga,2122,Barcelona,Ilias Akhomach,MAR,FW,17,2004,2,2,124,1.4,0,0,0,0,0,0,0,0,0.0,0.0,0.0,0.0,0.0
ESP-La Liga,2122,Barcelona,Jordi Alba,ESP,DF,32,1989,30,30,2644,29.4,2,10,12,2,0,0,11,0,0.07,0.34,0.41,0.07,0.41
ESP-La Liga,2122,Barcelona,Luuk de Jong,NED,"FW,MF",30,1990,21,6,654,7.3,6,0,6,6,0,0,1,0,0.83,0.0,0.83,0.83,0.83
ESP-La Liga,2122,Barcelona,Marc-André ter Stegen,GER,GK,29,1992,35,35,3150,35.0,0,0,0,0,0,0,3,0,0.0,0.0,0.0,0.0,0.0
ESP-La Liga,2122,Barcelona,Martin Braithwaite,DEN,FW,30,1991,4,3,235,2.6,2,1,3,2,0,0,0,0,0.77,0.38,1.15,0.77,1.15
ESP-La Liga,2122,Barcelona,Memphis,NED,FW,27,1994,28,20,1851,20.6,12,2,14,8,4,5,3,0,0.58,0.1,0.68,0.39,0.49
ESP-La Liga,2122,Barcelona,Mika Mármol,ESP,DF,20,2001,1,0,1,0.0,0,0,0,0,0,0,0,0,0.0,0.0,0.0,0.0,0.0
ESP-La Liga,2122,Barcelona,Neto,BRA,GK,32,1989,3,3,270,3.0,0,0,0,0,0,0,0,0,0.0,0.0,0.0,0.0,0.0
ESP-La Liga,2122,Barcelona,Nicolás González,ESP,MF,19,2002,27,12,1114,12.4,2,1,3,2,0,0,6,0,0.16,0.08,0.24,0.16,0.24
ESP-La Liga,2122,Barcelona,Ousmane Dembélé,FRA,"FW,MF",24,1997,21,15,1409,15.7,1,13,14,1,0,0,3,0,0.06,0.83,0.89,0.06,0.89
ESP-La Liga,2122,Barcelona,Pedri,ESP,MF,18,2002,12,10,885,9.8,3,1,4,3,0,0,0,0,0.31,0.1,0.41,0.31,0.41
ESP-La Liga,2122,Barcelona,Philippe Coutinho,BRA,"FW,MF",29,1992,12,5,503,5.6,2,0,2,1,1,1,1,0,0.36,0.0,0.36,0.18,0.18
ESP-La Liga,2122,Barcelona,Pierre-Emerick Aubameyang,GAB,FW,32,1989,17,13,1082,12.0,11,1,12,11,0,0,0,0,0.91,0.08,1.0,0.91,1.0
ESP-La Liga,2122,Barcelona,Riqui Puig,ESP,MF,21,1999,15,2,487,5.4,1,0,1,1,0,0,0,0,0.18,0.0,0.18,0.18,0.18
ESP-La Liga,2122,Barcelona,Ronald Araújo,URU,DF,22,1999,30,25,2272,25.2,4,0,4,4,0,0,6,0,0.16,0.0,0.16,0.16,0.16
ESP-La Liga,2122,Barcelona,Samuel Umtiti,FRA,DF,27,1993,1,1,90,1.0,0,0,0,0,0,0,1,0,0.0,0.0,0.0,0.0,0.0
ESP-La Liga,2122,Barcelona,Sergi Roberto,ESP,"MF,DF",29,1992,9,4,400,4.4,2,1,3,2,0,0,1,0,0.45,0.23,0.68,0.45,0.68
ESP-La Liga,2122,Barcelona,Sergio Agüero,ARG,FW,33,1988,4,2,151,1.7,1,0,1,1,0,0,0,0,0.6,0.0,0.6,0.6,0.6
ESP-La Liga,2122,Barcelona,Sergio Busquets,ESP,MF,33,1988,36,36,3198,35.5,2,0,2,2,0,0,12,0,0.06,0.0,0.06,0.06,0.06
ESP-La Liga,2122,Barcelona,Sergiño Dest,USA,"DF,FW",20,2000,21,17,1512,16.8,0,3,3,0,0,0,2,0,0.0,0.18,0.18,0.0,0.18
ESP-La Liga,2122,Barcelona,Yusuf Demir,AUT,FW,18,2003,6,2,192,2.1,0,0,0,0,0,0,0,0,0.0,0.0,0.0,0.0,0.0
ESP-La Liga,2122,Barcelona,Óscar Mingueza,ESP,DF,22,1999,19,9,894,9.9,0,1,1,0,0,0,2,0,0.0,0.1,0.1,0.0,0.1
ESP-La Liga,2122,Celta Vigo,Augusto Solari,ARG,MF,29,1992,26,4,714,7.9,0,0,0,0,0,0,5,0,0.0,0.0,0.0,0.0,0.0
ESP-La Liga,2122,Celta Vigo,Brais Méndez,ESP,MF,24,1997,37,36,3021,33.6,4,5,9,4,0,0,8,0,0.12,0.15,0.27,0.12,0.27
ESP-La Liga,2122,Celta Vigo,Carlos Dominguez,ESP,DF,20,2001,8,3,344,3.8,0,0,0,0,0,0,1,0,0.0,0.0,0.0,0.0,0.0
ESP-La Liga,2122,Celta Vigo,Denis Suárez,ESP,MF,27,1994,38,33,2819,31.3,4,6,10,4,0,0,4,0,0.13,0.19,0.32,0.13,0.32
ESP-La Liga,2122,Celta Vigo,Fran Beltrán,ESP,MF,22,1999,37,31,2597,28.9,1,0,1,1,0,0,4,0,0.03,0.0,0.03,0.03,0.03
ESP-La Liga,2122,Celta Vigo,Franco Cervi,ARG,MF,27,1994,33,21,1801,20.0,4,3,7,4,0,0,5,0,0.2,0.15,0.35,0.2,0.35
ESP-La Liga,2122,Celta Vigo,Gabriel Veiga,ESP,MF,19,2002,7,0,108,1.2,0,0,0,0,0,0,0,0,0.0,0.0,0.0,0.0,0.0
ESP-La Liga,2122,Celta Vigo,Hugo Mallo,ESP,DF,30,1991,21,21,1826,20.3,1,1,2,1,0,0,5,2,0.05,0.05,0.1,0.05,0.1
ESP-La Liga,2122,Celta Vigo,Hugo Sotelo,ESP,MF,17,2003,1,0,2,0.0,0,0,0,0,0,0,0,0,0.0,0.0,0.0,0.0,0.0
ESP-La Liga,2122,Celta Vigo,Hugo Álvarez,ESP,"DF,MF",18,2003,1,0,11,0.1,0,0,0,0,0,0,0,0,0.0,0.0,0.0,0.0,0.0
ESP-La Liga,2122,Celta Vigo,Iago Aspas,ESP,FW,33,1987,37,36,3087,34.3,18,5,23,15,3,5,9,0,0.52,0.15,0.67,0.44,0.58
ESP-La Liga,2122,Celta Vigo,Javi Galán,ESP,DF,26,1994,37,37,3298,36.6,0,3,3,0,0,0,8,0,0.0,0.08,0.08,0.0,0.08
ESP-La Liga,2122,Celta Vigo,Jeison Murillo,COL,DF,29,1992,19,12,1117,12.4,0,0,0,0,0,0,5,1,0.0,0.0,0.0,0.0,0.0
ESP-La Liga,2122,Celta Vigo,Joseph Aidoo,GHA,DF,25,1995,32,30,2637,29.3,0,0,0,0,0,0,1,0,0.0,0.0,0.0,0.0,0.0
ESP-La Liga,2122,Celta Vigo,José Fontán,ESP,DF,21,2000,9,3,276,3.1,0,0,0,0,0,0,3,0,0.0,0.0,0.0,0.0,0.0
ESP-La Liga,2122,Celta Vigo,Kevin Vázquez,ESP,DF,28,1993,17,16,1334,14.8,0,1,1,0,0,0,3,0,0.0,0.07,0.07,0.0,0.07
ESP-La Liga,2122,Celta Vigo,Matías Dituro,ARG,GK,34,1987,38,38,3420,38.0,0,0,0,0,0,0,1,0,0.0,0.0,0.0,0.0,0.0
ESP-La Liga,2122,Celta Vigo,Miguel Baeza,ESP,MF,21,2000,1,0,2,0.0,0,0,0,0,0,0,0,0,0.0,0.0,0.0,0.0,0.0
ESP-La Liga,2122,Celta Vigo,Nolito,ESP,MF,34,1986,32,15,1384,15.4,2,0,2,2,0,0,2,0,0.13,0.0,0.13,0.13,0.13
ESP-La Liga,2122,Celta Vigo,Néstor Araujo,MEX,DF,29,1991,34,29,2617,29.1,0,0,0,0,0,0,4,0,0.0,0.0,0.0,0.0,0.0
ESP-La Liga,2122,Celta Vigo,Okay Yokuşlu,TUR,DF,27,1994,8,1,140,1.6,0,0,0,0,0,0,0,0,0.0,0.0,0.0,0.0,0.0
ESP-La Liga,2122,Celta Vigo,Orbelín Pineda,MEX,"FW,MF",25,1996,7,0,99,1.1,0,0,0,0,0,0,0,0,0.0,0.0,0.0,0.0,0.0
ESP-La Liga,2122,Celta Vigo,Renato Tapia,PER,MF,26,1995,29,13,1412,15.7,0,0,0,0,0,0,10,0,0.0,0.0,0.0,0.0,0.0
ESP-La Liga,2122,Celta Vigo,Santi Mina,ESP,FW,25,1995,33,30,2367,26.3,7,3,10,7,0,1,4,0,0.27,0.11,0.38,0.27,0.38
ESP-La Liga,2122,Celta Vigo,Thiago Galhardo,BRA,FW,32,1989,31,9,1148,12.8,2,2,4,2,0,0,5,0,0.16,0.16,0.31,0.16,0.31
ESP-La Liga,2122,Cádiz,Alberto Perea,ESP,MF,30,1990,18,8,777,8.6,0,1,1,0,0,0,2,0,0.0,0.12,0.12,0.0,0.12
ESP-La Liga,2122,Cádiz,Alfonso Espino,URU,DF,29,1992,37,37,3329,37.0,2,2,4,2,0,0,6,0,0.05,0.05,0.11,0.05,0.11
ESP-La Liga,2122,Cádiz,Anthony Lozano,HON,"FW,MF",28,1993,31,21,1672,18.6,7,2,9,7,0,0,8,0,0.38,0.11,0.48,0.38,0.48
ESP-La Liga,2122,Cádiz,Cala,ESP,DF,31,1989,14,10,947,10.5,0,0,0,0,0,0,8,1,0.0,0.0,0.0,0.0,0.0
ESP-La Liga,2122,Cádiz,Carlos Akapo,EQG,DF,28,1993,25,21,1844,20.5,0,0,0,0,0,0,4,0,0.0,0.0,0.0,0.0,0.0
ESP-La Liga,2122,Cádiz,Chapela,ESP,MF,22,1999,9,4,398,4.4,0,0,0,0,0,0,0,0,0.0,0.0,0.0,0.0,0.0
ESP-La Liga,2122,Cádiz,Fali,ESP,"DF,MF",27,1993,28,23,1803,20.0,0,2,2,0,0,0,6,0,0.0,0.1,0.1,0.0,0.1
ESP-La Liga,2122,Cádiz,Fede San Emeterio,ESP,MF,24,1997,12,10,830,9.2,0,0,0,0,0,0,3,0,0.0,0.0,0.0,0.0,0.0
ESP-La Liga,2122,Cádiz,Florin Andone,ROU,FW,28,1993,5,1,176,2.0,0,0,0,0,0,0,1,0,0.0,0.0,0.0,0.0,0.0
ESP-La Liga,2122,Cádiz,Isaac Carcelen,ESP,"DF,MF",28,1993,25,17,1544,17.2,0,1,1,0,0,0,2,0,0.0,0.06,0.06,0.0,0.06
ESP-La Liga,2122,Cádiz,Iván Alejo,ESP,MF,26,1995,20,11,1065,11.8,2,2,4,2,0,0,7,0,0.17,0.17,0.34,0.17,0.34
ESP-La Liga,2122,Cádiz,Jens Jønsson,DEN,MF,28,1993,22,17,1303,14.5,0,1,1,0,0,0,3,0,0.0,0.07,0.07,0.0,0.07
ESP-La Liga,2122,Cádiz,Jeremías Ledesma,ARG,GK,28,1993,38,38,3420,38.0,0,0,0,0,0,0,4,0,0.0,0.0,0.0,0.0,0.0
ESP-La Liga,2122,Cádiz,José Mari,ESP,MF,33,1987,11,4,386,4.3,0,0,0,0,0,0,3,1,0.0,0.0,0.0,0.0,0.0
ESP-La Liga,2122,Cádiz,Lucas Pérez,ESP,FW,32,1988,15,11,1060,11.8,3,2,5,3,0,0,1,0,0.25,0.17,0.42,0.25,0.42
ESP-La Liga,2122,Cádiz,Luis Hernández,ESP,DF,32,1989,16,15,1366,15.2,0,0,0,0,0,0,5,0,0.0,0.0,0.0,0.0,0.0
ESP-La Liga,2122,Cádiz,Marcos Mauro,ARG,DF,30,1991,3,1,136,1.5,0,0,0,0,0,0,1,0,0.0,0.0,0.0,0.0,0.0
ESP-La Liga,2122,Cádiz,Martín,ESP,MF,22,1999,6,1,115,1.3,0,0,0,0,0,0,1,0,0.0,0.0,0.0,0.0,0.0
ESP-La Liga,2122,Cádiz,Milutin Osmajić,MNE,FW,22,1999,10,2,257,2.9,0,0,0,0,0,0,0,0,0.0,0.0,0.0,0.0,0.0
ESP-La Liga,2122,Cádiz,Oussama Idrissi,MAR,MF,25,1996,12,11,902,10.0,1,1,2,1,0,0,2,0,0.1,0.1,0.2,0.1,0.2
ESP-La Liga,2122,Cádiz,Pedro Benito,ESP,FW,21,2000,1,0,31,0.3,0,0,0,0,0,0,0,0,0.0,0.0,0.0,0.0,0.0
ESP-La Liga,2122,Cádiz,Raúl Parra,ESP,DF,21,1999,2,1,88,1.0,0,0,0,0,0,0,0,0,0.0,0.0,0.0,0.0,0.0
ESP-La Liga,2122,Cádiz,Rubén Alcaraz,ESP,MF,30,1991,14,12,1105,12.3,2,0,2,2,0,0,7,0,0.16,0.0,0.16,0.16,0.16
ESP-La Liga,2122,Cádiz,Rubén Sobrino,ESP,"FW,MF",29,1992,33,19,1861,20.7,4,1,5,4,0,0,4,0,0.19,0.05,0.24,0.19,0.24
ESP-La Liga,2122,Cádiz,Salvi,ESP,MF,30,1991,23,17,1395,15.5,2,1,3,2,0,1,3,1,0.13,0.06,0.19,0.13,0.19
ESP-La Liga,2122,Cádiz,Santiago Arzamendia,PAR,MF,23,1998,14,5,469,5.2,1,0,1,1,0,0,2,0,0.19,0.0,0.19,0.19,0.19
ESP-La Liga,2122,Cádiz,Tomás Alarcón,CHI,MF,22,1999,23,16,1425,15.8,0,1,1,0,0,0,5,0,0.0,0.06,0.06,0.0,0.06
ESP-La Liga,2122,Cádiz,Varazdat Haroyan,ARM,DF,28,1992,17,16,1437,16.0,1,0,1,1,0,0,9,0,0.06,0.0,0.06,0.06,0.06
ESP-La Liga,2122,Cádiz,Víctor Chust,ESP,DF,21,2000,25,20,1830,20.3,0,0,0,0,0,0,2,0,0.0,0.0,0.0,0.0,0.0
ESP-La Liga,2122,Cádiz,Álex Fernández,ESP,MF,28,1992,32,22,2051,22.8,3,2,5,2,1,2,2,0,0.13,0.09,0.22,0.09,0.18
ESP-La Liga,2122,Cádiz,Álvaro Bastida,ESP,MF,17,2004,6,2,197,2.2,0,0,0,0,0,0,1,0,0.0,0.0,0.0,0.0,0.0
ESP-La Liga,2122,Cádiz,Álvaro Jiménez,ESP,MF,26,1995,9,1,234,2.6,0,0,0,0,0,0,0,0,0.0,0.0,0.0,0.0,0.0
ESP-La Liga,2122,Cádiz,Álvaro Negredo,ESP,FW,35,1985,34,24,2157,24.0,7,2,9,5,2,3,3,0,0.29,0.08,0.38,0.21,0.29
ESP-La Liga,2122,Elche,Antonio Barragán,ESP,DF,34,1987,16,12,1020,11.3,0,0,0,0,0,0,5,0,0.0,0.0,0.0,0.0,0.0
ESP-La Liga,2122,Elche,Darío Benedetto,ARG,FW,31,1990,14,6,590,6.6,2,1,3,2,0,0,1,0,0.31,0.15,0.46,0.31,0.46
ESP-La Liga,2122,Elche,Diego González,ESP,DF,26,1995,28,19,1793,19.9,0,0,0,0,0,0,3,1,0.0,0.0,0.0,0.0,0.0
ESP-La Liga,2122,Elche,Enzo Roco,CHI,DF,28,1992,30,29,2552,28.4,1,0,1,1,0,0,10,0,0.04,0.0,0.04,0.04,0.04
ESP-La Liga,2122,Elche,Ezequiel Ponce,ARG,FW,24,1997,13,5,667,7.4,1,0,1,1,0,0,1,1,0.13,0.0,0.13,0.13,0.13
ESP-La Liga,2122,Elche,Fidel,ESP,MF,31,1989,33,29,2261,25.1,5,6,11,4,1,1,9,0,0.2,0.24,0.44,0.16,0.4
ESP-La Liga,2122,Elche,Gerard Gumbau,ESP,MF,26,1994,31,20,1890,21.0,0,4,4,0,0,0,8,1,0.0,0.19,0.19,0.0,0.19
ESP-La Liga,2122,Elche,Gonzalo Verdú,ESP,DF,32,1988,19,16,1397,15.5,0,0,0,0,0,0,11,0,0.0,0.0,0.0,0.0,0.0
ESP-La Liga,2122,Elche,Guido Carrillo,ARG,FW,30,1991,29,11,1168,13.0,2,0,2,2,0,0,3,0,0.15,0.0,0.15,0.15,0.15
ESP-La Liga,2122,Elche,Helibelton Palacios,COL,DF,28,1993,26,22,1931,21.5,0,0,0,0,0,0,6,0,0.0,0.0,0.0,0.0,0.0
ESP-La Liga,2122,Elche,Iván Marcone,ARG,MF,31,1990,20,10,809,9.0,0,0,0,0,0,0,5,0,0.0,0.0,0.0,0.0,0.0
ESP-La Liga,2122,Elche,Javier Pastore,ARG,MF,32,1989,13,6,525,5.8,0,0,0,0,0,0,2,1,0.0,0.0,0.0,0.0,0.0
ESP-La Liga,2122,Elche,Johan Mojica,COL,"DF,MF",28,1992,33,32,2855,31.7,2,5,7,2,0,0,4,1,0.06,0.16,0.22,0.06,0.22
ESP-La Liga,2122,Elche,John Donald,ESP,DF,20,2000,2,2,180,2.0,0,0,0,0,0,0,0,0,0.0,0.0,0.0,0.0,0.0
ESP-La Liga,2122,Elche,Josan,ESP,"MF,DF",31,1989,31,10,1211,13.5,2,3,5,2,0,0,2,0,0.15,0.22,0.37,0.15,0.37
ESP-La Liga,2122,Elche,Josema,ESP,DF,25,1996,6,1,183,2.0,0,0,0,0,0,0,0,0,0.0,0.0,0.0,0.0,0.0
ESP-La Liga,2122,Elche,Kike Pérez,ESP,"MF,FW",24,1997,12,5,519,5.8,2,0,2,2,0,0,1,0,0.35,0.0,0.35,0.35,0.35
ESP-La Liga,2122,Elche,Kiko Casilla,ESP,GK,34,1986,14,14,1260,14.0,0,0,0,0,0,0,3,0,0.0,0.0,0.0,0.0,0.0
ESP-La Liga,2122,Elche,Lucas Boyé,ARG,FW,25,1996,24,22,1713,19.0,7,3,10,7,0,0,3,0,0.37,0.16,0.53,0.37,0.53
ESP-La Liga,2122,Elche,Lucas Olaza,URU,"DF,MF",27,1994,5,3,295,3.3,1,0,1,1,0,0,1,0,0.31,0.0,0.31,0.31,0.31
ESP-La Liga,2122,Elche,Lucas Pérez,ESP,FW,32,1988,18,16,1266,14.1,2,1,3,2,0,0,0,0,0.14,0.07,0.21,0.14,0.21
ESP-La Liga,2122,Elche,Omar Mascarell,EQG,MF,28,1993,32,30,2493,27.7,0,0,0,0,0,0,6,0,0.0,0.0,0.0,0.0,0.0
ESP-La Liga,2122,Elche,Pablo Piatti,ARG,MF,32,1989,10,3,312,3.5,0,0,0,0,0,0,0,0,0.0,0.0,0.0,0.0,0.0
ESP-La Liga,2122,Elche,Pedro Bigas,ESP,DF,30,1990,19,19,1551,17.2,1,0,1,1,0,0,6,0,0.06,0.0,0.06,0.06,0.06
ESP-La Liga,2122,Elche,Pere Milla,ESP,"FW,MF",28,1992,32,17,1644,18.3,8,3,11,8,0,0,4,0,0.44,0.16,0.6,0.44,0.6
ESP-La Liga,2122,Elche,Raúl Guti,ESP,MF,24,1996,31,17,1627,18.1,0,0,0,0,0,0,4,1,0.0,0.0,0.0,0.0,0.0
ESP-La Liga,2122,Elche,Tete Morente,ESP,MF,24,1996,32,18,1632,18.1,3,3,6,3,0,0,4,0,0.17,0.17,0.33,0.17,0.33
ESP-La Liga,2122,Elche,Édgar Badía,ESP,GK,29,1992,24,24,2160,24.0,0,0,0,0,0,0,2,0,0.0,0.0,0.0,0.0,0.0
ESP-La Liga,2122,Espanyol,Adri Embarba,ESP,"MF,FW",29,1992,32,24,1986,22.1,0,2,2,0,0,0,4,0,0.0,0.09,0.09,0.0,0.09
ESP-La Liga,2122,Espanyol,Adrià Pedrosa,ESP,DF,23,1998,31,31,2720,30.2,1,1,2,1,0,0,8,0,0.03,0.03,0.07,0.03,0.07
ESP-La Liga,2122,Espanyol,Aleix Vidal,ESP,"DF,MF",31,1989,31,21,1901,21.1,2,0,2,2,0,0,10,0,0.09,0.0,0.09,0.09,0.09
ESP-La Liga,2122,Espanyol,Daniel Villahermosa,ESP,MF,20,2001,1,0,23,0.3,0,0,0,0,0,0,0,0,0.0,0.0,0.0,0.0,0.0
ESP-La Liga,2122,Espanyol,David López,ESP,"MF,DF",31,1989,18,8,743,8.3,0,0,0,0,0,0,1,0,0.0,0.0,0.0,0.0,0.0
ESP-La Liga,2122,Espanyol,Diego López,ESP,GK,39,1981,36,36,3177,35.3,0,0,0,0,0,0,4,0,0.0,0.0,0.0,0.0,0.0
ESP-La Liga,2122,Espanyol,Dídac Vilà,ESP,DF,32,1989,9,1,203,2.3,0,0,0,0,0,0,3,0,0.0,0.0,0.0,0.0,0.0
ESP-La Liga,2122,Espanyol,Fernando Calero,ESP,DF,25,1995,16,13,1090,12.1,0,0,0,0,0,0,3,0,0.0,0.0,0.0,0.0,0.0
ESP-La Liga,2122,Espanyol,Fran Mérida,ESP,MF,31,1990,10,3,266,3.0,0,0,0,0,0,0,2,1,0.0,0.0,0.0,0.0,0.0
ESP-La Liga,2122,Espanyol,Gori,ESP,MF,19,2002,1,0,9,0.1,0,0,0,0,0,0,1,0,0.0,0.0,0.0,0.0,0.0
ESP-La Liga,2122,Espanyol,Javi Puado,ESP,"MF,FW",23,1998,30,26,2245,24.9,4,1,5,4,0,0,5,0,0.16,0.04,0.2,0.16,0.2
ESP-La Liga,2122,Espanyol,Joan García,ESP,GK,20,2001,2,1,108,1.2,0,0,0,0,0,0,0,0,0.0,0.0,0.0,0.0,0.0
ESP-La Liga,2122,Espanyol,Jofre,ESP,MF,20,2001,3,0,20,0.2,0,1,1,0,0,0,0,0,0.0,4.5,4.5,0.0,4.5
ESP-La Liga,2122,Espanyol,Keidi Bare,ALB,MF,23,1997,25,18,1481,16.5,1,1,2,1,0,0,9,0,0.06,0.06,0.12,0.06,0.12
ESP-La Liga,2122,Espanyol,Landry Dimata,BEL,FW,23,1997,17,4,541,6.0,0,0,0,0,0,0,0,0,0.0,0.0,0.0,0.0,0.0
ESP-La Liga,2122,Espanyol,Leandro Cabrera,URU,DF,30,1991,37,37,3330,37.0,2,0,2,2,0,0,7,0,0.05,0.0,0.05,0.05,0.05
ESP-La Liga,2122,Espanyol,Lluís Recasens,ESP,DF,19,2002,1,0,45,0.5,0,0,0,0,0,0,0,0,0.0,0.0,0.0,0.0,0.0
ESP-La Liga,2122,Espanyol,Loren Morón,ESP,"FW,MF",27,1993,21,4,563,6.3,1,0,1,1,0,0,0,0,0.16,0.0,0.16,0.16,0.16
ESP-La Liga,2122,Espanyol,Luca Koleosho,ITA,MF,16,2004,1,0,1,0.0,0,0,0,0,0,0,0,0,0.0,0.0,0.0,0.0,0.0
ESP-La Liga,2122,Espanyol,Manu Morlanes,ESP,MF,22,1999,27,11,1144,12.7,2,0,2,2,0,0,6,1,0.16,0.0,0.16,0.16,0.16
ESP-La Liga,2122,Espanyol,Miguel Juan Llambrich,ESP,DF,25,1996,2,1,70,0.8,0,0,0,0,0,0,0,0,0.0,0.0,0.0,0.0,0.0
ESP-La Liga,2122,Espanyol,Nico Ribaudo,ESP,"MF,FW",20,2001,31,7,1116,12.4,2,0,2,2,0,0,5,1,0.16,0.0,0.16,0.16,0.16
ESP-La Liga,2122,Espanyol,Oier Olazábal,ESP,GK,31,1989,2,1,135,1.5,0,0,0,0,0,0,0,0,0.0,0.0,0.0,0.0,0.0
ESP-La Liga,2122,Espanyol,Raúl de Tomás,ESP,FW,26,1994,34,33,2914,32.4,17,3,20,12,5,5,7,2,0.53,0.09,0.62,0.37,0.46
ESP-La Liga,2122,Espanyol,Rubén,ESP,DF,20,2001,4,1,150,1.7,0,1,1,0,0,0,0,0,0.0,0.6,0.6,0.0,0.6
ESP-La Liga,2122,Espanyol,Sergi Darder,ESP,MF,27,1993,36,36,3125,34.7,3,9,12,3,0,0,4,0,0.09,0.26,0.35,0.09,0.35
ESP-La Liga,2122,Espanyol,Sergi Gómez,ESP,DF,29,1992,31,31,2720,30.2,1,2,3,1,0,0,1,1,0.03,0.07,0.1,0.03,0.1
ESP-La Liga,2122,Espanyol,Tonny Vilhena,NED,"MF,FW",26,1995,17,13,928,10.3,1,1,2,1,0,0,4,0,0.1,0.1,0.19,0.1,0.19
ESP-La Liga,2122,Espanyol,Victor Gomez,ESP,"DF,MF",21,2000,1,0,4,0.0,0,0,0,0,0,0,0,0,0.0,0.0,0.0,0.0,0.0
ESP-La Liga,2122,Espanyol,Wu Lei,CHN,"MF,FW",29,1991,23,4,474,5.3,1,0,1,1,0,0,0,0,0.19,0.0,0.19,0.19,0.19
ESP-La Liga,2122,Espanyol,Yangel Herrera,VEN,MF,23,1998,23,19,1645,18.3,1,1,2,1,0,0,7,1,0.05,0.05,0.11,0.05,0.11
ESP-La Liga,2122,Espanyol,Álvaro Vadillo,ESP,"FW,MF",26,1994,3,0,7,0.1,0,0,0,0,0,0,1,0,0.0,0.0,0.0,0.0,0.0
ESP-La Liga,2122,Espanyol,Óscar Gil,ESP,DF,24,1997,22,20,1688,18.8,0,2,2,0,0,0,7,0,0.0,0.11,0.11,0.0,0.11
ESP-La Liga,2122,Espanyol,Óscar Melendo,ESP,MF,23,1997,21,14,990,11.0,0,0,0,0,0,0,0,0,0.0,0.0,0.0,0.0,0.0
ESP-La Liga,2122,Getafe,Allan Nyom,CMR,DF,33,1988,5,3,244,2.7,0,0,0,0,0,0,1,0,0.0,0.0,0.0,0.0,0.0
ESP-La Liga,2122,Getafe,Amankwaa Akurugu,GHA,MF,19,2001,3,1,79,0.9,0,1,1,0,0,0,0,0,0.0,1.14,1.14,0.0,1.14
ESP-La Liga,2122,Getafe,Borja Mayoral,ESP,FW,24,1997,18,11,1044,11.6,6,1,7,5,1,1,3,0,0.52,0.09,0.6,0.43,0.52
ESP-La Liga,2122,Getafe,Carles Aleñá,ESP,MF,23,1998,33,30,2320,25.8,1,2,3,1,0,0,6,1,0.04,0.08,0.12,0.04,0.12
ESP-La Liga,2122,Getafe,Chema,ESP,MF,29,1992,1,1,45,0.5,0,0,0,0,0,0,1,1,0.0,0.0,0.0,0.0,0.0
ESP-La Liga,2122,Getafe,Damián Suárez,URU,"DF,MF",33,1988,35,31,2711,30.1,0,3,3,0,0,0,13,0,0.0,0.1,0.1,0.0,0.1
ESP-La Liga,2122,Getafe,Darío Poveda,ESP,FW,24,1997,15,3,380,4.2,1,0,1,1,0,0,0,0,0.24,0.0,0.24,0.24,0.24
ESP-La Liga,2122,Getafe,David Soria,ESP,GK,28,1993,38,38,3414,37.9,0,0,0,0,0,0,4,0,0.0,0.0,0.0,0.0,0.0
ESP-La Liga,2122,Getafe,David Timor,ESP,MF,31,1989,7,3,341,3.8,0,0,0,0,0,0,2,0,0.0,0.0,0.0,0.0,0.0
ESP-La Liga,2122,Getafe,Diego Conde,ESP,GK,22,1998,1,0,6,0.1,0,0,0,0,0,0,0,0,0.0,0.0,0.0,0.0,0.0
ESP-La Liga,2122,Getafe,Djené,TOG,DF,29,1991,35,35,3115,34.6,0,1,1,0,0,0,11,1,0.0,0.03,0.03,0.0,0.03
ESP-La Liga,2122,Getafe,Enes Ünal,TUR,FW,24,1997,37,33,2798,31.1,16,1,17,14,2,4,8,0,0.51,0.03,0.55,0.45,0.48
ESP-La Liga,2122,Getafe,Erick Cabaco,URU,DF,26,1995,10,5,403,4.5,0,1,1,0,0,0,4,1,0.0,0.22,0.22,0.0,0.22
ESP-La Liga,2122,Getafe,Florentino Luís,POR,MF,21,1999,22,9,992,11.0,0,1,1,0,0,0,2,0,0.0,0.09,0.09,0.0,0.09
ESP-La Liga,2122,Getafe,Gonzalo Villar,ESP,MF,23,1998,10,2,298,3.3,0,1,1,0,0,0,0,0,0.0,0.3,0.3,0.0,0.3
ESP-La Liga,2122,Getafe,Hugo Duro,ESP,FW,21,1999,1,0,12,0.1,0,0,0,0,0,0,0,0,0.0,0.0,0.0,0.0,0.0
ESP-La Liga,2122,Getafe,Iglesias,ESP,"DF,MF",23,1998,20,7,719,8.0,0,1,1,0,0,0,1,0,0.0,0.13,0.13,0.0,0.13
ESP-La Liga,2122,Getafe,Jaime Mata,ESP,FW,32,1988,22,4,672,7.5,1,0,1,1,0,0,7,0,0.13,0.0,0.13,0.13,0.13
ESP-La Liga,2122,Getafe,Jakub Jankto,CZE,"MF,DF",25,1996,14,6,587,6.5,0,2,2,0,0,0,1,1,0.0,0.31,0.31,0.0,0.31
ESP-La Liga,2122,Getafe,Jonathan Silva,ARG,DF,27,1994,9,1,226,2.5,0,0,0,0,0,0,4,0,0.0,0.0,0.0,0.0,0.0
ESP-La Liga,2122,Getafe,Jorge Cuenca,ESP,DF,21,1999,32,31,2683,29.8,1,0,1,1,0,0,6,2,0.03,0.0,0.03,0.03,0.03
ESP-La Liga,2122,Getafe,José Juan Macías,MEX,FW,21,1999,7,2,201,2.2,0,0,0,0,0,0,1,0,0.0,0.0,0.0,0.0,0.0
ESP-La Liga,2122,Getafe,Marc Cucurella,ESP,"DF,MF",23,1998,1,0,23,0.3,0,0,0,0,0,0,0,0,0.0,0.0,0.0,0.0,0.0
ESP-La Liga,2122,Getafe,Mathías Olivera,URU,"DF,MF",23,1997,32,32,2803,31.1,1,3,4,1,0,0,10,0,0.03,0.1,0.13,0.03,0.13
ESP-La Liga,2122,Getafe,Mauro Arambarri,URU,MF,25,1995,31,31,2663,29.6,0,5,5,0,0,0,13,0,0.0,0.17,0.17,0.0,0.17
ESP-La Liga,2122,Getafe,Nemanja Maksimović,SRB,MF,26,1995,35,34,2936,32.6,1,2,3,1,0,0,5,0,0.03,0.06,0.09,0.03,0.09
ESP-La Liga,2122,Getafe,Okay Yokuşlu,TUR,"DF,MF",27,1994,11,5,465,5.2,0,0,0,0,0,0,1,0,0.0,0.0,0.0,0.0,0.0
ESP-La Liga,2122,Getafe,Sandro Ramírez,ESP,FW,26,1995,29,19,1462,16.2,3,0,3,3,0,0,7,0,0.18,0.0,0.18,0.18,0.18
ESP-La Liga,2122,Getafe,Stefan Mitrović,SRB,DF,31,1990,32,31,2667,29.6,1,0,1,1,0,0,8,1,0.03,0.0,0.03,0.03,0.03
ESP-La Liga,2122,Getafe,Vitolo,ESP,MF,31,1989,7,1,221,2.5,0,0,0,0,0,0,0,0,0.0,0.0,0.0,0.0,0.0
ESP-La Liga,2122,Getafe,Óscar Rodríguez Arnaiz,ESP,"MF,FW",23,1998,18,9,943,10.5,0,1,1,0,0,0,2,0,0.0,0.1,0.1,0.0,0.1
ESP-La Liga,2122,Granada,Aarón Escandell,ESP,GK,25,1995,4,3,284,3.2,0,0,0,0,0,0,1,1,0.0,0.0,0.0,0.0,0.0
ESP-La Liga,2122,Granada,Adrián Butzke,ESP,FW,22,1999,1,0,1,0.0,0,0,0,0,0,0,0,0,0.0,0.0,0.0,0.0,0.0
ESP-La Liga,2122,Granada,Alberto Soro,ESP,"MF,FW",22,1999,16,7,578,6.4,0,0,0,0,0,0,0,0,0.0,0.0,0.0,0.0,0.0
ESP-La Liga,2122,Granada,Antonio Puertas,ESP,"MF,FW",29,1992,33,25,2261,25.1,6,1,7,6,0,0,4,0,0.24,0.04,0.28,0.24,0.28
ESP-La Liga,2122,Granada,Barcia,ESP,DF,20,2000,1,1,75,0.8,0,0,0,0,0,0,0,0,0.0,0.0,0.0,0.0,0.0
ESP-La Liga,2122,Granada,Carlos Bacca,COL,FW,34,1986,17,4,513,5.7,0,1,1,0,0,0,3,0,0.0,0.18,0.18,0.0,0.18
ESP-La Liga,2122,Granada,Carlos Neva,ESP,DF,25,1996,26,24,2108,23.4,0,0,0,0,0,0,1,0,0.0,0.0,0.0,0.0,0.0
ESP-La Liga,2122,Granada,Dani Raba,ESP,"FW,MF",25,1995,2,0,26,0.3,0,0,0,0,0,0,0,0,0.0,0.0,0.0,0.0,0.0
ESP-La Liga,2122,Granada,Darwin Machís,VEN,"MF,FW",28,1993,25,16,1376,15.3,4,2,6,4,0,0,2,0,0.26,0.13,0.39,0.26,0.39
ESP-La Liga,2122,Granada,Dimitri Foulquier,FRA,DF,28,1993,2,2,180,2.0,0,0,0,0,0,0,0,0,0.0,0.0,0.0,0.0,0.0
ESP-La Liga,2122,Granada,Domingos Duarte,POR,DF,26,1995,21,19,1687,18.7,1,0,1,1,0,0,7,1,0.05,0.0,0.05,0.05,0.05
ESP-La Liga,2122,Granada,Germán Sánchez,ESP,DF,34,1986,32,25,2299,25.5,2,1,3,2,0,0,11,1,0.08,0.04,0.12,0.08,0.12
ESP-La Liga,2122,Granada,Isma Ruiz,ESP,MF,20,2001,8,3,283,3.1,0,0,0,0,0,0,1,0,0.0,0.0,0.0,0.0,0.0
ESP-La Liga,2122,Granada,Jorge Molina,ESP,FW,39,1982,35,19,1966,21.8,10,5,15,10,0,1,2,0,0.46,0.23,0.69,0.46,0.69
ESP-La Liga,2122,Granada,Luis Abram,PER,DF,25,1996,8,6,560,6.2,0,0,0,0,0,0,2,0,0.0,0.0,0.0,0.0,0.0
ESP-La Liga,2122,Granada,Luis Milla,ESP,MF,26,1994,34,33,2773,30.8,3,3,6,0,3,3,4,0,0.1,0.1,0.19,0.0,0.1
ESP-La Liga,2122,Granada,Luis Suárez,COL,FW,23,1997,37,34,2844,31.6,8,4,12,8,0,1,6,0,0.25,0.13,0.38,0.25,0.38
ESP-La Liga,2122,Granada,Luís Maximiano,POR,GK,22,1999,35,35,3136,34.8,0,0,0,0,0,0,2,0,0.0,0.0,0.0,0.0,0.0
ESP-La Liga,2122,Granada,Matias Arezo,URU,FW,18,2002,8,1,162,1.8,0,0,0,0,0,0,1,0,0.0,0.0,0.0,0.0,0.0
ESP-La Liga,2122,Granada,Maxime Gonalons,FRA,MF,32,1989,25,20,1550,17.2,0,2,2,0,0,0,6,0,0.0,0.12,0.12,0.0,0.12
ESP-La Liga,2122,Granada,Monchu,ESP,MF,21,1999,14,7,668,7.4,0,0,0,0,0,0,3,1,0.0,0.0,0.0,0.0,0.0
ESP-La Liga,2122,Granada,Myrto Uzuni,ALB,"MF,FW",26,1995,15,9,856,9.5,1,1,2,1,0,0,4,0,0.11,0.11,0.21,0.11,0.21
ESP-La Liga,2122,Granada,Njegoš Petrović,SRB,MF,22,1999,15,10,918,10.2,0,1,1,0,0,0,5,0,0.0,0.1,0.1,0.0,0.1
ESP-La Liga,2122,Granada,Quini,ESP,DF,31,1989,32,27,2304,25.6,0,1,1,0,0,0,11,0,0.0,0.04,0.04,0.0,0.04
ESP-La Liga,2122,Granada,Raúl Torrente,ESP,DF,19,2001,18,15,1282,14.2,0,0,0,0,0,0,5,0,0.0,0.0,0.0,0.0,0.0
ESP-La Liga,2122,Granada,Rubén Rochina,ESP,"MF,FW",30,1991,15,8,743,8.3,1,3,4,1,0,0,3,0,0.12,0.36,0.48,0.12,0.48
ESP-La Liga,2122,Granada,Santiago Arias,COL,DF,29,1992,12,4,440,4.9,1,0,1,1,0,0,1,0,0.2,0.0,0.2,0.2,0.2
ESP-La Liga,2122,Granada,Sergio Escudero,ESP,DF,31,1989,27,15,1434,15.9,2,1,3,2,0,0,6,0,0.13,0.06,0.19,0.13,0.19
ESP-La Liga,2122,Granada,Víctor Díaz,ESP,DF,33,1988,22,18,1500,16.7,1,0,1,1,0,0,5,0,0.06,0.0,0.06,0.06,0.06
ESP-La Liga,2122,Granada,Yan Brice Eteki,CMR,MF,23,1997,12,2,343,3.8,0,0,0,0,0,0,3,0,0.0,0.0,0.0,0.0,0.0
ESP-La Liga,2122,Granada,Álex Collado,ESP,"MF,FW",22,1999,17,13,1020,11.3,2,1,3,2,0,0,1,0,0.18,0.09,0.26,0.18,0.26
ESP-La Liga,2122,Granada,Ángel Montoro,ESP,MF,33,1988,24,13,1331,14.8,1,1,2,1,0,0,5,0,0.07,0.07,0.14,0.07,0.14
ESP-La Liga,2122,Levante,Aitor Fernández,ESP,GK,30,1991,13,13,1166,13.0,0,0,0,0,0,0,1,1,0.0,0.0,0.0,0.0,0.0
ESP-La Liga,2122,Levante,Alejandro Primo,ESP,GK,17,2004,1,1,90,1.0,0,0,0,0,0,0,0,0,0.0,0.0,0.0,0.0,0.0
ESP-La Liga,2122,Levante,Carlos Clerc,ESP,"DF,MF",29,1992,19,18,1514,16.8,0,0,0,0,0,0,6,0,0.0,0.0,0.0,0.0,0.0
ESP-La Liga,2122,Levante,Coke,ESP,DF,34,1987,6,1,118,1.3,1,0,1,1,0,0,1,0,0.76,0.0,0.76,0.76,0.76
ESP-La Liga,2122,Levante,Dani Cárdenas,ESP,GK,24,1997,24,24,2160,24.0,0,0,0,0,0,0,3,0,0.0,0.0,0.0,0.0,0.0
ESP-La Liga,2122,Levante,Dani Gómez,ESP,FW,23,1998,28,11,1063,11.8,4,2,6,4,0,0,1,0,0.34,0.17,0.51,0.34,0.51
ESP-La Liga,2122,Levante,Enis Bardhi,MKD,"MF,FW",26,1995,30,17,1701,18.9,3,3,6,1,2,2,3,0,0.16,0.16,0.32,0.05,0.21
ESP-La Liga,2122,Levante,Enric Franquesa,ESP,"DF,MF",24,1997,16,6,625,6.9,0,0,0,0,0,0,1,0,0.0,0.0,0.0,0.0,0.0
ESP-La Liga,2122,Levante,Gonzalo Melero,ESP,MF,27,1994,29,20,1692,18.8,7,2,9,5,2,2,5,0,0.37,0.11,0.48,0.27,0.37
ESP-La Liga,2122,Levante,Jorge Miramón,ESP,"DF,MF",32,1989,29,22,1977,22.0,1,0,1,1,0,0,5,0,0.05,0.0,0.05,0.05,0.05
ESP-La Liga,2122,Levante,Jorge de Frutos,ESP,"MF,FW",24,1997,25,20,1760,19.6,4,7,11,4,0,0,4,0,0.2,0.36,0.56,0.2,0.56
ESP-La Liga,2122,Levante,José Campaña,ESP,MF,28,1993,20,16,1422,15.8,2,2,4,2,0,1,6,1,0.13,0.13,0.25,0.13,0.25
ESP-La Liga,2122,Levante,José Luis García Vayá,ESP,MF,22,1998,29,23,2012,22.4,0,0,0,0,0,0,9,0,0.0,0.0,0.0,0.0,0.0
ESP-La Liga,2122,Levante,José Luis Morales,ESP,"FW,MF",34,1987,35,31,2719,30.2,13,7,20,10,3,5,7,0,0.43,0.23,0.66,0.33,0.56
ESP-La Liga,2122,Levante,Marc Pubill,ESP,"DF,MF",18,2003,11,5,512,5.7,0,1,1,0,0,0,1,0,0.0,0.18,0.18,0.0,0.18
ESP-La Liga,2122,Levante,Marcelo Saracchi,URU,DF,23,1998,4,2,186,2.1,0,1,1,0,0,0,2,0,0.0,0.48,0.48,0.0,0.48
ESP-La Liga,2122,Levante,Martín Cáceres,URU,DF,34,1987,10,9,663,7.4,0,0,0,0,0,0,2,0,0.0,0.0,0.0,0.0,0.0
ESP-La Liga,2122,Levante,Mickael Malsa,MTQ,MF,25,1995,26,11,1143,12.7,1,2,3,1,0,0,7,0,0.08,0.16,0.24,0.08,0.24
ESP-La Liga,2122,Levante,Nemanja Radoja,SRB,MF,28,1993,19,17,1214,13.5,0,0,0,0,0,0,3,0,0.0,0.0,0.0,0.0,0.0
ESP-La Liga,2122,Levante,Nikola Vukčević,MNE,MF,29,1991,6,0,118,1.3,0,0,0,0,0,0,1,0,0.0,0.0,0.0,0.0,0.0
ESP-La Liga,2122,Levante,Omar Faraj,PLE,FW,19,2002,1,0,4,0.0,0,0,0,0,0,0,0,0,0.0,0.0,0.0,0.0,0.0
ESP-La Liga,2122,Levante,Pablo Martínez,ESP,MF,23,1998,13,7,656,7.3,0,1,1,0,0,0,2,0,0.0,0.14,0.14,0.0,0.14
ESP-La Liga,2122,Levante,Rober,ESP,DF,26,1995,27,21,2010,22.3,1,0,1,1,0,0,5,1,0.04,0.0,0.04,0.04,0.04
ESP-La Liga,2122,Levante,Roberto Soldado,ESP,FW,36,1985,18,7,664,7.4,3,2,5,3,0,0,7,2,0.41,0.27,0.68,0.41,0.68
ESP-La Liga,2122,Levante,Roger Martí,ESP,FW,30,1991,29,25,2115,23.5,7,3,10,6,1,3,8,0,0.3,0.13,0.43,0.26,0.38
ESP-La Liga,2122,Levante,Rúben Vezo,POR,DF,27,1994,32,27,2420,26.9,0,0,0,0,0,0,4,0,0.0,0.0,0.0,0.0,0.0
ESP-La Liga,2122,Levante,Sergio Postigo,ESP,DF,32,1988,13,10,848,9.4,0,0,0,0,0,0,3,0,0.0,0.0,0.0,0.0,0.0
ESP-La Liga,2122,Levante,Shkodran Mustafi,GER,DF,29,1992,11,8,658,7.3,1,0,1,1,0,0,1,0,0.14,0.0,0.14,0.14,0.14
ESP-La Liga,2122,Levante,Son,ESP,"DF,MF",27,1994,26,22,1971,21.9,1,0,1,1,0,0,5,1,0.05,0.0,0.05,0.05,0.05
ESP-La Liga,2122,Levante,Álex Cantero,ESP,"FW,MF",21,2000,25,4,610,6.8,0,1,1,0,0,0,1,0,0.0,0.15,0.15,0.0,0.15
ESP-La Liga,2122,Levante,Óscar Duarte,CRC,DF,32,1989,23,20,1773,19.7,2,0,2,2,0,0,5,0,0.1,0.0,0.1,0.1,0.1
ESP-La Liga,2122,Mallorca,Abdón Prats,ESP,FW,28,1992,23,6,641,7.1,3,0,3,3,0,0,3,0,0.42,0.0,0.42,0.42,0.42
ESP-La Liga,2122,Mallorca,Aleix Febas,ESP,MF,25,1996,4,1,117,1.3,0,0,0,0,0,0,1,0,0.0,0.0,0.0,0.0,0.0
ESP-La Liga,2122,Mallorca,Aleksandar Sedlar,SRB,DF,29,1991,10,3,404,4.5,0,0,0,0,0,0,5,1,0.0,0.0,0.0,0.0,0.0
ESP-La Liga,2122,Mallorca,Amath,SEN,"MF,FW",25,1996,19,9,884,9.8,0,1,1,0,0,0,5,0,0.0,0.1,0.1,0.0,0.1
ESP-La Liga,2122,Mallorca,Antonio Raillo,ESP,DF,29,1991,17,17,1530,17.0,2,0,2,2,0,0,8,0,0.12,0.0,0.12,0.12,0.12
ESP-La Liga,2122,Mallorca,Antonio Sánchez,ESP,MF,24,1997,29,19,1616,18.0,1,0,1,1,0,0,3,1,0.06,0.0,0.06,0.06,0.06
ESP-La Liga,2122,Mallorca,Brian Oliván,ESP,DF,27,1994,28,24,2189,24.3,1,0,1,1,0,1,7,0,0.04,0.0,0.04,0.04,0.04
ESP-La Liga,2122,Mallorca,Clément Grenier,FRA,MF,30,1991,5,0,60,0.7,1,0,1,1,0,0,1,0,1.5,0.0,1.5,1.5,1.5
ESP-La Liga,2122,Mallorca,Dani Rodríguez,ESP,MF,33,1988,36,33,2832,31.5,3,3,6,3,0,0,7,0,0.1,0.1,0.19,0.1,0.19
ESP-La Liga,2122,Mallorca,Dominik Greif,SVK,GK,24,1997,1,1,90,1.0,0,0,0,0,0,0,0,0,0.0,0.0,0.0,0.0,0.0
ESP-La Liga,2122,Mallorca,Fernando Niño,ESP,FW,20,2000,23,9,884,9.8,2,0,2,2,0,0,2,0,0.2,0.0,0.2,0.2,0.2
ESP-La Liga,2122,Mallorca,Franco Russo,ARG,DF,26,1994,19,17,1464,16.3,1,0,1,1,0,0,7,2,0.06,0.0,0.06,0.06,0.06
ESP-La Liga,2122,Mallorca,Giovanni González,URU,DF,26,1994,9,3,365,4.1,1,0,1,1,0,0,1,0,0.25,0.0,0.25,0.25,0.25
ESP-La Liga,2122,Mallorca,Iddrisu Baba,GHA,MF,25,1996,26,23,1934,21.5,2,0,2,2,0,0,9,0,0.09,0.0,0.09,0.09,0.09
ESP-La Liga,2122,Mallorca,Iñigo Ruiz de Galarreta,ESP,MF,27,1993,22,17,1378,15.3,0,0,0,0,0,0,4,0,0.0,0.0,0.0,0.0,0.0
ESP-La Liga,2122,Mallorca,Jaume Costa,ESP,DF,33,1988,25,21,1828,20.3,0,4,4,0,0,0,5,1,0.0,0.2,0.2,0.0,0.2
ESP-La Liga,2122,Mallorca,Javier Llabrés,ESP,MF,18,2002,5,1,132,1.5,0,0,0,0,0,0,0,0,0.0,0.0,0.0,0.0,0.0
ESP-La Liga,2122,Mallorca,Joan Sastre Vanrell,ESP,DF,24,1997,7,2,258,2.9,0,0,0,0,0,0,1,0,0.0,0.0,0.0,0.0,0.0
ESP-La Liga,2122,Mallorca,Jordi Mboula,ESP,"MF,FW",22,1999,11,5,434,4.8,0,0,0,0,0,0,2,0,0.0,0.0,0.0,0.0,0.0
ESP-La Liga,2122,Mallorca,Josep Antoni Gayá,ESP,DF,21,2000,1,1,58,0.6,0,0,0,0,0,0,0,0,0.0,0.0,0.0,0.0,0.0
ESP-La Liga,2122,Mallorca,Lago Junior,CIV,MF,30,1990,6,1,177,2.0,0,0,0,0,0,0,0,0,0.0,0.0,0.0,0.0,0.0
ESP-La Liga,2122,Mallorca,Lee Kang-in,KOR,MF,20,2001,30,15,1411,15.7,1,2,3,1,0,0,4,1,0.06,0.13,0.19,0.06,0.19
ESP-La Liga,2122,Mallorca,Leo Román,ESP,GK,21,2000,2,2,180,2.0,0,0,0,0,0,0,0,0,0.0,0.0,0.0,0.0,0.0
ESP-La Liga,2122,Mallorca,Manolo Reina,ESP,GK,36,1985,21,21,1890,21.0,0,0,0,0,0,0,5,1,0.0,0.0,0.0,0.0,0.0
ESP-La Liga,2122,Mallorca,Martin Valjent,SVK,DF,25,1995,36,36,3181,35.3,0,0,0,0,0,0,4,0,0.0,0.0,0.0,0.0,0.0
ESP-La Liga,2122,Mallorca,Matthew Hoppe,USA,FW,20,2001,5,1,131,1.5,0,1,1,0,0,0,0,0,0.0,0.69,0.69,0.0,0.69
ESP-La Liga,2122,Mallorca,Pablo Maffeo,ESP,DF,24,1997,35,35,2945,32.7,1,4,5,1,0,0,10,0,0.03,0.12,0.15,0.03,0.15
ESP-La Liga,2122,Mallorca,Rodrigo Battaglia,ARG,MF,30,1991,26,12,1179,13.1,0,0,0,0,0,0,4,0,0.0,0.0,0.0,0.0,0.0
ESP-La Liga,2122,Mallorca,Salva Sevilla,ESP,MF,37,1984,28,17,1507,16.7,5,3,8,1,4,4,2,0,0.3,0.18,0.48,0.06,0.24
ESP-La Liga,2122,Mallorca,Sergio Rico,ESP,GK,27,1993,14,14,1260,14.0,0,0,0,0,0,0,0,0,0.0,0.0,0.0,0.0,0.0
ESP-La Liga,2122,Mallorca,Takefusa Kubo,JPN,"MF,FW",20,2001,28,17,1605,17.8,1,0,1,1,0,0,4,0,0.06,0.0,0.06,0.06,0.06
ESP-La Liga,2122,Mallorca,Vedat Muriqi,KVX,FW,27,1994,16,16,1438,16.0,5,3,8,3,2,2,6,0,0.31,0.19,0.5,0.19,0.38
ESP-La Liga,2122,Mallorca,Ángel Rodríguez,ESP,"FW,MF",34,1987,29,19,1544,17.2,3,2,5,3,0,0,4,0,0.17,0.12,0.29,0.17,0.29
ESP-La Liga,2122,Osasuna,Ante Budimir,CRO,FW,30,1991,28,20,1738,19.3,8,2,10,6,2,2,3,0,0.41,0.1,0.52,0.31,0.41
ESP-La Liga,2122,Osasuna,Aridane Hernández,ESP,DF,32,1989,15,12,1159,12.9,0,0,0,0,0,0,1,0,0.0,0.0,0.0,0.0,0.0
ESP-La Liga,2122,Osasuna,Barbero,ESP,FW,22,1998,6,0,21,0.2,0,0,0,0,0,0,0,0,0.0,0.0,0.0,0.0,0.0
ESP-La Liga,2122,Osasuna,Darko Brašanac,SRB,MF,29,1992,35,27,2405,26.7,1,2,3,1,0,0,8,0,0.04,0.07,0.11,0.04,0.11
ESP-La Liga,2122,Osasuna,David García,ESP,DF,27,1994,35,35,3105,34.5,4,0,4,4,0,0,8,0,0.12,0.0,0.12,0.12,0.12
ESP-La Liga,2122,Osasuna,Ezequiel Ávila,ARG,"FW,MF",27,1994,36,22,1870,20.8,6,1,7,5,1,1,9,1,0.29,0.05,0.34,0.24,0.29
ESP-La Liga,2122,Osasuna,Iker Benito,ESP,MF,18,2002,4,1,118,1.3,0,0,0,0,0,0,1,0,0.0,0.0,0.0,0.0,0.0
ESP-La Liga,2122,Osasuna,Iñigo Pérez,ESP,MF,33,1988,10,4,338,3.8,1,0,1,1,0,0,0,0,0.27,0.0,0.27,0.27,0.27
ESP-La Liga,2122,Osasuna,Jaume Grau,ESP,MF,24,1997,1,0,3,0.0,0,0,0,0,0,0,0,0,0.0,0.0,0.0,0.0,0.0
ESP-La Liga,2122,Osasuna,Javi Martínez,ESP,MF,21,1999,26,9,879,9.8,1,1,2,1,0,0,1,0,0.1,0.1,0.2,0.1,0.2
ESP-La Liga,2122,Osasuna,Javier Ontiveros,ESP,"FW,MF",23,1997,3,0,39,0.4,0,0,0,0,0,0,0,0,0.0,0.0,0.0,0.0,0.0
ESP-La Liga,2122,Osasuna,Jesús Areso,ESP,DF,22,1999,3,2,188,2.1,0,0,0,0,0,0,1,0,0.0,0.0,0.0,0.0,0.0
ESP-La Liga,2122,Osasuna,Jon Moncayola,ESP,MF,23,1998,36,33,2915,32.4,2,3,5,2,0,0,2,0,0.06,0.09,0.15,0.06,0.15
ESP-La Liga,2122,Osasuna,Jonás Ramalho,ESP,DF,28,1993,3,3,243,2.7,0,0,0,0,0,0,0,0,0.0,0.0,0.0,0.0,0.0
ESP-La Liga,2122,Osasuna,José Ángel,ESP,DF,31,1989,23,12,1083,12.0,1,1,2,1,0,0,2,1,0.08,0.08,0.17,0.08,0.17
ESP-La Liga,2122,Osasuna,Juan Cruz Armada,ESP,DF,29,1992,23,22,1934,21.5,0,0,0,0,0,0,4,0,0.0,0.0,0.0,0.0,0.0
ESP-La Liga,2122,Osasuna,Juan Pérez,ESP,GK,25,1996,2,2,180,2.0,0,0,0,0,0,0,0,0,0.0,0.0,0.0,0.0,0.0
ESP-La Liga,2122,Osasuna,Kike Barja,ESP,"MF,FW",24,1997,21,9,865,9.6,2,0,2,2,0,0,2,0,0.21,0.0,0.21,0.21,0.21
ESP-La Liga,2122,Osasuna,Kiké,ESP,FW,31,1989,33,18,1862,20.7,5,1,6,4,1,1,2,0,0.24,0.05,0.29,0.19,0.24
ESP-La Liga,2122,Osasuna,Lucas Torró,ESP,MF,27,1994,33,32,2725,30.3,1,0,1,1,0,0,10,0,0.03,0.0,0.03,0.03,0.03
ESP-La Liga,2122,Osasuna,Manu Sánchez,ESP,DF,20,2000,33,25,2257,25.1,1,3,4,1,0,0,6,0,0.04,0.12,0.16,0.04,0.16
ESP-La Liga,2122,Osasuna,Nacho Vidal,ESP,DF,26,1995,35,33,2902,32.2,0,1,1,0,0,0,9,0,0.0,0.03,0.03,0.0,0.03
ESP-La Liga,2122,Osasuna,Oier Sanjurjo,ESP,MF,35,1986,25,8,758,8.4,1,0,1,1,0,0,3,0,0.12,0.0,0.12,0.12,0.12
ESP-La Liga,2122,Osasuna,Robert Ibáñez,ESP,MF,28,1993,4,1,93,1.0,0,0,0,0,0,0,0,0,0.0,0.0,0.0,0.0,0.0
ESP-La Liga,2122,Osasuna,Roberto Torres,ESP,"MF,FW",32,1989,28,6,809,9.0,2,2,4,0,2,2,3,0,0.22,0.22,0.44,0.0,0.22
ESP-La Liga,2122,Osasuna,Rubén García,ESP,"MF,FW",28,1993,37,30,2375,26.4,1,6,7,1,0,2,1,0,0.04,0.23,0.27,0.04,0.27
ESP-La Liga,2122,Osasuna,Sergio Herrera,ESP,GK,28,1993,36,36,3240,36.0,0,0,0,0,0,0,3,0,0.0,0.0,0.0,0.0,0.0
ESP-La Liga,2122,Osasuna,Unai Dufur,ESP,DF,22,1999,1,1,90,1.0,0,0,0,0,0,0,0,0,0.0,0.0,0.0,0.0,0.0
ESP-La Liga,2122,Osasuna,Unai García,ESP,DF,29,1992,18,15,1408,15.6,0,0,0,0,0,0,5,0,0.0,0.0,0.0,0.0,0.0
ESP-La Liga,2122,Rayo Vallecano,Alejandro Asensio,ESP,FW,20,2000,2,0,12,0.1,0,0,0,0,0,0,0,0,0.0,0.0,0.0,0.0,0.0
ESP-La Liga,2122,Rayo Vallecano,Andrés Martín,ESP,FW,22,1999,7,1,186,2.1,0,0,0,0,0,0,0,0,0.0,0.0,0.0,0.0,0.0
ESP-La Liga,2122,Rayo Vallecano,Bebé,CPV,MF,31,1990,29,6,867,9.6,1,2,3,1,0,0,2,0,0.1,0.21,0.31,0.1,0.31
ESP-La Liga,2122,Rayo Vallecano,Catena,ESP,DF,26,1994,36,36,3240,36.0,2,2,4,2,0,0,8,0,0.06,0.06,0.11,0.06,0.11
ESP-La Liga,2122,Rayo Vallecano,Esteban Saveljich,MNE,DF,30,1991,21,21,1700,18.9,0,0,0,0,0,0,4,0,0.0,0.0,0.0,0.0,0.0
ESP-La Liga,2122,Rayo Vallecano,Fran Garcia,ESP,DF,21,1999,34,34,3025,33.6,1,0,1,1,0,0,4,0,0.03,0.0,0.03,0.03,0.03
ESP-La Liga,2122,Rayo Vallecano,Isaac Palazón Camacho,ESP,MF,26,1994,34,27,2288,25.4,2,4,6,2,0,0,7,0,0.08,0.16,0.24,0.08,0.24
ESP-La Liga,2122,Rayo Vallecano,Iván Balliu,ALB,DF,29,1992,35,35,3147,35.0,1,2,3,1,0,0,10,1,0.03,0.06,0.09,0.03,0.09
ESP-La Liga,2122,Rayo Vallecano,José Pozo,ESP,"FW,MF",25,1996,5,0,72,0.8,0,0,0,0,0,0,0,0,0.0,0.0,0.0,0.0,0.0
ESP-La Liga,2122,Rayo Vallecano,Kévin Rodrigues,POR,"DF,MF",27,1994,13,5,435,4.8,0,0,0,0,0,0,0,0,0.0,0.0,0.0,0.0,0.0
ESP-La Liga,2122,Rayo Vallecano,Luca Zidane,ALG,GK,23,1998,8,8,645,7.2,0,0,0,0,0,0,0,1,0.0,0.0,0.0,0.0,0.0
ESP-La Liga,2122,Rayo Vallecano,Mamadou Sylla,SEN,FW,27,1994,12,1,253,2.8,0,0,0,0,0,0,2,0,0.0,0.0,0.0,0.0,0.0
ESP-La Liga,2122,Rayo Vallecano,Mario Hernández,ESP,"DF,MF",22,1999,9,5,395,4.4,1,0,1,1,0,0,3,0,0.23,0.0,0.23,0.23,0.23
ESP-La Liga,2122,Rayo Vallecano,Mario Suárez,ESP,DF,34,1987,14,8,712,7.9,0,0,0,0,0,0,2,0,0.0,0.0,0.0,0.0,0.0
ESP-La Liga,2122,Rayo Vallecano,Martín Merquelanz,ESP,MF,26,1995,4,3,173,1.9,0,0,0,0,0,0,0,0,0.0,0.0,0.0,0.0,0.0
ESP-La Liga,2122,Rayo Vallecano,Nikola Maraš,SRB,DF,25,1995,16,11,1044,11.6,0,0,0,0,0,0,4,0,0.0,0.0,0.0,0.0,0.0
ESP-La Liga,2122,Rayo Vallecano,Pathé Ciss,SEN,MF,27,1994,31,11,1097,12.2,2,1,3,2,0,0,5,0,0.16,0.08,0.25,0.16,0.25
ESP-La Liga,2122,Rayo Vallecano,Radamel Falcao,COL,FW,35,1986,22,8,838,9.3,6,0,6,6,0,0,1,0,0.64,0.0,0.64,0.64,0.64
ESP-La Liga,2122,Rayo Vallecano,Randy Nteka,ANG,"MF,FW",23,1997,34,16,1462,16.2,3,0,3,3,0,0,2,0,0.18,0.0,0.18,0.18,0.18
ESP-La Liga,2122,Rayo Vallecano,Santi Comesaña,ESP,MF,24,1996,35,32,2682,29.8,1,2,3,1,0,0,12,1,0.03,0.07,0.1,0.03,0.1
ESP-La Liga,2122,Rayo Vallecano,Sergi Guardiola,ESP,FW,30,1991,32,20,1710,19.0,8,2,10,7,1,1,3,0,0.42,0.11,0.53,0.37,0.47
ESP-La Liga,2122,Rayo Vallecano,Stole Dimitrievski,MKD,GK,27,1993,31,30,2772,30.8,0,0,0,0,0,0,0,0,0.0,0.0,0.0,0.0,0.0
ESP-La Liga,2122,Rayo Vallecano,Unai López,ESP,MF,25,1995,27,13,1160,12.9,0,0,0,0,0,0,5,0,0.0,0.0,0.0,0.0,0.0
ESP-La Liga,2122,Rayo Vallecano,Yacine Qasmi,MAR,FW,30,1991,1,0,4,0.0,0,0,0,0,0,0,0,0,0.0,0.0,0.0,0.0,0.0
ESP-La Liga,2122,Rayo Vallecano,Álvaro Aguirre,ESP,FW,21,2000,1,0,9,0.1,0,0,0,0,0,0,0,0,0.0,0.0,0.0,0.0,0.0
ESP-La Liga,2122,Rayo Vallecano,Álvaro García,ESP,MF,28,1992,36,34,2998,33.3,7,4,11,7,0,0,6,0,0.21,0.12,0.33,0.21,0.33
ESP-La Liga,2122,Rayo Vallecano,Óscar Trejo,ARG,MF,33,1988,32,24,2007,22.3,3,9,12,0,3,3,13,0,0.13,0.4,0.54,0.0,0.4
ESP-La Liga,2122,Rayo Vallecano,Óscar Valentín,ESP,MF,26,1994,35,29,2569,28.5,0,0,0,0,0,0,8,0,0.0,0.0,0.0,0.0,0.0
ESP-La Liga,2122,Real Betis,Aitor Ruibal,ESP,"MF,DF",25,1996,19,9,856,9.5,0,0,0,0,0,0,6,0,0.0,0.0,0.0,0.0,0.0
ESP-La Liga,2122,Real Betis,Andrés Guardado,MEX,MF,34,1986,28,17,1393,15.5,0,1,1,0,0,0,4,0,0.0,0.06,0.06,0.0,0.06
ESP-La Liga,2122,Real Betis,Borja Iglesias,ESP,FW,28,1993,33,18,1573,17.5,10,0,10,7,3,3,4,0,0.57,0.0,0.57,0.4,0.4
ESP-La Liga,2122,Real Betis,Calderón,ESP,DF,21,2000,1,0,65,0.7,0,0,0,0,0,0,0,0,0.0,0.0,0.0,0.0,0.0
ESP-La Liga,2122,Real Betis,Claudio Bravo,CHI,GK,38,1983,17,17,1456,16.2,0,0,0,0,0,0,2,0,0.0,0.0,0.0,0.0,0.0
ESP-La Liga,2122,Real Betis,Cristian Tello,ESP,MF,29,1991,23,5,819,9.1,2,2,4,2,0,0,2,0,0.22,0.22,0.44,0.22,0.44
ESP-La Liga,2122,Real Betis,Diego Lainez,MEX,MF,21,2000,7,1,140,1.6,0,0,0,0,0,0,0,0,0.0,0.0,0.0,0.0,0.0
ESP-La Liga,2122,Real Betis,Germán Pezzella,ARG,DF,30,1991,23,22,1988,22.1,1,0,1,1,0,0,5,1,0.05,0.0,0.05,0.05,0.05
ESP-La Liga,2122,Real Betis,Guido Rodríguez,ARG,MF,27,1994,32,29,2529,28.1,1,2,3,1,0,0,9,1,0.04,0.07,0.11,0.04,0.11
ESP-La Liga,2122,Real Betis,Héctor Bellerín,ESP,DF,26,1995,23,22,1979,22.0,0,2,2,0,0,0,2,1,0.0,0.09,0.09,0.0,0.09
ESP-La Liga,2122,Real Betis,Joaquín,ESP,MF,40,1981,21,2,471,5.2,0,1,1,0,0,0,0,0,0.0,0.19,0.19,0.0,0.19
ESP-La Liga,2122,Real Betis,Juan Miranda,ESP,DF,21,2000,13,9,783,8.7,0,2,2,0,0,0,3,0,0.0,0.23,0.23,0.0,0.23
ESP-La Liga,2122,Real Betis,Juanmi,ESP,MF,28,1993,33,26,2131,23.7,16,4,20,16,0,0,5,0,0.68,0.17,0.84,0.68,0.84
ESP-La Liga,2122,Real Betis,Kike Hermoso,ESP,DF,21,1999,1,1,90,1.0,1,0,1,1,0,0,0,0,1.0,0.0,1.0,1.0,1.0
ESP-La Liga,2122,Real Betis,Loren Morón,ESP,FW,27,1993,1,0,4,0.0,0,0,0,0,0,0,0,0,0.0,0.0,0.0,0.0,0.0
ESP-La Liga,2122,Real Betis,Marc Bartra,ESP,DF,30,1991,23,23,1993,22.1,1,0,1,1,0,0,5,0,0.05,0.0,0.05,0.05,0.05
ESP-La Liga,2122,Real Betis,Martín Montoya,ESP,DF,30,1991,6,6,518,5.8,0,1,1,0,0,0,2,0,0.0,0.17,0.17,0.0,0.17
ESP-La Liga,2122,Real Betis,Nabil Fekir,FRA,MF,28,1993,34,33,2794,31.0,6,8,14,6,0,0,7,1,0.19,0.26,0.45,0.19,0.45
ESP-La Liga,2122,Real Betis,Paul Akouokou,CIV,MF,23,1997,8,6,516,5.7,0,0,0,0,0,0,2,1,0.0,0.0,0.0,0.0,0.0
ESP-La Liga,2122,Real Betis,Raúl,ESP,FW,20,2000,1,0,1,0.0,0,0,0,0,0,0,0,0,0.0,0.0,0.0,0.0,0.0
ESP-La Liga,2122,Real Betis,Roberto González,ESP,MF,20,2001,4,1,135,1.5,0,0,0,0,0,0,0,0,0.0,0.0,0.0,0.0,0.0
ESP-La Liga,2122,Real Betis,Rodri,ESP,MF,21,2000,21,10,881,9.8,1,2,3,1,0,0,1,0,0.1,0.2,0.31,0.1,0.31
ESP-La Liga,2122,Real Betis,Rui Silva,POR,GK,27,1994,22,21,1964,21.8,0,0,0,0,0,0,2,0,0.0,0.0,0.0,0.0,0.0
ESP-La Liga,2122,Real Betis,Sergio Canales,ESP,MF,30,1991,34,33,2791,31.0,5,8,13,5,0,0,6,0,0.16,0.26,0.42,0.16,0.42
ESP-La Liga,2122,Real Betis,Víctor Camarasa,ESP,MF,27,1994,7,0,108,1.2,0,0,0,0,0,0,0,0,0.0,0.0,0.0,0.0,0.0
ESP-La Liga,2122,Real Betis,Víctor Ruiz,ESP,DF,32,1989,18,17,1424,15.8,0,0,0,0,0,0,2,0,0.0,0.0,0.0,0.0,0.0
ESP-La Liga,2122,Real Betis,William Carvalho,POR,MF,29,1992,33,20,1805,20.1,2,3,5,2,0,0,6,0,0.1,0.15,0.25,0.1,0.25
ESP-La Liga,2122,Real Betis,Willian José,BRA,FW,29,1991,32,19,1604,17.8,9,4,13,6,3,3,2,0,0.5,0.22,0.73,0.34,0.56
ESP-La Liga,2122,Real Betis,Youssouf Sabaly,SEN,DF,28,1993,10,9,788,8.8,0,1,1,0,0,0,1,0,0.0,0.11,0.11,0.0,0.11
ESP-La Liga,2122,Real Betis,Álex Moreno,ESP,DF,28,1993,30,28,2404,26.7,5,3,8,5,0,0,3,1,0.19,0.11,0.3,0.19,0.3
ESP-La Liga,2122,Real Betis,Édgar González,ESP,DF,24,1997,21,14,1464,16.3,1,1,2,1,0,0,6,0,0.06,0.06,0.12,0.06,0.12
ESP-La Liga,2122,Real Madrid,Andriy Lunin,UKR,GK,22,1999,2,2,180,2.0,0,0,0,0,0,0,0,0,0.0,0.0,0.0,0.0,0.0
ESP-La Liga,2122,Real Madrid,Antonio Blanco,ESP,MF,21,2000,1,0,31,0.3,0,0,0,0,0,0,0,0,0.0,0.0,0.0,0.0,0.0
ESP-La Liga,2122,Real Madrid,Casemiro,BRA,MF,29,1992,32,31,2569,28.5,1,3,4,1,0,0,11,0,0.04,0.11,0.14,0.04,0.14
ESP-La Liga,2122,Real Madrid,Dani Carvajal,ESP,DF,29,1992,24,17,1551,17.2,1,3,4,1,0,0,1,0,0.06,0.17,0.23,0.06,0.23
ESP-La Liga,2122,Real Madrid,Dani Ceballos,ESP,MF,24,1996,11,2,276,3.1,0,0,0,0,0,0,1,0,0.0,0.0,0.0,0.0,0.0
ESP-La Liga,2122,Real Madrid,David Alaba,AUT,DF,29,1992,30,30,2642,29.4,2,3,5,2,0,0,2,0,0.07,0.1,0.17,0.07,0.17
ESP-La Liga,2122,Real Madrid,Eden Hazard,BEL,"FW,MF",30,1991,18,7,717,8.0,0,1,1,0,0,0,3,0,0.0,0.13,0.13,0.0,0.13
ESP-La Liga,2122,Real Madrid,Eduardo Camavinga,FRA,MF,18,2002,26,13,1236,13.7,2,1,3,2,0,0,8,0,0.15,0.07,0.22,0.15,0.22
ESP-La Liga,2122,Real Madrid,Federico Valverde,URU,MF,23,1998,31,19,1833,20.4,0,1,1,0,0,0,2,0,0.0,0.05,0.05,0.0,0.05
ESP-La Liga,2122,Real Madrid,Ferland Mendy,FRA,DF,26,1995,22,20,1734,19.3,2,1,3,2,0,0,4,0,0.1,0.05,0.16,0.1,0.16
ESP-La Liga,2122,Real Madrid,Gareth Bale,WAL,FW,32,1989,5,4,280,3.1,1,0,1,1,0,0,2,0,0.32,0.0,0.32,0.32,0.32
ESP-La Liga,2122,Real Madrid,Isco,ESP,"MF,FW",29,1992,14,3,331,3.7,1,0,1,1,0,0,1,0,0.27,0.0,0.27,0.27,0.27
ESP-La Liga,2122,Real Madrid,Jesús Vallejo,ESP,DF,24,1997,5,4,341,3.8,0,0,0,0,0,0,1,0,0.0,0.0,0.0,0.0,0.0
ESP-La Liga,2122,Real Madrid,Juanmi Latasa,ESP,FW,20,2001,1,0,9,0.1,0,0,0,0,0,0,0,0,0.0,0.0,0.0,0.0,0.0
ESP-La Liga,2122,Real Madrid,Karim Benzema,FRA,FW,33,1987,32,31,2593,28.8,27,12,39,20,7,11,0,0,0.94,0.42,1.35,0.69,1.11
ESP-La Liga,2122,Real Madrid,Lucas Vázquez,ESP,DF,30,1991,29,20,1833,20.4,3,0,3,3,0,0,3,0,0.15,0.0,0.15,0.15,0.15
ESP-La Liga,2122,Real Madrid,Luka Jović,SRB,FW,23,1997,15,1,369,4.1,1,3,4,1,0,0,1,0,0.24,0.73,0.98,0.24,0.98
ESP-La Liga,2122,Real Madrid,Luka Modrić,CRO,MF,35,1985,28,25,2032,22.6,2,8,10,1,1,1,4,0,0.09,0.35,0.44,0.04,0.4
ESP-La Liga,2122,Real Madrid,Marcelo,BRA,DF,33,1988,12,5,525,5.8,0,2,2,0,0,0,0,0,0.0,0.34,0.34,0.0,0.34
ESP-La Liga,2122,Real Madrid,Marco Asensio,ESP,"FW,MF",25,1996,31,19,1731,19.2,10,0,10,10,0,0,2,0,0.52,0.0,0.52,0.52,0.52
ESP-La Liga,2122,Real Madrid,Mariano,DOM,FW,27,1993,9,3,342,3.8,1,1,2,1,0,0,2,0,0.26,0.26,0.53,0.26,0.53
ESP-La Liga,2122,Real Madrid,Mario Gila,ESP,DF,20,2000,2,0,25,0.3,0,0,0,0,0,0,0,0,0.0,0.0,0.0,0.0,0.0
ESP-La Liga,2122,Real Madrid,Miguel Gutiérrez,ESP,DF,20,2001,3,3,260,2.9,0,1,1,0,0,0,1,0,0.0,0.35,0.35,0.0,0.35
ESP-La Liga,2122,Real Madrid,Nacho,ESP,DF,31,1990,28,17,1555,17.3,3,0,3,3,0,0,7,0,0.17,0.0,0.17,0.17,0.17
ESP-La Liga,2122,Real Madrid,Peter González,DOM,MF,19,2002,3,0,27,0.3,0,0,0,0,0,0,0,0,0.0,0.0,0.0,0.0,0.0
ESP-La Liga,2122,Real Madrid,Rodrygo,BRA,FW,20,2001,33,17,1523,16.9,4,4,8,4,0,0,4,0,0.24,0.24,0.47,0.24,0.47
ESP-La Liga,2122,Real Madrid,Sergio Santos,ESP,DF,20,2001,1,0,11,0.1,0,0,0,0,0,0,0,0,0.0,0.0,0.0,0.0,0.0
ESP-La Liga,2122,Real Madrid,Thibaut Courtois,BEL,GK,29,1992,36,36,3240,36.0,0,0,0,0,0,0,1,0,0.0,0.0,0.0,0.0,0.0
ESP-La Liga,2122,Real Madrid,Toni Kroos,GER,MF,31,1990,28,25,2103,23.4,1,3,4,1,0,0,4,0,0.04,0.13,0.17,0.04,0.17
ESP-La Liga,2122,Real Madrid,Vinicius Júnior,BRA,"FW,MF",21,2000,35,30,2690,29.9,17,10,27,17,0,0,6,0,0.57,0.33,0.9,0.57,0.9
ESP-La Liga,2122,Real Madrid,Éder Militão,BRA,DF,23,1998,34,34,3031,33.7,1,2,3,1,0,0,5,0,0.03,0.06,0.09,0.03,0.09
ESP-La Liga,2122,Real Sociedad,Adnan Januzaj,BEL,"MF,FW",26,1995,33,17,1625,18.1,3,0,3,1,2,2,5,0,0.17,0.0,0.17,0.06,0.06
ESP-La Liga,2122,Real Sociedad,Aihen Muñoz,ESP,DF,23,1997,20,15,1342,14.9,0,0,0,0,0,0,4,1,0.0,0.0,0.0,0.0,0.0
ESP-La Liga,2122,Real Sociedad,Alex Sola,ESP,"DF,FW",22,1999,2,0,41,0.5,0,0,0,0,0,0,0,0,0.0,0.0,0.0,0.0,0.0
ESP-La Liga,2122,Real Sociedad,Alexander Isak,SWE,FW,21,1999,32,26,2140,23.8,6,2,8,4,2,2,6,0,0.25,0.08,0.34,0.17,0.25
ESP-La Liga,2122,Real Sociedad,Alexander Sørloth,NOR,FW,25,1995,33,20,1763,19.6,4,0,4,4,0,0,2,0,0.2,0.0,0.2,0.2,0.2
ESP-La Liga,2122,Real Sociedad,Ander Barrenetxea,ESP,"MF,FW",19,2001,11,6,547,6.1,1,1,2,1,0,0,0,0,0.16,0.16,0.33,0.16,0.33
ESP-La Liga,2122,Real Sociedad,Ander Guevara,ESP,MF,24,1997,17,11,867,9.6,0,0,0,0,0,0,2,0,0.0,0.0,0.0,0.0,0.0
ESP-La Liga,2122,Real Sociedad,Ander Martin,ESP,MF,20,2000,5,1,88,1.0,0,0,0,0,0,0,0,0,0.0,0.0,0.0,0.0,0.0
ESP-La Liga,2122,Real Sociedad,Andoni Gorosabel,ESP,DF,24,1996,32,25,2289,25.4,0,4,4,0,0,0,4,0,0.0,0.16,0.16,0.0,0.16
ESP-La Liga,2122,Real Sociedad,Aritz Elustondo,ESP,DF,27,1994,30,22,2105,23.4,4,1,5,4,0,0,3,1,0.17,0.04,0.21,0.17,0.21
ESP-La Liga,2122,Real Sociedad,Asier Illarramendi,ESP,MF,31,1990,8,6,374,4.2,0,0,0,0,0,0,1,0,0.0,0.0,0.0,0.0,0.0
ESP-La Liga,2122,Real Sociedad,Beñat Turrientes,ESP,MF,19,2002,8,1,207,2.3,0,0,0,0,0,0,1,0,0.0,0.0,0.0,0.0,0.0
ESP-La Liga,2122,Real Sociedad,Cristo,ESP,DF,21,2000,1,0,17,0.2,0,0,0,0,0,0,0,0,0.0,0.0,0.0,0.0,0.0
ESP-La Liga,2122,Real Sociedad,David Silva,ESP,"MF,FW",35,1986,25,22,1720,19.1,2,4,6,2,0,0,4,1,0.1,0.21,0.31,0.1,0.31
ESP-La Liga,2122,Real Sociedad,Diego Rico,ESP,DF,28,1993,21,19,1644,18.3,0,0,0,0,0,0,4,0,0.0,0.0,0.0,0.0,0.0
ESP-La Liga,2122,Real Sociedad,Germán Valera,ESP,"FW,MF",19,2002,3,0,51,0.6,0,0,0,0,0,0,0,0,0.0,0.0,0.0,0.0,0.0
ESP-La Liga,2122,Real Sociedad,Igor Zubeldia,ESP,DF,24,1997,26,19,1648,18.3,0,1,1,0,0,0,7,0,0.0,0.05,0.05,0.0,0.05
ESP-La Liga,2122,Real Sociedad,Jon Bautista,ESP,FW,26,1995,1,0,45,0.5,0,0,0,0,0,0,0,0,0.0,0.0,0.0,0.0,0.0
ESP-La Liga,2122,Real Sociedad,Jon Guridi,ESP,MF,26,1995,8,1,206,2.3,1,0,1,1,0,0,0,0,0.44,0.0,0.44,0.44,0.44
ESP-La Liga,2122,Real Sociedad,Jon Pacheco,ESP,DF,20,2001,10,4,381,4.2,0,0,0,0,0,0,1,0,0.0,0.0,0.0,0.0,0.0
ESP-La Liga,2122,Real Sociedad,Joseba Zaldúa,ESP,"DF,MF",29,1992,24,14,1172,13.0,0,0,0,0,0,0,6,0,0.0,0.0,0.0,0.0,0.0
ESP-La Liga,2122,Real Sociedad,Julen Lobete,ESP,FW,20,2000,13,2,284,3.2,2,0,2,2,0,0,0,0,0.63,0.0,0.63,0.63,0.63
ESP-La Liga,2122,Real Sociedad,Martín Zubimendi,ESP,MF,22,1999,36,26,2591,28.8,2,1,3,2,0,0,4,0,0.07,0.03,0.1,0.07,0.1
ESP-La Liga,2122,Real Sociedad,Mathew Ryan,AUS,GK,29,1992,3,3,270,3.0,0,0,0,0,0,0,0,0,0.0,0.0,0.0,0.0,0.0
ESP-La Liga,2122,Real Sociedad,Mikel Merino,ESP,MF,25,1996,34,33,2890,32.1,3,2,5,3,0,0,8,0,0.09,0.06,0.16,0.09,0.16
ESP-La Liga,2122,Real Sociedad,Mikel Oyarzabal,ESP,"MF,FW",24,1997,22,19,1671,18.6,9,3,12,5,4,5,0,1,0.48,0.16,0.65,0.27,0.43
ESP-La Liga,2122,Real Sociedad,Naïs Djouahra,FRA,MF,21,1999,7,1,219,2.4,0,0,0,0,0,0,0,0,0.0,0.0,0.0,0.0,0.0
ESP-La Liga,2122,Real Sociedad,Portu,ESP,"MF,FW",29,1992,37,17,1590,17.7,1,2,3,0,1,1,5,0,0.06,0.11,0.17,0.0,0.11
ESP-La Liga,2122,Real Sociedad,Rafinha,BRA,"MF,FW",28,1993,17,13,1050,11.7,1,0,1,1,0,0,3,0,0.09,0.0,0.09,0.09,0.09
ESP-La Liga,2122,Real Sociedad,Roberto Navarro,ESP,"MF,FW",19,2002,6,3,199,2.2,0,0,0,0,0,0,0,0,0.0,0.0,0.0,0.0,0.0
ESP-La Liga,2122,Real Sociedad,Robin Le Normand,ESP,DF,24,1996,37,37,3330,37.0,1,1,2,1,0,0,6,0,0.03,0.03,0.05,0.03,0.05
ESP-La Liga,2122,Real Sociedad,Álex Remiro,ESP,GK,26,1995,35,35,3150,35.0,0,0,0,0,0,0,1,0,0.0,0.0,0.0,0.0,0.0
ESP-La Liga,2122,Sevilla,Anthony Martial,FRA,"FW,MF",25,1995,9,7,490,5.4,0,1,1,0,0,0,1,0,0.0,0.18,0.18,0.0,0.18
ESP-La Liga,2122,Sevilla,Carmona,ESP,"DF,MF",19,2002,1,0,24,0.3,0,0,0,0,0,0,0,0,0.0,0.0,0.0,0.0,0.0
ESP-La Liga,2122,Sevilla,Diego Carlos,BRA,DF,28,1993,34,34,2957,32.9,3,0,3,3,0,0,4,1,0.09,0.0,0.09,0.09,0.09
ESP-La Liga,2122,Sevilla,Fernando,BRA,"MF,DF",34,1987,24,21,1850,20.6,1,1,2,1,0,0,6,0,0.05,0.05,0.1,0.05,0.1
ESP-La Liga,2122,Sevilla,Gonzalo Montiel,ARG,DF,24,1997,18,15,1066,11.8,1,2,3,1,0,0,7,0,0.08,0.17,0.25,0.08,0.25
ESP-La Liga,2122,Sevilla,Ivan Rakitić,CRO,MF,33,1988,35,26,2182,24.2,4,6,10,3,1,2,5,0,0.16,0.25,0.41,0.12,0.37
ESP-La Liga,2122,Sevilla,Iván Romero,ESP,FW,20,2001,5,2,178,2.0,0,0,0,0,0,0,0,0,0.0,0.0,0.0,0.0,0.0
ESP-La Liga,2122,Sevilla,Javier Díaz,ESP,GK,24,1997,1,1,90,1.0,0,0,0,0,0,0,0,0,0.0,0.0,0.0,0.0,0.0
ESP-La Liga,2122,Sevilla,Jesús Corona,MEX,"FW,MF",28,1993,18,12,1157,12.9,2,4,6,2,0,0,2,0,0.16,0.31,0.47,0.16,0.47
ESP-La Liga,2122,Sevilla,Jesús Navas,ESP,DF,35,1985,25,19,1786,19.8,0,3,3,0,0,0,4,0,0.0,0.15,0.15,0.0,0.15
ESP-La Liga,2122,Sevilla,Joan Jordán,ESP,MF,27,1994,36,31,2514,27.9,0,1,1,0,0,0,9,0,0.0,0.04,0.04,0.0,0.04
ESP-La Liga,2122,Sevilla,Juanlu Sánchez,ESP,"DF,MF",17,2003,1,0,5,0.1,0,0,0,0,0,0,1,0,0.0,0.0,0.0,0.0,0.0
ESP-La Liga,2122,Sevilla,Jules Koundé,FRA,DF,22,1998,32,31,2736,30.4,2,1,3,2,0,0,2,2,0.07,0.03,0.1,0.07,0.1
ESP-La Liga,2122,Sevilla,Karim Rekik,NED,DF,26,1994,18,11,1098,12.2,0,2,2,0,0,0,2,0,0.0,0.16,0.16,0.0,0.16
ESP-La Liga,2122,Sevilla,Lucas Ocampos,ARG,"FW,MF",27,1994,30,23,2125,23.6,6,4,10,6,0,0,7,0,0.25,0.17,0.42,0.25,0.42
ESP-La Liga,2122,Sevilla,Ludwig Augustinsson,SWE,"DF,MF",27,1994,19,9,793,8.8,0,1,1,0,0,0,3,0,0.0,0.11,0.11,0.0,0.11
ESP-La Liga,2122,Sevilla,Luismi,ESP,MF,20,2001,2,0,13,0.1,0,0,0,0,0,0,0,0,0.0,0.0,0.0,0.0,0.0
ESP-La Liga,2122,Sevilla,Marcos Acuña,ARG,"DF,MF",29,1991,31,26,2260,25.1,1,3,4,1,0,0,10,0,0.04,0.12,0.16,0.04,0.16
ESP-La Liga,2122,Sevilla,Marko Dmitrović,SRB,GK,29,1992,6,6,540,6.0,0,0,0,0,0,0,0,0,0.0,0.0,0.0,0.0,0.0
ESP-La Liga,2122,Sevilla,Munir El Haddadi,MAR,"MF,FW",25,1995,16,4,474,5.3,2,0,2,2,0,0,3,0,0.38,0.0,0.38,0.38,0.38
ESP-La Liga,2122,Sevilla,Nemanja Gudelj,SRB,"DF,MF",29,1991,21,9,1046,11.6,0,0,0,0,0,0,5,0,0.0,0.0,0.0,0.0,0.0
ESP-La Liga,2122,Sevilla,Oussama Idrissi,MAR,"MF,FW",25,1996,5,2,127,1.4,0,0,0,0,0,0,1,0,0.0,0.0,0.0,0.0,0.0
ESP-La Liga,2122,Sevilla,Papu Gómez,ARG,"FW,MF",33,1988,29,19,1784,19.8,5,1,6,5,0,0,4,0,0.25,0.05,0.3,0.25,0.3
ESP-La Liga,2122,Sevilla,Pedro Ortiz,ESP,MF,20,2000,1,0,7,0.1,0,0,0,0,0,0,0,0,0.0,0.0,0.0,0.0,0.0
ESP-La Liga,2122,Sevilla,Rafa Mir,ESP,FW,24,1997,34,18,1808,20.1,10,0,10,10,0,0,6,0,0.5,0.0,0.5,0.5,0.5
ESP-La Liga,2122,Sevilla,Suso,ESP,"FW,MF",27,1993,8,6,384,4.3,0,1,1,0,0,0,0,0,0.0,0.23,0.23,0.0,0.23
ESP-La Liga,2122,Sevilla,Thomas Delaney,DEN,MF,29,1991,26,15,1549,17.2,2,1,3,2,0,0,4,1,0.12,0.06,0.17,0.12,0.17
ESP-La Liga,2122,Sevilla,Valentino Scotta,ESP,DF,19,2001,1,0,1,0.0,0,0,0,0,0,0,0,0,0.0,0.0,0.0,0.0,0.0
ESP-La Liga,2122,Sevilla,Yassine Bounou,MAR,GK,30,1991,31,31,2790,31.0,0,2,2,0,0,0,2,0,0.0,0.06,0.06,0.0,0.06
ESP-La Liga,2122,Sevilla,Youssef En-Nesyri,MAR,FW,24,1997,23,15,1277,14.2,5,1,6,4,1,1,1,0,0.35,0.07,0.42,0.28,0.35
ESP-La Liga,2122,Sevilla,Érik Lamela,ARG,"FW,MF",29,1992,20,10,1015,11.3,5,2,7,5,0,0,5,0,0.44,0.18,0.62,0.44,0.62
ESP-La Liga,2122,Sevilla,Óliver Torres,ESP,"MF,FW",26,1994,26,11,1008,11.2,2,3,5,2,0,0,2,0,0.18,0.27,0.45,0.18,0.45
ESP-La Liga,2122,Sevilla,Óscar Rodríguez Arnaiz,ESP,"MF,FW",23,1998,11,4,417,4.6,0,0,0,0,0,0,1,0,0.0,0.0,0.0,0.0,0.0
ESP-La Liga,2122,Valencia,Bryan Gil,ESP,"MF,FW",20,2001,13,9,753,8.4,0,1,1,0,0,0,3,0,0.0,0.12,0.12,0.0,0.12
ESP-La Liga,2122,Valencia,Carlos Soler,ESP,MF,24,1997,32,28,2474,27.5,11,5,16,4,7,7,4,0,0.4,0.18,0.58,0.15,0.33
ESP-La Liga,2122,Valencia,Cristhian Mosquera,ESP,DF,17,2004,6,3,212,2.4,0,0,0,0,0,0,1,0,0.0,0.0,0.0,0.0,0.0
ESP-La Liga,2122,Valencia,Cristiano Piccini,ITA,DF,28,1992,6,3,322,3.6,1,0,1,1,0,0,1,0,0.28,0.0,0.28,0.28,0.28
ESP-La Liga,2122,Valencia,Daniel Wass,DEN,MF,32,1989,19,19,1582,17.6,1,1,2,1,0,0,6,0,0.06,0.06,0.11,0.06,0.11
ESP-La Liga,2122,Valencia,Denis Cheryshev,RUS,MF,30,1990,17,5,563,6.3,0,1,1,0,0,0,1,0,0.0,0.16,0.16,0.0,0.16
ESP-La Liga,2122,Valencia,Dimitri Foulquier,FRA,"DF,MF",28,1993,29,25,2342,26.0,0,1,1,0,0,0,11,0,0.0,0.04,0.04,0.0,0.04
ESP-La Liga,2122,Valencia,Eray Cömert,SUI,DF,23,1998,8,5,408,4.5,0,0,0,0,0,0,2,0,0.0,0.0,0.0,0.0,0.0
ESP-La Liga,2122,Valencia,Gabriel Paulista,BRA,DF,30,1990,19,19,1592,17.7,2,1,3,2,0,0,2,0,0.11,0.06,0.17,0.11,0.17
ESP-La Liga,2122,Valencia,Giorgi Mamardashvili,GEO,GK,20,2000,18,18,1620,18.0,0,0,0,0,0,0,2,0,0.0,0.0,0.0,0.0,0.0
ESP-La Liga,2122,Valencia,Gonçalo Guedes,POR,"FW,MF",24,1996,36,30,2606,29.0,11,6,17,10,1,2,3,0,0.38,0.21,0.59,0.35,0.55
ESP-La Liga,2122,Valencia,Hugo Duro,ESP,"MF,FW",21,1999,30,22,1834,20.4,7,1,8,7,0,0,3,1,0.34,0.05,0.39,0.34,0.39
ESP-La Liga,2122,Valencia,Hugo Guillamón,ESP,"MF,DF",21,2000,31,28,2361,26.2,1,0,1,1,0,0,11,2,0.04,0.0,0.04,0.04,0.04
ESP-La Liga,2122,Valencia,Hélder Costa,ANG,MF,27,1994,22,13,1118,12.4,0,1,1,0,0,0,3,0,0.0,0.08,0.08,0.0,0.08
ESP-La Liga,2122,Valencia,Ilaix Moriba,GUI,MF,18,2003,14,9,818,9.1,0,0,0,0,0,0,9,1,0.0,0.0,0.0,0.0,0.0
ESP-La Liga,2122,Valencia,Jason,ESP,MF,27,1994,5,1,75,0.8,0,0,0,0,0,0,2,0,0.0,0.0,0.0,0.0,0.0
ESP-La Liga,2122,Valencia,Jasper Cillessen,NED,GK,32,1989,17,17,1457,16.2,0,1,1,0,0,0,1,0,0.0,0.06,0.06,0.0,0.06
ESP-La Liga,2122,Valencia,Jaume Doménech,ESP,GK,30,1990,4,3,343,3.8,0,0,0,0,0,0,1,0,0.0,0.0,0.0,0.0,0.0
ESP-La Liga,2122,Valencia,Jesus Vazquez,ESP,"MF,DF",18,2003,15,8,813,9.0,0,0,0,0,0,0,0,0,0.0,0.0,0.0,0.0,0.0
ESP-La Liga,2122,Valencia,José Luis Gayà,ESP,DF,26,1995,24,22,1871,20.8,2,4,6,2,0,0,8,2,0.1,0.19,0.29,0.1,0.29
ESP-La Liga,2122,Valencia,Koba Koindredi,FRA,MF,19,2001,10,1,181,2.0,0,0,0,0,0,0,1,0,0.0,0.0,0.0,0.0,0.0
ESP-La Liga,2122,Valencia,Manu Vallejo,ESP,"FW,MF",24,1997,9,0,98,1.1,0,0,0,0,0,0,3,0,0.0,0.0,0.0,0.0,0.0
ESP-La Liga,2122,Valencia,Marcos André,BRA,"FW,MF",24,1996,29,8,973,10.8,1,3,4,1,0,0,3,0,0.09,0.28,0.37,0.09,0.37
ESP-La Liga,2122,Valencia,Mario Dominguez,ESP,MF,17,2004,2,0,25,0.3,0,0,0,0,0,0,0,0,0.0,0.0,0.0,0.0,0.0
ESP-La Liga,2122,Valencia,Maxi Gómez,URU,FW,24,1996,29,21,1956,21.7,5,1,6,5,0,0,7,1,0.23,0.05,0.28,0.23,0.28
ESP-La Liga,2122,Valencia,Mouctar Diakhaby,GUI,DF,24,1996,29,21,1948,21.6,0,1,1,0,0,0,11,0,0.0,0.05,0.05,0.0,0.05
ESP-La Liga,2122,Valencia,Omar Alderete,PAR,DF,24,1996,29,28,2403,26.7,2,0,2,2,0,0,15,0,0.07,0.0,0.07,0.07,0.07
ESP-La Liga,2122,Valencia,Ruben Lendinez,ESP,DF,18,2003,4,1,137,1.5,0,0,0,0,0,0,2,0,0.0,0.0,0.0,0.0,0.0
ESP-La Liga,2122,Valencia,Rubén Sobrino,ESP,"FW,MF",29,1992,1,0,14,0.2,0,0,0,0,0,0,0,0,0.0,0.0,0.0,0.0,0.0
ESP-La Liga,2122,Valencia,Thierry Correia,POR,"DF,MF",22,1999,19,18,1414,15.7,0,1,1,0,0,0,5,0,0.0,0.06,0.06,0.0,0.06
ESP-La Liga,2122,Valencia,Toni Lato,ESP,DF,23,1997,11,7,590,6.6,0,1,1,0,0,0,5,0,0.0,0.15,0.15,0.0,0.15
ESP-La Liga,2122,Valencia,Uroš Račić,SRB,MF,23,1998,28,13,1206,13.4,0,0,0,0,0,0,3,1,0.0,0.0,0.0,0.0,0.0
ESP-La Liga,2122,Valencia,Yellu Santiago,ESP,MF,17,2004,3,0,82,0.9,0,0,0,0,0,0,0,0,0.0,0.0,0.0,0.0,0.0
ESP-La Liga,2122,Valencia,Yunus Musah,USA,"MF,FW",18,2002,29,13,1259,14.0,1,0,1,1,0,0,5,0,0.07,0.0,0.07,0.07,0.07
ESP-La Liga,2122,Villarreal,Alberto Moreno,ESP,"MF,DF",29,1992,24,13,1223,13.6,3,2,5,3,0,0,3,0,0.22,0.15,0.37,0.22,0.37
ESP-La Liga,2122,Villarreal,Alfonso Pedraza,ESP,DF,25,1996,28,19,1701,18.9,4,4,8,4,0,0,2,0,0.21,0.21,0.42,0.21,0.42
ESP-La Liga,2122,Villarreal,Arnaut Danjuma,NED,FW,24,1997,23,17,1472,16.4,10,3,13,7,3,3,1,0,0.61,0.18,0.79,0.43,0.61
ESP-La Liga,2122,Villarreal,Aïssa Mandi,ALG,DF,29,1991,17,14,1375,15.3,1,0,1,1,0,0,3,0,0.07,0.0,0.07,0.07,0.07
ESP-La Liga,2122,Villarreal,Boulaye Dia,SEN,FW,24,1996,25,13,1269,14.1,5,5,10,5,0,0,3,0,0.35,0.35,0.71,0.35,0.71
ESP-La Liga,2122,Villarreal,Carlo,ESP,MF,20,2001,1,0,7,0.1,0,0,0,0,0,0,0,0,0.0,0.0,0.0,0.0,0.0
ESP-La Liga,2122,Villarreal,Dani Raba,ESP,"FW,MF",25,1995,7,0,89,1.0,0,0,0,0,0,0,1,0,0.0,0.0,0.0,0.0,0.0
ESP-La Liga,2122,Villarreal,Daniel Parejo,ESP,MF,32,1989,33,32,2704,30.0,2,10,12,1,1,1,3,0,0.07,0.33,0.4,0.03,0.37
ESP-La Liga,2122,Villarreal,Francis Coquelin,FRA,MF,30,1991,20,8,830,9.2,2,1,3,2,0,0,3,0,0.22,0.11,0.33,0.22,0.33
ESP-La Liga,2122,Villarreal,Gerard Moreno,ESP,FW,29,1992,17,14,1191,13.2,9,3,12,8,1,2,2,0,0.68,0.23,0.91,0.6,0.83
ESP-La Liga,2122,Villarreal,Gerónimo Rulli,ARG,GK,29,1992,32,32,2880,32.0,0,0,0,0,0,0,2,0,0.0,0.0,0.0,0.0,0.0
ESP-La Liga,2122,Villarreal,Giovani Lo Celso,ARG,"FW,MF",25,1996,16,11,994,11.0,1,1,2,1,0,0,3,0,0.09,0.09,0.18,0.09,0.18
ESP-La Liga,2122,Villarreal,Juan Foyth,ARG,DF,23,1998,25,22,1924,21.4,1,1,2,1,0,0,6,1,0.05,0.05,0.09,0.05,0.09
ESP-La Liga,2122,Villarreal,Manu Trigueros,ESP,"MF,FW",29,1991,35,27,2178,24.2,6,4,10,6,0,0,3,0,0.25,0.17,0.41,0.25,0.41
ESP-La Liga,2122,Villarreal,Mario Gaspar,ESP,DF,30,1990,12,7,623,6.9,0,0,0,0,0,0,1,0,0.0,0.0,0.0,0.0,0.0
ESP-La Liga,2122,Villarreal,Moi Gómez,ESP,"MF,FW",27,1994,29,13,1286,14.3,2,2,4,2,0,0,2,0,0.14,0.14,0.28,0.14,0.28
ESP-La Liga,2122,Villarreal,Nicolas Jackson,SEN,FW,20,2001,9,0,165,1.8,0,0,0,0,0,0,1,0,0.0,0.0,0.0,0.0,0.0
ESP-La Liga,2122,Villarreal,Nikita Iosifov,RUS,FW,20,2001,1,0,1,0.0,0,0,0,0,0,0,0,0,0.0,0.0,0.0,0.0,0.0
ESP-La Liga,2122,Villarreal,Paco Alcácer,ESP,FW,27,1993,18,10,787,8.7,1,3,4,1,0,0,1,0,0.11,0.34,0.46,0.11,0.46
ESP-La Liga,2122,Villarreal,Pau Torres,ESP,DF,24,1997,33,33,2855,31.7,5,1,6,5,0,0,5,0,0.16,0.03,0.19,0.16,0.19
ESP-La Liga,2122,Villarreal,Pervis Estupiñán,ECU,DF,23,1998,28,17,1575,17.5,0,1,1,0,0,0,3,0,0.0,0.06,0.06,0.0,0.06
ESP-La Liga,2122,Villarreal,Raúl Albiol,ESP,DF,35,1985,28,28,2465,27.4,0,0,0,0,0,0,8,0,0.0,0.0,0.0,0.0,0.0
ESP-La Liga,2122,Villarreal,Rubén Peña,ESP,MF,30,1991,7,1,132,1.5,0,0,0,0,0,0,1,0,0.0,0.0,0.0,0.0,0.0
ESP-La Liga,2122,Villarreal,Samuel Chukwueze,NGA,MF,22,1999,27,12,1333,14.8,3,3,6,3,0,0,4,0,0.2,0.2,0.41,0.2,0.41
ESP-La Liga,2122,Villarreal,Serge Aurier,CIV,DF,28,1992,19,10,1010,11.2,0,1,1,0,0,0,4,0,0.0,0.09,0.09,0.0,0.09
ESP-La Liga,2122,Villarreal,Sergio Asenjo,ESP,GK,32,1989,6,6,540,6.0,0,0,0,0,0,0,1,0,0.0,0.0,0.0,0.0,0.0
ESP-La Liga,2122,Villarreal,Vicente Iborra,ESP,MF,33,1988,20,12,1034,11.5,0,1,1,0,0,0,4,0,0.0,0.09,0.09,0.0,0.09
ESP-La Liga,2122,Villarreal,Yéremy Pino,ESP,"MF,FW",18,2002,31,21,1678,18.6,6,4,10,6,0,0,2,0,0.32,0.21,0.54,0.32,0.54
ESP-La Liga,2122,Villarreal,Étienne Capoue,FRA,MF,33,1988,30,26,2290,25.4,1,1,2,1,0,0,9,0,0.04,0.04,0.08,0.04,0.08
FRA-Ligue 1,2122,Angers,Abdoulaye Bamba,CIV,"MF,DF",31,1990,10,4,458,5.1,0,0,0,0,0,0,1,0,0.0,0.0,0.0,0.0,0.0
FRA-Ligue 1,2122,Angers,Angelo Fulgini,NCL,"MF,FW",24,1996,36,35,2929,32.5,5,4,9,5,0,0,6,0,0.15,0.12,0.28,0.15,0.28
FRA-Ligue 1,2122,Angers,Anthony Mandrea,ALG,GK,24,1996,10,10,900,10.0,0,0,0,0,0,0,0,0,0.0,0.0,0.0,0.0,0.0
FRA-Ligue 1,2122,Angers,Antonin Bobichon,FRA,"FW,MF",25,1995,4,0,38,0.4,0,0,0,0,0,0,0,0,0.0,0.0,0.0,0.0,0.0
FRA-Ligue 1,2122,Angers,Azzedine Ounahi,MAR,MF,21,2000,32,16,1633,18.1,2,1,3,2,0,0,2,0,0.11,0.06,0.17,0.11,0.17
FRA-Ligue 1,2122,Angers,Batista Mendy,FRA,"MF,DF",21,2000,34,27,2413,26.8,1,1,2,1,0,0,5,0,0.04,0.04,0.07,0.04,0.07
FRA-Ligue 1,2122,Angers,Bilal Brahimi,ALG,FW,21,2000,9,3,338,3.8,0,1,1,0,0,0,0,0,0.0,0.27,0.27,0.0,0.27
FRA-Ligue 1,2122,Angers,Casimir Ninga,CHA,FW,28,1993,16,3,409,4.5,0,0,0,0,0,0,2,0,0.0,0.0,0.0,0.0,0.0
FRA-Ligue 1,2122,Angers,Danijel Petković,MNE,GK,28,1993,15,15,1350,15.0,0,0,0,0,0,0,1,0,0.0,0.0,0.0,0.0,0.0
FRA-Ligue 1,2122,Angers,Enzo Ebosse,CMR,"DF,MF",22,1999,27,21,1890,21.0,0,0,0,0,0,0,1,0,0.0,0.0,0.0,0.0,0.0
FRA-Ligue 1,2122,Angers,Farid El Melali,ALG,MF,24,1997,2,0,14,0.2,0,0,0,0,0,0,0,0,0.0,0.0,0.0,0.0,0.0
FRA-Ligue 1,2122,Angers,Guédé Nadje,FRA,FW,17,2003,1,0,3,0.0,0,0,0,0,0,0,0,0,0.0,0.0,0.0,0.0,0.0
FRA-Ligue 1,2122,Angers,Ismaël Traoré,CIV,DF,34,1986,37,36,3215,35.7,4,1,5,4,0,0,1,0,0.11,0.03,0.14,0.11,0.14
FRA-Ligue 1,2122,Angers,Jason Mbock,FRA,FW,21,1999,1,0,17,0.2,0,0,0,0,0,0,1,0,0.0,0.0,0.0,0.0,0.0
FRA-Ligue 1,2122,Angers,Jimmy Cabot,FRA,MF,27,1994,24,24,2008,22.3,0,5,5,0,0,0,4,0,0.0,0.22,0.22,0.0,0.22
FRA-Ligue 1,2122,Angers,Marin Jakoliš,CRO,FW,24,1996,10,2,229,2.5,0,0,0,0,0,0,0,0,0.0,0.0,0.0,0.0,0.0
FRA-Ligue 1,2122,Angers,Mathias Pereira Lage,POR,"MF,DF",24,1996,24,11,1040,11.6,4,2,6,4,0,0,0,0,0.35,0.17,0.52,0.35,0.52
FRA-Ligue 1,2122,Angers,Mohamed Ali Cho,FRA,FW,17,2004,32,21,1837,20.4,4,1,5,4,0,0,6,2,0.2,0.05,0.24,0.2,0.24
FRA-Ligue 1,2122,Angers,Nabil Bentaleb,ALG,MF,26,1994,18,18,1515,16.8,1,0,1,1,0,0,4,0,0.06,0.0,0.06,0.06,0.06
FRA-Ligue 1,2122,Angers,Noah Fatar,FRA,FW,19,2002,3,0,5,0.1,0,0,0,0,0,0,0,0,0.0,0.0,0.0,0.0,0.0
FRA-Ligue 1,2122,Angers,Paul Bernardoni,FRA,GK,24,1997,13,13,1170,13.0,0,0,0,0,0,0,0,0,0.0,0.0,0.0,0.0,0.0
FRA-Ligue 1,2122,Angers,Pierrick Capelle,FRA,MF,34,1987,30,12,1193,13.3,0,1,1,0,0,0,1,0,0.0,0.08,0.08,0.0,0.08
FRA-Ligue 1,2122,Angers,Romain Thomas,FRA,DF,33,1988,30,29,2563,28.5,2,0,2,2,0,0,9,0,0.07,0.0,0.07,0.07,0.07
FRA-Ligue 1,2122,Angers,Sada Thioub,SEN,"FW,MF",26,1995,1,0,3,0.0,0,0,0,0,0,0,0,0,0.0,0.0,0.0,0.0,0.0
FRA-Ligue 1,2122,Angers,Sofiane Boufal,MAR,"FW,MF",27,1993,29,28,2330,25.9,8,4,12,5,3,3,6,0,0.31,0.15,0.46,0.19,0.35
FRA-Ligue 1,2122,Angers,Souleyman Doumbia,CIV,"MF,DF",24,1996,27,27,2219,24.7,0,1,1,0,0,0,10,1,0.0,0.04,0.04,0.0,0.04
FRA-Ligue 1,2122,Angers,Stéphane Bahoken,CMR,FW,29,1992,29,12,1099,12.2,3,1,4,3,0,0,0,0,0.25,0.08,0.33,0.25,0.33
FRA-Ligue 1,2122,Angers,Thomas Mangani,FRA,MF,34,1987,33,25,2193,24.4,7,2,9,1,6,6,6,0,0.29,0.08,0.37,0.04,0.12
FRA-Ligue 1,2122,Angers,Vincent Manceau,FRA,DF,32,1989,28,25,2361,26.2,0,0,0,0,0,0,2,1,0.0,0.0,0.0,0.0,0.0
FRA-Ligue 1,2122,Angers,Waniss Taibi,FRA,MF,19,2002,7,1,132,1.5,0,0,0,0,0,0,2,0,0.0,0.0,0.0,0.0,0.0
FRA-Ligue 1,2122,Bordeaux,Abdel Jalil Medioub,ALG,DF,23,1997,10,6,622,6.9,0,0,0,0,0,0,0,0,0.0,0.0,0.0,0.0,0.0
FRA-Ligue 1,2122,Bordeaux,Alberth Elis,HON,"FW,MF",25,1996,20,16,1409,15.7,9,1,10,9,0,1,2,0,0.57,0.06,0.64,0.57,0.64
FRA-Ligue 1,2122,Bordeaux,Amadou Traore,FRA,FW,19,2002,1,0,19,0.2,0,0,0,0,0,0,0,0,0.0,0.0,0.0,0.0,0.0
FRA-Ligue 1,2122,Bordeaux,Anel Ahmedhodžić,BIH,DF,22,1999,15,15,1350,15.0,0,1,1,0,0,0,6,0,0.0,0.07,0.07,0.0,0.07
FRA-Ligue 1,2122,Bordeaux,Benoît Costil,FRA,GK,34,1987,25,25,2250,25.0,0,0,0,0,0,0,1,0,0.0,0.0,0.0,0.0,0.0
FRA-Ligue 1,2122,Bordeaux,Danylo Ihnatenko,UKR,MF,24,1997,11,7,692,7.7,0,3,3,0,0,0,3,1,0.0,0.39,0.39,0.0,0.39
FRA-Ligue 1,2122,Bordeaux,Dilane Bakwa,FRA,"FW,MF",18,2002,5,0,43,0.5,0,0,0,0,0,0,0,0,0.0,0.0,0.0,0.0,0.0
FRA-Ligue 1,2122,Bordeaux,Enock Kwateng,FRA,"DF,MF",24,1997,29,22,2002,22.2,1,0,1,1,0,0,6,1,0.04,0.0,0.04,0.04,0.04
FRA-Ligue 1,2122,Bordeaux,Fransérgio,BRA,MF,30,1990,26,14,1258,14.0,0,1,1,0,0,0,7,0,0.0,0.07,0.07,0.0,0.07
FRA-Ligue 1,2122,Bordeaux,Gaëtan Poussin,FRA,GK,22,1999,13,13,1170,13.0,0,0,0,0,0,0,3,0,0.0,0.0,0.0,0.0,0.0
FRA-Ligue 1,2122,Bordeaux,Gideon Mensah,GHA,"DF,MF",23,1998,23,13,1208,13.4,0,2,2,0,0,0,1,1,0.0,0.15,0.15,0.0,0.15
FRA-Ligue 1,2122,Bordeaux,Hwang Ui-jo,KOR,FW,28,1992,32,29,2508,27.9,11,2,13,11,0,0,3,0,0.39,0.07,0.47,0.39,0.47
FRA-Ligue 1,2122,Bordeaux,Issouf Sissokho,MLI,MF,19,2002,7,6,436,4.8,0,0,0,0,0,0,3,1,0.0,0.0,0.0,0.0,0.0
FRA-Ligue 1,2122,Bordeaux,Javairô Dilrosun,NED,"MF,FW",23,1998,32,19,1732,19.2,2,6,8,2,0,0,3,0,0.1,0.31,0.42,0.1,0.42
FRA-Ligue 1,2122,Bordeaux,Jean Onana,CMR,MF,21,2000,23,23,1832,20.4,3,2,5,3,0,0,3,1,0.15,0.1,0.25,0.15,0.25
FRA-Ligue 1,2122,Bordeaux,Jimmy Briand,FRA,FW,35,1985,17,1,226,2.5,2,1,3,1,1,2,1,0,0.8,0.4,1.19,0.4,0.8
FRA-Ligue 1,2122,Bordeaux,Johaneko Louisjean,FRA,DF,17,2004,1,0,12,0.1,0,0,0,0,0,0,0,0,0.0,0.0,0.0,0.0,0.0
FRA-Ligue 1,2122,Bordeaux,Josh Maja,NGA,FW,22,1998,2,0,9,0.1,0,0,0,0,0,0,0,0,0.0,0.0,0.0,0.0,0.0
FRA-Ligue 1,2122,Bordeaux,Josuha Guilavogui,FRA,"MF,DF",30,1990,15,15,1331,14.8,1,1,2,1,0,0,4,0,0.07,0.07,0.14,0.07,0.14
FRA-Ligue 1,2122,Bordeaux,Junior Mwanga,FRA,DF,18,2003,1,1,90,1.0,0,0,0,0,0,0,0,0,0.0,0.0,0.0,0.0,0.0
FRA-Ligue 1,2122,Bordeaux,Laurent Koscielny,FRA,DF,35,1985,11,11,933,10.4,0,1,1,0,0,0,2,0,0.0,0.1,0.1,0.0,0.1
FRA-Ligue 1,2122,Bordeaux,Loris Benito,SUI,DF,29,1992,1,1,61,0.7,0,0,0,0,0,0,0,0,0.0,0.0,0.0,0.0,0.0
FRA-Ligue 1,2122,Bordeaux,M'Baye Niang,SEN,FW,26,1994,22,7,777,8.6,3,1,4,3,0,0,3,0,0.35,0.12,0.46,0.35,0.46
FRA-Ligue 1,2122,Bordeaux,Marcelo,BRA,DF,34,1987,11,11,898,10.0,0,0,0,0,0,0,4,0,0.0,0.0,0.0,0.0,0.0
FRA-Ligue 1,2122,Bordeaux,Mehdi Zerkane,ALG,MF,22,1999,6,0,83,0.9,0,0,0,0,0,0,0,0,0.0,0.0,0.0,0.0,0.0
FRA-Ligue 1,2122,Bordeaux,Mexer,MOZ,DF,32,1988,16,14,1227,13.6,1,0,1,1,0,0,2,0,0.07,0.0,0.07,0.07,0.07
FRA-Ligue 1,2122,Bordeaux,Otávio,BRA,MF,27,1994,16,13,1147,12.7,0,0,0,0,0,0,3,0,0.0,0.0,0.0,0.0,0.0
FRA-Ligue 1,2122,Bordeaux,Paul Baysse,FRA,DF,33,1988,2,0,11,0.1,0,0,0,0,0,0,0,0,0.0,0.0,0.0,0.0,0.0
FRA-Ligue 1,2122,Bordeaux,Remi Oudin,FRA,"MF,FW",24,1996,33,20,1737,19.3,4,5,9,4,0,0,6,0,0.21,0.26,0.47,0.21,0.47
FRA-Ligue 1,2122,Bordeaux,Ricardo Mangas,POR,"DF,MF",23,1998,29,27,2353,26.1,3,1,4,3,0,0,2,0,0.11,0.04,0.15,0.11,0.15
FRA-Ligue 1,2122,Bordeaux,Rubén Pardo,ESP,MF,28,1992,1,0,6,0.1,0,0,0,0,0,0,0,0,0.0,0.0,0.0,0.0,0.0
FRA-Ligue 1,2122,Bordeaux,Samuel Kalu,NGA,"MF,FW",23,1997,11,3,328,3.6,1,1,2,1,0,0,1,0,0.27,0.27,0.55,0.27,0.55
FRA-Ligue 1,2122,Bordeaux,Sekou Mara,FRA,FW,19,2002,26,8,905,10.1,6,0,6,5,1,1,2,0,0.6,0.0,0.6,0.5,0.5
FRA-Ligue 1,2122,Bordeaux,Stian Rode Gregersen,NOR,DF,26,1995,24,22,1953,21.7,1,1,2,1,0,0,7,0,0.05,0.05,0.09,0.05,0.09
FRA-Ligue 1,2122,Bordeaux,Thibault Klidje,TOG,FW,20,2001,5,0,86,1.0,0,0,0,0,0,0,0,0,0.0,0.0,0.0,0.0,0.0
FRA-Ligue 1,2122,Bordeaux,Timothee Pembele,FRA,"DF,MF",18,2002,26,17,1414,15.7,1,1,2,1,0,0,3,0,0.06,0.06,0.13,0.06,0.13
FRA-Ligue 1,2122,Bordeaux,Tom Lacoux,FRA,MF,19,2002,13,11,907,10.1,0,0,0,0,0,0,5,0,0.0,0.0,0.0,0.0,0.0
FRA-Ligue 1,2122,Bordeaux,Toma Bašić,CRO,MF,24,1996,3,3,209,2.3,0,1,1,0,0,0,0,0,0.0,0.43,0.43,0.0,0.43
FRA-Ligue 1,2122,Bordeaux,Yacine Adli,FRA,"MF,FW",21,2000,36,25,2260,25.1,1,7,8,1,0,0,5,0,0.04,0.28,0.32,0.04,0.32
FRA-Ligue 1,2122,Brest,Brendan Chardonnet,FRA,DF,26,1994,32,31,2686,29.8,3,0,3,3,0,0,6,1,0.1,0.0,0.1,0.1,0.1
FRA-Ligue 1,2122,Brest,Christophe Hérelle,MTQ,DF,28,1992,23,23,1932,21.5,0,0,0,0,0,0,6,0,0.0,0.0,0.0,0.0,0.0
FRA-Ligue 1,2122,Brest,Dénys Bain,FRA,DF,28,1993,2,2,180,2.0,0,0,0,0,0,0,0,0,0.0,0.0,0.0,0.0,0.0
FRA-Ligue 1,2122,Brest,Franck Honorat,FRA,"MF,FW",24,1996,34,34,2899,32.2,11,4,15,11,0,0,3,0,0.34,0.12,0.47,0.34,0.47
FRA-Ligue 1,2122,Brest,Haris Belkebla,ALG,MF,27,1994,31,26,2310,25.7,0,0,0,0,0,0,2,0,0.0,0.0,0.0,0.0,0.0
FRA-Ligue 1,2122,Brest,Hianga'a Mbock,FRA,MF,21,1999,14,9,799,8.9,0,0,0,0,0,0,3,0,0.0,0.0,0.0,0.0,0.0
FRA-Ligue 1,2122,Brest,Hugo Magnetti,FRA,MF,23,1998,28,16,1463,16.3,0,1,1,0,0,0,4,0,0.0,0.06,0.06,0.0,0.06
FRA-Ligue 1,2122,Brest,Irvin Cardona,MLT,"FW,MF",23,1997,32,13,1334,14.8,4,2,6,4,0,0,2,0,0.27,0.13,0.4,0.27,0.4
FRA-Ligue 1,2122,Brest,Jean-Kevin Duverne,HAI,DF,24,1997,37,33,3007,33.4,1,3,4,1,0,0,1,0,0.03,0.09,0.12,0.03,0.12
FRA-Ligue 1,2122,Brest,Jere Uronen,FIN,"DF,MF",27,1994,15,10,878,9.8,0,0,0,0,0,0,0,0,0.0,0.0,0.0,0.0,0.0
FRA-Ligue 1,2122,Brest,Julien Faussurier,FRA,"MF,DF",34,1987,16,4,489,5.4,0,1,1,0,0,0,1,0,0.0,0.18,0.18,0.0,0.18
FRA-Ligue 1,2122,Brest,Jérémy Le Douaron,FRA,"FW,MF",23,1998,32,16,1446,16.1,5,3,8,5,0,0,0,0,0.31,0.19,0.5,0.31,0.5
FRA-Ligue 1,2122,Brest,Lilian Brassier,FRA,DF,21,1999,31,23,2263,25.1,1,0,1,1,0,0,4,0,0.04,0.0,0.04,0.04,0.04
FRA-Ligue 1,2122,Brest,Lucien Agoume,FRA,MF,19,2002,27,21,1868,20.8,0,0,0,0,0,0,6,0,0.0,0.0,0.0,0.0,0.0
FRA-Ligue 1,2122,Brest,Marco Bizot,NED,GK,30,1991,38,38,3420,38.0,0,1,1,0,0,0,1,0,0.0,0.03,0.03,0.0,0.03
FRA-Ligue 1,2122,Brest,Martin Satriano,URU,FW,20,2001,15,11,932,10.4,4,0,4,4,0,0,5,0,0.39,0.0,0.39,0.39,0.39
FRA-Ligue 1,2122,Brest,Paul Lasne,FRA,MF,32,1989,15,9,847,9.4,0,1,1,0,0,0,1,0,0.0,0.11,0.11,0.0,0.11
FRA-Ligue 1,2122,Brest,Rafiki Said,COM,"FW,MF",21,2000,14,0,122,1.4,0,0,0,0,0,0,1,0,0.0,0.0,0.0,0.0,0.0
FRA-Ligue 1,2122,Brest,Romain Del Castillo,FRA,MF,25,1996,19,13,975,10.8,0,6,6,0,0,0,1,1,0.0,0.55,0.55,0.0,0.55
FRA-Ligue 1,2122,Brest,Romain Faivre,FRA,MF,23,1998,21,20,1795,19.9,7,5,12,2,5,5,1,0,0.35,0.25,0.6,0.1,0.35
FRA-Ligue 1,2122,Brest,Romain Philippoteaux,FRA,"FW,MF",33,1988,1,0,24,0.3,0,0,0,0,0,0,0,0,0.0,0.0,0.0,0.0,0.0
FRA-Ligue 1,2122,Brest,Ronaël Pierre-Gabriel,FRA,DF,23,1998,30,29,2548,28.3,0,1,1,0,0,0,6,0,0.0,0.04,0.04,0.0,0.04
FRA-Ligue 1,2122,Brest,Steve Mounié,BEN,FW,26,1994,35,25,2312,25.7,9,2,11,7,2,2,2,0,0.35,0.08,0.43,0.27,0.35
FRA-Ligue 1,2122,Brest,Youcef Belaïli,ALG,"MF,FW",29,1992,13,11,825,9.2,3,2,5,3,0,1,2,0,0.33,0.22,0.55,0.33,0.55
FRA-Ligue 1,2122,Brest,Youssouph Badji,SEN,FW,19,2001,9,1,135,1.5,0,0,0,0,0,0,0,0,0.0,0.0,0.0,0.0,0.0
FRA-Ligue 1,2122,Clermont Foot,Aboubakar Sidibé,FRA,FW,25,1996,1,0,6,0.1,0,0,0,0,0,0,0,0,0.0,0.0,0.0,0.0,0.0
FRA-Ligue 1,2122,Clermont Foot,Akim Zedadka,ALG,DF,26,1995,38,37,3337,37.1,0,3,3,0,0,0,5,0,0.0,0.08,0.08,0.0,0.08
FRA-Ligue 1,2122,Clermont Foot,Alidu Seidu,GHA,DF,21,2000,21,16,1410,15.7,0,0,0,0,0,0,7,2,0.0,0.0,0.0,0.0,0.0
FRA-Ligue 1,2122,Clermont Foot,Arial Mendy,SEN,"DF,MF",26,1994,18,9,792,8.8,0,0,0,0,0,0,1,0,0.0,0.0,0.0,0.0,0.0
FRA-Ligue 1,2122,Clermont Foot,Arthur Desmas,FRA,GK,27,1994,15,15,1304,14.5,0,0,0,0,0,0,0,0,0.0,0.0,0.0,0.0,0.0
FRA-Ligue 1,2122,Clermont Foot,Cédric Hountondji,BEN,DF,27,1994,23,23,2034,22.6,1,0,1,1,0,0,2,0,0.04,0.0,0.04,0.04,0.04
FRA-Ligue 1,2122,Clermont Foot,Elba Rashani,KVX,"MF,FW",28,1993,29,22,1759,19.5,8,3,11,8,0,0,3,0,0.41,0.15,0.56,0.41,0.56
FRA-Ligue 1,2122,Clermont Foot,Florent Ogier,FRA,DF,32,1989,30,29,2429,27.0,1,0,1,1,0,0,6,0,0.04,0.0,0.04,0.04,0.04
FRA-Ligue 1,2122,Clermont Foot,Grejohn Kyei,FRA,FW,25,1995,14,4,396,4.4,0,1,1,0,0,0,1,0,0.0,0.23,0.23,0.0,0.23
FRA-Ligue 1,2122,Clermont Foot,Jason Berthomier,FRA,MF,31,1990,29,22,1732,19.2,1,5,6,1,0,0,0,0,0.05,0.26,0.31,0.05,0.31
FRA-Ligue 1,2122,Clermont Foot,Jean-Claude Billong,CMR,DF,27,1993,15,10,980,10.9,0,0,0,0,0,0,2,0,0.0,0.0,0.0,0.0,0.0
FRA-Ligue 1,2122,Clermont Foot,Jim Allevinah,GAB,"MF,FW",26,1995,30,13,1488,16.5,1,2,3,1,0,0,1,0,0.06,0.12,0.18,0.06,0.18
FRA-Ligue 1,2122,Clermont Foot,Jodel Dossou,BEN,"MF,FW",29,1992,35,23,2008,22.3,3,1,4,3,0,0,4,0,0.13,0.04,0.18,0.13,0.18
FRA-Ligue 1,2122,Clermont Foot,Johan Gastien,FRA,MF,33,1988,32,32,2746,30.5,0,1,1,0,0,0,8,2,0.0,0.03,0.03,0.0,0.03
FRA-Ligue 1,2122,Clermont Foot,Jonathan Iglesias,URU,MF,32,1988,15,5,579,6.4,0,0,0,0,0,0,0,0,0.0,0.0,0.0,0.0,0.0
FRA-Ligue 1,2122,Clermont Foot,Jordan Tell,GLP,FW,24,1997,15,1,290,3.2,1,1,2,1,0,0,1,0,0.31,0.31,0.62,0.31,0.62
FRA-Ligue 1,2122,Clermont Foot,Josué Albert,GUF,DF,29,1992,2,0,22,0.2,0,0,0,0,0,0,0,0,0.0,0.0,0.0,0.0,0.0
FRA-Ligue 1,2122,Clermont Foot,Jérôme Phojo,FRA,DF,28,1993,1,0,6,0.1,0,0,0,0,0,0,0,0,0.0,0.0,0.0,0.0,0.0
FRA-Ligue 1,2122,Clermont Foot,Lucas Da Cunha,FRA,"FW,MF",20,2001,15,11,836,9.3,2,0,2,2,0,0,0,0,0.22,0.0,0.22,0.22,0.22
FRA-Ligue 1,2122,Clermont Foot,Mohamed Lamine Bayo,GUI,FW,23,1998,32,27,2413,26.8,14,5,19,12,2,3,1,0,0.52,0.19,0.71,0.45,0.63
FRA-Ligue 1,2122,Clermont Foot,Oriol Busquets,ESP,MF,22,1999,9,2,201,2.2,0,0,0,0,0,0,0,0,0.0,0.0,0.0,0.0,0.0
FRA-Ligue 1,2122,Clermont Foot,Ouparine Djoco,GNB,GK,23,1998,24,23,2116,23.5,0,0,0,0,0,0,1,0,0.0,0.0,0.0,0.0,0.0
FRA-Ligue 1,2122,Clermont Foot,Pierre-Yves Hamel,FRA,FW,27,1994,17,6,523,5.8,0,0,0,0,0,0,2,0,0.0,0.0,0.0,0.0,0.0
FRA-Ligue 1,2122,Clermont Foot,Salis Abdul Samed,GHA,MF,21,2000,31,29,2462,27.4,1,0,1,1,0,0,12,3,0.04,0.0,0.04,0.04,0.04
FRA-Ligue 1,2122,Clermont Foot,Saîf-Eddine Khaoui,TUN,"MF,FW",26,1995,23,9,927,10.3,1,0,1,1,0,0,1,0,0.1,0.0,0.1,0.1,0.1
FRA-Ligue 1,2122,Clermont Foot,Vital N'Simba,COD,DF,28,1993,34,31,2789,31.0,1,3,4,1,0,0,4,0,0.03,0.1,0.13,0.03,0.13
FRA-Ligue 1,2122,Clermont Foot,Yadaly Diaby,GUI,"FW,MF",20,2000,5,0,67,0.7,0,0,0,0,0,0,1,1,0.0,0.0,0.0,0.0,0.0
FRA-Ligue 1,2122,Clermont Foot,Yohann Magnin,FRA,"MF,DF",24,1997,24,19,1717,19.1,1,0,1,1,0,0,2,0,0.05,0.0,0.05,0.05,0.05
FRA-Ligue 1,2122,Lens,Arnaud Kalimuendo,FRA,FW,19,2002,32,27,2148,23.9,12,0,12,10,2,2,1,1,0.5,0.0,0.5,0.42,0.42
FRA-Ligue 1,2122,Lens,Brayann Pereira,FRA,DF,18,2003,2,0,15,0.2,0,0,0,0,0,0,0,0,0.0,0.0,0.0,0.0,0.0
FRA-Ligue 1,2122,Lens,Charles Boli,FRA,MF,22,1998,4,0,32,0.4,0,0,0,0,0,0,0,0,0.0,0.0,0.0,0.0,0.0
FRA-Ligue 1,2122,Lens,Cheick Doucouré,MLI,MF,21,2000,34,33,2946,32.7,1,4,5,1,0,0,7,1,0.03,0.12,0.15,0.03,0.15
FRA-Ligue 1,2122,Lens,Christopher Wooh,CMR,DF,19,2001,14,11,1050,11.7,0,1,1,0,0,0,2,0,0.0,0.09,0.09,0.0,0.09
FRA-Ligue 1,2122,Lens,Corentin Jean,FRA,FW,26,1995,17,1,255,2.8,1,0,1,1,0,0,2,0,0.35,0.0,0.35,0.35,0.35
FRA-Ligue 1,2122,Lens,David Costa,POR,"MF,FW",20,2001,33,16,1464,16.3,3,5,8,3,0,0,2,0,0.18,0.31,0.49,0.18,0.49
FRA-Ligue 1,2122,Lens,Deiver Machado,COL,MF,27,1993,22,5,523,5.8,0,1,1,0,0,0,1,0,0.0,0.17,0.17,0.0,0.17
FRA-Ligue 1,2122,Lens,Facundo Medina,ARG,DF,22,1999,31,30,2593,28.8,1,0,1,1,0,0,11,0,0.03,0.0,0.03,0.03,0.03
FRA-Ligue 1,2122,Lens,Florian Sotoca,FRA,"FW,MF",30,1990,35,28,2480,27.6,6,4,10,4,2,2,7,0,0.22,0.15,0.36,0.15,0.29
FRA-Ligue 1,2122,Lens,Gaël Kakuta,COD,"MF,FW",30,1991,29,20,1673,18.6,3,2,5,2,1,1,1,0,0.16,0.11,0.27,0.11,0.22
FRA-Ligue 1,2122,Lens,Ibrahima Baldé,FRA,FW,18,2003,4,0,58,0.6,0,0,0,0,0,0,0,0,0.0,0.0,0.0,0.0,0.0
FRA-Ligue 1,2122,Lens,Ignatius Ganago,CMR,FW,22,1999,28,11,1024,11.4,5,1,6,5,0,0,2,0,0.44,0.09,0.53,0.44,0.53
FRA-Ligue 1,2122,Lens,Ismaël Boura,COM,DF,20,2000,5,1,95,1.1,0,0,0,0,0,0,0,0,0.0,0.0,0.0,0.0,0.0
FRA-Ligue 1,2122,Lens,Jean-Louis Leca,FRA,GK,35,1985,27,27,2313,25.7,0,0,0,0,0,0,3,1,0.0,0.0,0.0,0.0,0.0
FRA-Ligue 1,2122,Lens,Jonathan Clauss,FRA,MF,28,1992,37,35,3046,33.8,5,11,16,5,0,0,3,0,0.15,0.33,0.47,0.15,0.47
FRA-Ligue 1,2122,Lens,Jonathan Gradit,FRA,DF,28,1992,35,35,3067,34.1,0,0,0,0,0,0,7,0,0.0,0.0,0.0,0.0,0.0
FRA-Ligue 1,2122,Lens,Jonathan Varane,MTQ,MF,19,2001,1,0,1,0.0,0,0,0,0,0,0,0,0,0.0,0.0,0.0,0.0,0.0
FRA-Ligue 1,2122,Lens,Kevin Danso,AUT,DF,22,1998,33,32,2790,31.0,2,2,4,2,0,0,9,2,0.06,0.06,0.13,0.06,0.13
FRA-Ligue 1,2122,Lens,Massadio Haïdara,MLI,"MF,DF",28,1992,20,12,1076,12.0,1,1,2,1,0,0,5,1,0.08,0.08,0.17,0.08,0.17
FRA-Ligue 1,2122,Lens,Patrick Berg,NOR,MF,23,1997,14,2,307,3.4,0,0,0,0,0,0,0,0,0.0,0.0,0.0,0.0,0.0
FRA-Ligue 1,2122,Lens,Przemysław Frankowski,POL,MF,26,1995,37,28,2448,27.2,6,5,11,6,0,0,5,0,0.22,0.18,0.4,0.22,0.4
FRA-Ligue 1,2122,Lens,Seko Fofana,CIV,MF,26,1995,38,38,3357,37.3,8,1,9,8,0,0,2,0,0.21,0.03,0.24,0.21,0.24
FRA-Ligue 1,2122,Lens,Simon Banza,COD,FW,24,1996,4,1,124,1.4,1,1,2,1,0,0,0,0,0.73,0.73,1.45,0.73,1.45
FRA-Ligue 1,2122,Lens,Steven Fortes,CPV,DF,29,1992,1,1,90,1.0,0,0,0,0,0,0,0,0,0.0,0.0,0.0,0.0,0.0
FRA-Ligue 1,2122,Lens,Wesley Saïd,FRA,"FW,MF",26,1995,21,7,654,7.3,5,0,5,5,0,0,2,0,0.69,0.0,0.69,0.69,0.69
FRA-Ligue 1,2122,Lens,Wuilker Faríñez,VEN,GK,23,1998,13,11,1105,12.3,0,0,0,0,0,0,0,0,0.0,0.0,0.0,0.0,0.0
FRA-Ligue 1,2122,Lens,Yannick Cahuzac,FRA,MF,36,1985,17,6,618,6.9,0,0,0,0,0,0,1,1,0.0,0.0,0.0,0.0,0.0
FRA-Ligue 1,2122,Lille,Amadou Onana,BEL,MF,19,2001,32,11,1359,15.1,1,0,1,1,0,0,2,1,0.07,0.0,0.07,0.07,0.07
FRA-Ligue 1,2122,Lille,Angel Gomes,ENG,MF,20,2000,24,12,954,10.6,1,1,2,1,0,0,3,0,0.09,0.09,0.19,0.09,0.19
FRA-Ligue 1,2122,Lille,Benjamin André,FRA,MF,30,1990,33,33,2752,30.6,2,1,3,2,0,0,12,1,0.07,0.03,0.1,0.07,0.1
FRA-Ligue 1,2122,Lille,Burak Yılmaz,TUR,FW,36,1985,31,25,2211,24.6,4,3,7,2,2,2,9,1,0.16,0.12,0.28,0.08,0.2
FRA-Ligue 1,2122,Lille,Cheikh Niasse,SEN,MF,21,2000,4,0,44,0.5,0,0,0,0,0,0,1,0,0.0,0.0,0.0,0.0,0.0
FRA-Ligue 1,2122,Lille,Domagoj Bradarić,CRO,DF,21,1999,15,2,417,4.6,0,0,0,0,0,0,2,0,0.0,0.0,0.0,0.0,0.0
FRA-Ligue 1,2122,Lille,Edon Zhegrova,KVX,MF,22,1999,13,5,481,5.3,2,1,3,2,0,0,2,1,0.37,0.19,0.56,0.37,0.56
FRA-Ligue 1,2122,Lille,Gabriel Gudmundsson,SWE,"DF,MF",22,1999,30,15,1344,14.9,1,0,1,1,0,0,3,0,0.07,0.0,0.07,0.07,0.07
FRA-Ligue 1,2122,Lille,Hatem Ben Arfa,FRA,"MF,FW",34,1987,7,4,314,3.5,0,1,1,0,0,0,1,0,0.0,0.29,0.29,0.0,0.29
FRA-Ligue 1,2122,Lille,Isaac Lihadji,FRA,MF,19,2002,13,2,238,2.6,1,3,4,1,0,0,1,0,0.38,1.13,1.51,0.38,1.51
FRA-Ligue 1,2122,Lille,Ivo Grbić,CRO,GK,25,1996,21,21,1890,21.0,0,0,0,0,0,0,3,0,0.0,0.0,0.0,0.0,0.0
FRA-Ligue 1,2122,Lille,Jonathan Bamba,CIV,MF,25,1996,31,28,2428,27.0,1,2,3,1,0,0,3,0,0.04,0.07,0.11,0.04,0.11
FRA-Ligue 1,2122,Lille,Jonathan David,CAN,FW,21,2000,38,32,2804,31.2,15,0,15,13,2,3,3,0,0.48,0.0,0.48,0.42,0.42
FRA-Ligue 1,2122,Lille,Jonathan Ikone,FRA,"MF,FW",23,1998,18,13,1062,11.8,1,0,1,1,0,0,1,0,0.08,0.0,0.08,0.08,0.08
FRA-Ligue 1,2122,Lille,José Fonte,POR,DF,37,1983,38,38,3420,38.0,0,2,2,0,0,0,4,0,0.0,0.05,0.05,0.0,0.05
FRA-Ligue 1,2122,Lille,Jérémy Pied,FRA,"DF,FW",32,1989,2,0,13,0.1,0,0,0,0,0,0,0,0,0.0,0.0,0.0,0.0,0.0
FRA-Ligue 1,2122,Lille,Leny Yoro,FRA,DF,15,2005,1,0,13,0.1,0,0,0,0,0,0,0,0,0.0,0.0,0.0,0.0,0.0
FRA-Ligue 1,2122,Lille,Léo Jardim,BRA,GK,26,1995,17,17,1530,17.0,0,0,0,0,0,0,0,0,0.0,0.0,0.0,0.0,0.0
FRA-Ligue 1,2122,Lille,Reinildo Mandava,MOZ,DF,27,1994,18,18,1524,16.9,1,0,1,1,0,0,7,0,0.06,0.0,0.06,0.06,0.06
FRA-Ligue 1,2122,Lille,Renato Sanches,POR,"MF,FW",23,1997,25,20,1651,18.3,2,5,7,2,0,0,8,1,0.11,0.27,0.38,0.11,0.38
FRA-Ligue 1,2122,Lille,Sven Botman,NED,DF,21,2000,25,25,2250,25.0,3,1,4,3,0,0,4,0,0.12,0.04,0.16,0.12,0.16
FRA-Ligue 1,2122,Lille,Tiago Djaló,POR,DF,21,2000,28,26,2329,25.9,1,1,2,1,0,0,4,0,0.04,0.04,0.08,0.04,0.08
FRA-Ligue 1,2122,Lille,Timothy Weah,USA,"MF,FW",21,2000,29,17,1616,18.0,3,4,7,3,0,0,2,1,0.17,0.22,0.39,0.17,0.39
FRA-Ligue 1,2122,Lille,Xeka,POR,MF,26,1994,23,19,1619,18.0,3,0,3,3,0,0,10,0,0.17,0.0,0.17,0.17,0.17
FRA-Ligue 1,2122,Lille,Yusuf Yazıcı,TUR,"MF,FW",24,1997,15,5,509,5.7,1,1,2,1,0,0,3,0,0.18,0.18,0.35,0.18,0.35
FRA-Ligue 1,2122,Lille,Zeki Çelik,TUR,DF,24,1997,32,30,2696,30.0,2,3,5,2,0,0,10,0,0.07,0.1,0.17,0.07,0.17
FRA-Ligue 1,2122,Lorient,Adrian Grbić,AUT,FW,24,1996,16,4,518,5.8,1,0,1,1,0,0,0,0,0.17,0.0,0.17,0.17,0.17
FRA-Ligue 1,2122,Lorient,Armand Lauriente,FRA,"FW,MF",22,1998,35,28,2477,27.5,6,2,8,5,1,1,5,0,0.22,0.07,0.29,0.18,0.25
FRA-Ligue 1,2122,Lorient,Baptiste Mouazan,FRA,MF,19,2001,3,1,96,1.1,0,0,0,0,0,0,0,0,0.0,0.0,0.0,0.0,0.0
FRA-Ligue 1,2122,Lorient,Bonke Innocent,NGA,MF,25,1996,12,11,874,9.7,0,0,0,0,0,0,4,0,0.0,0.0,0.0,0.0,0.0
FRA-Ligue 1,2122,Lorient,Dango Ouattara,BFA,"MF,FW",19,2002,25,7,812,9.0,1,2,3,1,0,0,4,0,0.11,0.22,0.33,0.11,0.33
FRA-Ligue 1,2122,Lorient,Enzo Le Fée,FRA,"MF,FW",21,2000,36,25,2194,24.4,2,3,5,2,0,0,2,0,0.08,0.12,0.21,0.08,0.21
FRA-Ligue 1,2122,Lorient,Fabien Lemoine,FRA,MF,34,1987,21,13,1117,12.4,0,1,1,0,0,0,5,0,0.0,0.08,0.08,0.0,0.08
FRA-Ligue 1,2122,Lorient,Houboulang Mendes,GNB,DF,23,1998,36,36,3220,35.8,0,1,1,0,0,0,5,1,0.0,0.03,0.03,0.0,0.03
FRA-Ligue 1,2122,Lorient,Ibrahima Koné,MLI,FW,22,1999,16,6,732,8.1,5,1,6,5,0,0,2,0,0.61,0.12,0.74,0.61,0.74
FRA-Ligue 1,2122,Lorient,Igor Carioca,BRA,"DF,MF",24,1996,28,17,1578,17.5,0,0,0,0,0,0,3,0,0.0,0.0,0.0,0.0,0.0
FRA-Ligue 1,2122,Lorient,Julien Laporte,FRA,DF,27,1993,33,33,2891,32.1,2,0,2,2,0,0,7,0,0.06,0.0,0.06,0.06,0.06
FRA-Ligue 1,2122,Lorient,Jérémy Morel,MAD,DF,37,1984,9,6,604,6.7,0,0,0,0,0,0,0,0,0.0,0.0,0.0,0.0,0.0
FRA-Ligue 1,2122,Lorient,Jérôme Hergault,FRA,"DF,MF",35,1986,8,5,352,3.9,0,0,0,0,0,0,2,2,0.0,0.0,0.0,0.0,0.0
FRA-Ligue 1,2122,Lorient,Laurent Abergel,FRA,MF,28,1993,34,34,2956,32.8,0,2,2,0,0,0,9,0,0.0,0.06,0.06,0.0,0.06
FRA-Ligue 1,2122,Lorient,Léo Pétrot,FRA,DF,24,1997,22,21,1815,20.2,1,0,1,1,0,0,0,0,0.05,0.0,0.05,0.05,0.05
FRA-Ligue 1,2122,Lorient,Matthieu Dreyer,FRA,GK,32,1989,16,16,1440,16.0,0,0,0,0,0,0,0,0,0.0,0.0,0.0,0.0,0.0
FRA-Ligue 1,2122,Lorient,Moritz Jenz,GER,DF,22,1999,17,16,1381,15.3,1,0,1,1,0,0,5,1,0.07,0.0,0.07,0.07,0.07
FRA-Ligue 1,2122,Lorient,Paul Nardi,FRA,GK,27,1994,22,22,1980,22.0,0,0,0,0,0,0,1,0,0.0,0.0,0.0,0.0,0.0
FRA-Ligue 1,2122,Lorient,Pierre-Yves Hamel,FRA,FW,27,1994,3,0,30,0.3,0,0,0,0,0,0,1,0,0.0,0.0,0.0,0.0,0.0
FRA-Ligue 1,2122,Lorient,Quentin Boisgard,FRA,"MF,FW",24,1997,25,9,958,10.6,1,1,2,1,0,0,3,0,0.09,0.09,0.19,0.09,0.19
FRA-Ligue 1,2122,Lorient,Redwan Bourles,FRA,MF,18,2003,4,0,16,0.2,0,0,0,0,0,0,0,0,0.0,0.0,0.0,0.0,0.0
FRA-Ligue 1,2122,Lorient,Sambou Soumano,SEN,FW,20,2001,21,4,447,5.0,3,0,3,3,0,0,1,0,0.6,0.0,0.6,0.6,0.6
FRA-Ligue 1,2122,Lorient,Samuel Loric,FRA,MF,21,2000,3,3,269,3.0,0,0,0,0,0,0,0,0,0.0,0.0,0.0,0.0,0.0
FRA-Ligue 1,2122,Lorient,Stéphane Diarra,FRA,"FW,MF",22,1998,15,5,525,5.8,0,0,0,0,0,0,2,0,0.0,0.0,0.0,0.0,0.0
FRA-Ligue 1,2122,Lorient,Terem Moffi,NGA,FW,22,1999,37,34,2711,30.1,8,4,12,6,2,2,1,0,0.27,0.13,0.4,0.2,0.33
FRA-Ligue 1,2122,Lorient,Thomas Fontaine,MAD,DF,30,1991,2,2,167,1.9,0,0,0,0,0,0,1,0,0.0,0.0,0.0,0.0,0.0
FRA-Ligue 1,2122,Lorient,Thomas Monconduit,FRA,MF,30,1991,34,26,2248,25.0,3,2,5,3,0,0,5,0,0.12,0.08,0.2,0.12,0.2
FRA-Ligue 1,2122,Lorient,Théo Le Bris,FRA,MF,18,2002,4,0,61,0.7,0,0,0,0,0,0,0,0,0.0,0.0,0.0,0.0,0.0
FRA-Ligue 1,2122,Lorient,Vincent Le Goff,FRA,"DF,MF",31,1989,34,34,3060,34.0,1,1,2,1,0,0,1,0,0.03,0.03,0.06,0.03,0.06
FRA-Ligue 1,2122,Lyon,Anthony Lopes,POR,GK,30,1990,34,34,2982,33.1,0,0,0,0,0,0,1,1,0.0,0.0,0.0,0.0,0.0
FRA-Ligue 1,2122,Lyon,Bradley Barcola,FRA,MF,18,2002,11,2,263,2.9,0,1,1,0,0,0,0,0,0.0,0.34,0.34,0.0,0.34
FRA-Ligue 1,2122,Lyon,Bruno Guimarães,BRA,MF,23,1997,20,19,1634,18.2,0,3,3,0,0,0,2,0,0.0,0.17,0.17,0.0,0.17
FRA-Ligue 1,2122,Lyon,Castello Lukeba,FRA,DF,18,2002,24,24,2095,23.3,2,0,2,2,0,0,1,0,0.09,0.0,0.09,0.09,0.09
FRA-Ligue 1,2122,Lyon,Damien Da Silva,FRA,DF,33,1988,17,13,1126,12.5,0,0,0,0,0,0,5,1,0.0,0.0,0.0,0.0,0.0
FRA-Ligue 1,2122,Lyon,Emerson Palmieri,ITA,"DF,MF",26,1994,29,26,2264,25.2,1,2,3,1,0,0,3,1,0.04,0.08,0.12,0.04,0.12
FRA-Ligue 1,2122,Lyon,Habib Keita,MLI,MF,19,2002,3,0,7,0.1,0,0,0,0,0,0,0,0,0.0,0.0,0.0,0.0,0.0
FRA-Ligue 1,2122,Lyon,Henrique,BRA,"DF,MF",27,1994,18,12,1105,12.3,0,1,1,0,0,0,3,0,0.0,0.08,0.08,0.0,0.08
FRA-Ligue 1,2122,Lyon,Houssem Aouar,ALG,MF,23,1998,36,29,2504,27.8,6,4,10,6,0,0,1,0,0.22,0.14,0.36,0.22,0.36
FRA-Ligue 1,2122,Lyon,Islam Slimani,ALG,FW,33,1988,12,6,573,6.4,1,1,2,1,0,0,3,0,0.16,0.16,0.31,0.16,0.31
FRA-Ligue 1,2122,Lyon,Jason Denayer,BEL,DF,26,1995,15,12,1002,11.1,3,0,3,3,0,0,2,0,0.27,0.0,0.27,0.27,0.27
FRA-Ligue 1,2122,Lyon,Jeff Reine-Adélaïde,FRA,MF,23,1998,10,1,198,2.2,0,1,1,0,0,0,0,0,0.0,0.45,0.45,0.0,0.45
FRA-Ligue 1,2122,Lyon,Julian Pollersbeck,GER,GK,26,1994,6,4,436,4.8,0,0,0,0,0,0,0,0,0.0,0.0,0.0,0.0,0.0
FRA-Ligue 1,2122,Lyon,Jérôme Boateng,GER,DF,32,1988,24,19,1622,18.0,0,1,1,0,0,0,6,0,0.0,0.06,0.06,0.0,0.06
FRA-Ligue 1,2122,Lyon,Karl Toko Ekambi,CMR,"MF,FW",28,1992,30,26,2296,25.5,12,5,17,10,2,2,3,0,0.47,0.2,0.67,0.39,0.59
FRA-Ligue 1,2122,Lyon,Leo Dubois,FRA,"DF,MF",26,1994,23,20,1742,19.4,0,0,0,0,0,0,5,0,0.0,0.0,0.0,0.0,0.0
FRA-Ligue 1,2122,Lyon,Lucas Paquetá,BRA,"MF,FW",23,1997,35,32,2699,30.0,9,6,15,8,1,1,3,0,0.3,0.2,0.5,0.27,0.47
FRA-Ligue 1,2122,Lyon,Malo Gusto,FRA,"DF,MF",18,2003,30,21,1884,20.9,0,4,4,0,0,0,3,0,0.0,0.19,0.19,0.0,0.19
FRA-Ligue 1,2122,Lyon,Marcelo,BRA,DF,34,1987,2,2,180,2.0,0,0,0,0,0,0,1,0,0.0,0.0,0.0,0.0,0.0
FRA-Ligue 1,2122,Lyon,Maxence Caqueret,FRA,MF,21,2000,31,26,2335,25.9,0,0,0,0,0,0,5,0,0.0,0.0,0.0,0.0,0.0
FRA-Ligue 1,2122,Lyon,Maxwel Cornet,CIV,DF,24,1996,1,1,63,0.7,0,0,0,0,0,0,2,1,0.0,0.0,0.0,0.0,0.0
FRA-Ligue 1,2122,Lyon,Moussa Dembélé,FRA,FW,25,1996,30,25,2207,24.5,21,4,25,16,5,5,6,0,0.86,0.16,1.02,0.65,0.82
FRA-Ligue 1,2122,Lyon,Rayan Cherki,FRA,FW,17,2003,16,3,440,4.9,0,1,1,0,0,0,1,0,0.0,0.2,0.2,0.0,0.2
FRA-Ligue 1,2122,Lyon,Romain Faivre,FRA,MF,23,1998,14,9,889,9.9,3,0,3,3,0,0,0,0,0.3,0.0,0.3,0.3,0.3
FRA-Ligue 1,2122,Lyon,Sinaly Diomande,CIV,DF,20,2001,11,5,579,6.4,0,0,0,0,0,0,2,0,0.0,0.0,0.0,0.0,0.0
FRA-Ligue 1,2122,Lyon,Tanguy Ndombele,FRA,MF,24,1996,11,7,701,7.8,0,2,2,0,0,0,3,0,0.0,0.26,0.26,0.0,0.26
FRA-Ligue 1,2122,Lyon,Tetê,BRA,"FW,MF",21,2000,9,7,583,6.5,2,5,7,2,0,0,1,0,0.31,0.77,1.08,0.31,1.08
FRA-Ligue 1,2122,Lyon,Thiago Mendes,BRA,"MF,DF",29,1992,29,21,1863,20.7,1,1,2,1,0,0,3,1,0.05,0.05,0.1,0.05,0.1
FRA-Ligue 1,2122,Lyon,Tino Kadewere,ZIM,"MF,FW",25,1996,15,3,506,5.6,1,0,1,1,0,0,0,1,0.18,0.0,0.18,0.18,0.18
FRA-Ligue 1,2122,Lyon,Xherdan Shaqiri,SUI,MF,29,1991,11,9,679,7.5,2,3,5,2,0,0,0,0,0.27,0.4,0.66,0.27,0.66
FRA-Ligue 1,2122,Marseille,Amine Harit,MAR,"MF,FW",24,1997,23,12,1165,12.9,4,4,8,4,0,0,1,0,0.31,0.31,0.62,0.31,0.62
FRA-Ligue 1,2122,Marseille,Arkadiusz Milik,POL,"FW,MF",27,1994,23,15,1416,15.7,7,2,9,6,1,1,1,0,0.44,0.13,0.57,0.38,0.51
FRA-Ligue 1,2122,Marseille,Bamba Dieng,SEN,"FW,MF",21,2000,25,11,975,10.8,7,1,8,6,1,1,0,1,0.65,0.09,0.74,0.55,0.65
FRA-Ligue 1,2122,Marseille,Boubacar Kamara,FRA,"MF,DF",21,1999,34,31,2778,30.9,1,0,1,1,0,0,5,0,0.03,0.0,0.03,0.03,0.03
FRA-Ligue 1,2122,Marseille,Cengiz Ünder,TUR,"FW,MF",24,1997,32,25,2200,24.4,10,2,12,9,1,1,2,1,0.41,0.08,0.49,0.37,0.45
FRA-Ligue 1,2122,Marseille,Cédric Bakambu,COD,"FW,MF",30,1991,12,5,356,4.0,4,0,4,4,0,0,1,0,1.01,0.0,1.01,1.01,1.01
FRA-Ligue 1,2122,Marseille,Darío Benedetto,ARG,"FW,MF",31,1990,2,0,54,0.6,0,0,0,0,0,0,0,0,0.0,0.0,0.0,0.0,0.0
FRA-Ligue 1,2122,Marseille,Dimitri Payet,FRA,"FW,MF",34,1987,31,28,2592,28.8,12,10,22,5,7,7,3,0,0.42,0.35,0.76,0.17,0.52
FRA-Ligue 1,2122,Marseille,Duje Ćaleta-Car,CRO,DF,24,1996,26,24,2057,22.9,2,0,2,2,0,0,6,0,0.09,0.0,0.09,0.09,0.09
FRA-Ligue 1,2122,Marseille,Gerson,BRA,"MF,FW",24,1997,35,29,2544,28.3,9,4,13,9,0,0,3,0,0.32,0.14,0.46,0.32,0.46
FRA-Ligue 1,2122,Marseille,Jordan Amavi,FRA,"MF,DF",27,1994,2,2,128,1.4,0,0,0,0,0,0,0,0,0.0,0.0,0.0,0.0,0.0
FRA-Ligue 1,2122,Marseille,Konrad De La Fuente,USA,"FW,MF",20,2001,16,9,785,8.7,0,2,2,0,0,0,1,0,0.0,0.23,0.23,0.0,0.23
FRA-Ligue 1,2122,Marseille,Leonardo Balerdi,ARG,"DF,MF",22,1999,17,10,950,10.6,0,0,0,0,0,0,4,1,0.0,0.0,0.0,0.0,0.0
FRA-Ligue 1,2122,Marseille,Luan Peres Petroni,BRA,DF,27,1994,34,29,2679,29.8,0,2,2,0,0,0,6,0,0.0,0.07,0.07,0.0,0.07
FRA-Ligue 1,2122,Marseille,Luis Henrique,BRA,"MF,FW",19,2001,20,7,699,7.8,0,1,1,0,0,0,0,0,0.0,0.13,0.13,0.0,0.13
FRA-Ligue 1,2122,Marseille,Mattéo Guendouzi,FRA,MF,22,1999,38,35,3152,35.0,4,6,10,4,0,0,6,0,0.11,0.17,0.29,0.11,0.29
FRA-Ligue 1,2122,Marseille,Nemanja Radonjić,SRB,"FW,MF",25,1996,1,0,18,0.2,0,0,0,0,0,0,0,0,0.0,0.0,0.0,0.0,0.0
FRA-Ligue 1,2122,Marseille,Oussama Targhalline,MAR,MF,19,2002,2,0,5,0.1,0,0,0,0,0,0,1,0,0.0,0.0,0.0,0.0,0.0
FRA-Ligue 1,2122,Marseille,Pape Gueye,SEN,"MF,DF",22,1999,28,17,1528,17.0,0,1,1,0,0,0,7,0,0.0,0.06,0.06,0.0,0.06
FRA-Ligue 1,2122,Marseille,Pau López,ESP,GK,26,1994,29,29,2610,29.0,0,1,1,0,0,0,4,0,0.0,0.03,0.03,0.0,0.03
FRA-Ligue 1,2122,Marseille,Pol Lirola,ESP,"DF,MF",23,1997,34,19,1770,19.7,1,2,3,1,0,0,1,0,0.05,0.1,0.15,0.05,0.15
FRA-Ligue 1,2122,Marseille,Salim Ben Seghir,FRA,FW,18,2003,1,0,1,0.0,0,0,0,0,0,0,0,0,0.0,0.0,0.0,0.0,0.0
FRA-Ligue 1,2122,Marseille,Sead Kolašinac,BIH,DF,28,1993,14,6,440,4.9,0,1,1,0,0,0,0,0,0.0,0.2,0.2,0.0,0.2
FRA-Ligue 1,2122,Marseille,Steve Mandanda,FRA,GK,36,1985,9,9,810,9.0,0,0,0,0,0,0,0,0,0.0,0.0,0.0,0.0,0.0
FRA-Ligue 1,2122,Marseille,Valentin Rongier,FRA,"DF,MF",26,1994,32,25,2194,24.4,0,1,1,0,0,0,3,0,0.0,0.04,0.04,0.0,0.04
FRA-Ligue 1,2122,Marseille,William Saliba,FRA,"DF,MF",20,2001,36,36,3240,36.0,0,0,0,0,0,0,5,0,0.0,0.0,0.0,0.0,0.0
FRA-Ligue 1,2122,Marseille,Álvaro González,ESP,"DF,MF",31,1990,6,5,451,5.0,0,0,0,0,0,0,1,0,0.0,0.0,0.0,0.0,0.0
FRA-Ligue 1,2122,Metz,Alexandre Oukidja,ALG,GK,33,1988,21,21,1875,20.8,0,0,0,0,0,0,2,1,0.0,0.0,0.0,0.0,0.0
FRA-Ligue 1,2122,Metz,Amadou Mbengue,SEN,DF,19,2002,12,5,610,6.8,0,0,0,0,0,0,4,0,0.0,0.0,0.0,0.0,0.0
FRA-Ligue 1,2122,Metz,Amine Bassi,FRA,"MF,FW",23,1997,5,2,184,2.0,0,0,0,0,0,0,0,0,0.0,0.0,0.0,0.0,0.0
FRA-Ligue 1,2122,Metz,Boubacar Traoré,MLI,MF,19,2001,27,17,1726,19.2,1,1,2,1,0,0,9,1,0.05,0.05,0.1,0.05,0.1
FRA-Ligue 1,2122,Metz,Boubakar Kouyaté,MLI,DF,24,1997,30,30,2665,29.6,1,0,1,1,0,0,8,1,0.03,0.0,0.03,0.03,0.03
FRA-Ligue 1,2122,Metz,Cheikh Tidiane Sabaly,SEN,FW,22,1999,6,2,150,1.7,0,0,0,0,0,0,0,0,0.0,0.0,0.0,0.0,0.0
FRA-Ligue 1,2122,Metz,Didier Lamkel Zé,CMR,FW,24,1996,9,8,605,6.7,3,0,3,3,0,0,2,0,0.45,0.0,0.45,0.45,0.45
FRA-Ligue 1,2122,Metz,Dylan Bronn,TUN,DF,26,1995,30,28,2545,28.3,1,2,3,1,0,0,10,1,0.04,0.07,0.11,0.04,0.11
FRA-Ligue 1,2122,Metz,Fabien Centonze,FRA,"MF,DF",25,1996,19,18,1586,17.6,4,1,5,4,0,0,3,0,0.23,0.06,0.28,0.23,0.28
FRA-Ligue 1,2122,Metz,Fali Candé,GNB,"DF,MF",23,1998,11,11,973,10.8,0,2,2,0,0,0,2,0,0.0,0.18,0.18,0.0,0.18
FRA-Ligue 1,2122,Metz,Farid Boulaya,ALG,"MF,FW",28,1993,24,18,1526,17.0,4,2,6,4,0,0,1,1,0.24,0.12,0.35,0.24,0.35
FRA-Ligue 1,2122,Metz,Georges Mikautadze,GEO,FW,20,2000,1,0,1,0.0,0,0,0,0,0,0,0,0,0.0,0.0,0.0,0.0,0.0
FRA-Ligue 1,2122,Metz,Habib Maïga,CIV,MF,25,1996,17,16,1267,14.1,2,0,2,2,0,0,6,0,0.14,0.0,0.14,0.14,0.14
FRA-Ligue 1,2122,Metz,Ibrahim Amadou,FRA,"DF,MF",28,1993,10,10,812,9.0,1,0,1,1,0,0,4,0,0.11,0.0,0.11,0.11,0.11
FRA-Ligue 1,2122,Metz,Ibrahima Niane,SEN,FW,22,1999,26,20,1582,17.6,3,1,4,2,1,1,2,1,0.17,0.06,0.23,0.11,0.17
FRA-Ligue 1,2122,Metz,Jean-Armel Kana-Biyik,CMR,DF,32,1989,10,8,664,7.4,0,0,0,0,0,0,1,0,0.0,0.0,0.0,0.0,0.0
FRA-Ligue 1,2122,Metz,Jemerson,BRA,DF,28,1992,15,15,1202,13.4,0,0,0,0,0,0,3,2,0.0,0.0,0.0,0.0,0.0
FRA-Ligue 1,2122,Metz,Kévin N'Doram,FRA,MF,25,1996,19,16,1235,13.7,0,0,0,0,0,0,5,0,0.0,0.0,0.0,0.0,0.0
FRA-Ligue 1,2122,Metz,Lamine Gueye,SEN,"MF,FW",23,1998,14,7,555,6.2,0,3,3,0,0,0,0,0,0.0,0.49,0.49,0.0,0.49
FRA-Ligue 1,2122,Metz,Lenny Joseph,HAI,"FW,MF",20,2000,8,0,153,1.7,0,0,0,0,0,0,1,0,0.0,0.0,0.0,0.0,0.0
FRA-Ligue 1,2122,Metz,Lenny Lacroix,FRA,DF,18,2003,3,2,200,2.2,0,1,1,0,0,0,0,0,0.0,0.45,0.45,0.0,0.45
FRA-Ligue 1,2122,Metz,Louis Mafouta,CTA,FW,27,1994,15,5,525,5.8,2,0,2,2,0,0,0,0,0.34,0.0,0.34,0.34,0.34
FRA-Ligue 1,2122,Metz,Mamadou Fofana,MLI,"DF,MF",23,1998,1,0,33,0.4,0,0,0,0,0,0,0,0,0.0,0.0,0.0,0.0,0.0
FRA-Ligue 1,2122,Metz,Marc-Aurèle Caillard,FRA,GK,27,1994,19,17,1542,17.1,0,0,0,0,0,0,1,0,0.0,0.0,0.0,0.0,0.0
FRA-Ligue 1,2122,Metz,Matthieu Udol,FRA,DF,25,1996,12,11,1007,11.2,1,0,1,1,0,0,0,0,0.09,0.0,0.09,0.09,0.09
FRA-Ligue 1,2122,Metz,Nicolas de Préville,FRA,"FW,MF",30,1991,27,24,1969,21.9,5,2,7,5,0,0,5,0,0.23,0.09,0.32,0.23,0.32
FRA-Ligue 1,2122,Metz,Opa Nguette,SEN,"MF,FW",27,1994,26,10,1048,11.6,2,2,4,2,0,0,1,0,0.17,0.17,0.34,0.17,0.34
FRA-Ligue 1,2122,Metz,Papa Ndiaga Yade,MTN,"MF,FW",21,2000,18,5,696,7.7,0,1,1,0,0,0,3,0,0.0,0.13,0.13,0.0,0.13
FRA-Ligue 1,2122,Metz,Pape Matar Sarr,SEN,MF,18,2002,33,22,2129,23.7,1,3,4,1,0,0,7,0,0.04,0.13,0.17,0.04,0.17
FRA-Ligue 1,2122,Metz,Sikou Niakaté,MLI,DF,22,1999,12,8,661,7.3,0,0,0,0,0,0,2,0,0.0,0.0,0.0,0.0,0.0
FRA-Ligue 1,2122,Metz,Sofiane Alakouch,MAR,"DF,MF",23,1998,4,0,158,1.8,0,0,0,0,0,0,1,0,0.0,0.0,0.0,0.0,0.0
FRA-Ligue 1,2122,Metz,Thomas Delaine,FRA,"MF,DF",29,1992,29,26,2316,25.7,1,2,3,1,0,0,4,0,0.04,0.08,0.12,0.04,0.12
FRA-Ligue 1,2122,Metz,Vagner Gonçalves,CPV,"FW,MF",25,1996,3,0,86,1.0,0,0,0,0,0,0,1,0,0.0,0.0,0.0,0.0,0.0
FRA-Ligue 1,2122,Metz,Vincent Pajot,FRA,MF,30,1990,30,27,2311,25.7,1,0,1,1,0,0,6,1,0.04,0.0,0.04,0.04,0.04
FRA-Ligue 1,2122,Metz,Warren Tchimbembé,CGO,MF,23,1998,9,1,205,2.3,0,0,0,0,0,0,0,0,0.0,0.0,0.0,0.0,0.0
FRA-Ligue 1,2122,Metz,William Mikelbrencis,FRA,"MF,DF",17,2004,9,8,610,6.8,0,1,1,0,0,0,0,0,0.0,0.15,0.15,0.0,0.15
FRA-Ligue 1,2122,Monaco,Aleksandr Golovin,RUS,MF,25,1996,27,17,1502,16.7,3,4,7,3,0,0,4,1,0.18,0.24,0.42,0.18,0.42
FRA-Ligue 1,2122,Monaco,Alexander Nübel,GER,GK,24,1996,38,38,3420,38.0,0,0,0,0,0,0,1,0,0.0,0.0,0.0,0.0,0.0
FRA-Ligue 1,2122,Monaco,Aurélien Tchouaméni,FRA,MF,21,2000,35,33,2929,32.5,3,2,5,3,0,0,11,1,0.09,0.06,0.15,0.09,0.15
FRA-Ligue 1,2122,Monaco,Axel Disasi,FRA,DF,23,1998,32,30,2721,30.2,1,0,1,1,0,0,5,0,0.03,0.0,0.03,0.03,0.03
FRA-Ligue 1,2122,Monaco,Benoît Badiashile,FRA,DF,20,2001,24,21,1838,20.4,1,0,1,1,0,0,4,0,0.05,0.0,0.05,0.05,0.05
FRA-Ligue 1,2122,Monaco,Caio Henrique,BRA,"DF,MF",24,1997,34,31,2662,29.6,2,8,10,2,0,0,5,0,0.07,0.27,0.34,0.07,0.34
FRA-Ligue 1,2122,Monaco,Cesc Fàbregas,ESP,"FW,MF",34,1987,2,0,38,0.4,0,0,0,0,0,0,0,0,0.0,0.0,0.0,0.0,0.0
FRA-Ligue 1,2122,Monaco,Chrislain Matsima,FRA,DF,19,2002,7,1,134,1.5,0,0,0,0,0,0,0,0,0.0,0.0,0.0,0.0,0.0
FRA-Ligue 1,2122,Monaco,Djibril Sidibé,FRA,DF,29,1992,17,12,949,10.5,0,0,0,0,0,0,6,0,0.0,0.0,0.0,0.0,0.0
FRA-Ligue 1,2122,Monaco,Eliot Matazo,BEL,MF,19,2002,18,8,790,8.8,0,0,0,0,0,0,1,0,0.0,0.0,0.0,0.0,0.0
FRA-Ligue 1,2122,Monaco,Félix Lemaréchal,FRA,MF,17,2003,1,0,9,0.1,0,0,0,0,0,0,0,0,0.0,0.0,0.0,0.0,0.0
FRA-Ligue 1,2122,Monaco,Gelson Martins,POR,MF,26,1995,32,24,1905,21.2,4,3,7,4,0,0,4,0,0.19,0.14,0.33,0.19,0.33
FRA-Ligue 1,2122,Monaco,Guillermo Maripán,CHI,DF,27,1994,26,21,1832,20.4,0,0,0,0,0,0,5,0,0.0,0.0,0.0,0.0,0.0
FRA-Ligue 1,2122,Monaco,Ismail Jakobs,SEN,"DF,MF",21,1999,28,10,1203,13.4,0,1,1,0,0,0,1,0,0.0,0.07,0.07,0.0,0.07
FRA-Ligue 1,2122,Monaco,Jean Lucas,BRA,MF,23,1998,28,18,1445,16.1,1,1,2,1,0,0,3,1,0.06,0.06,0.12,0.06,0.12
FRA-Ligue 1,2122,Monaco,Kevin Volland,GER,"MF,FW",29,1992,34,29,2436,27.1,9,9,18,8,1,1,10,0,0.33,0.33,0.67,0.3,0.63
FRA-Ligue 1,2122,Monaco,Krépin Diatta,SEN,MF,22,1999,8,3,285,3.2,1,0,1,1,0,0,0,0,0.32,0.0,0.32,0.32,0.32
FRA-Ligue 1,2122,Monaco,Maghnes Akliouche,FRA,MF,19,2002,7,0,54,0.6,0,0,0,0,0,0,1,0,0.0,0.0,0.0,0.0,0.0
FRA-Ligue 1,2122,Monaco,Myron Boadu,NED,FW,20,2001,31,7,960,10.7,4,1,5,4,0,0,0,0,0.37,0.09,0.47,0.37,0.47
FRA-Ligue 1,2122,Monaco,Ruben Aguilar,FRA,DF,28,1993,28,22,2140,23.8,0,2,2,0,0,0,4,0,0.0,0.08,0.08,0.0,0.08
FRA-Ligue 1,2122,Monaco,Sofiane Diop,MAR,MF,21,2000,30,24,1948,21.6,6,4,10,6,0,0,6,0,0.28,0.18,0.46,0.28,0.46
FRA-Ligue 1,2122,Monaco,Strahinja Pavlović,SRB,DF,20,2001,7,5,451,5.0,0,0,0,0,0,0,4,1,0.0,0.0,0.0,0.0,0.0
FRA-Ligue 1,2122,Monaco,Tiago Ribeiro,POR,MF,19,2002,1,0,2,0.0,0,0,0,0,0,0,0,0,0.0,0.0,0.0,0.0,0.0
FRA-Ligue 1,2122,Monaco,Vanderson,BRA,"MF,DF",20,2001,17,12,1120,12.4,2,1,3,2,0,0,3,0,0.16,0.08,0.24,0.16,0.24
FRA-Ligue 1,2122,Monaco,Wilson Isidor,HAI,"FW,MF",20,2000,4,0,50,0.6,0,0,0,0,0,0,0,0,0.0,0.0,0.0,0.0,0.0
FRA-Ligue 1,2122,Monaco,Wissam Ben Yedder,FRA,FW,30,1990,37,29,2529,28.1,25,5,30,17,8,8,3,0,0.89,0.18,1.07,0.6,0.78
FRA-Ligue 1,2122,Monaco,Youssouf Fofana,FRA,MF,22,1999,33,23,2190,24.3,0,4,4,0,0,0,4,0,0.0,0.16,0.16,0.0,0.16
FRA-Ligue 1,2122,Montpellier,Ambroise Oyongo,CMR,"DF,MF",30,1991,11,7,659,7.3,1,0,1,1,0,0,5,0,0.14,0.0,0.14,0.14,0.14
FRA-Ligue 1,2122,Montpellier,Andy Delort,ALG,FW,29,1991,3,3,269,3.0,2,1,3,2,0,0,0,0,0.67,0.33,1.0,0.67,1.0
FRA-Ligue 1,2122,Montpellier,Arnaud Souquet,FRA,DF,29,1992,34,27,2334,25.9,1,3,4,1,0,0,4,0,0.04,0.12,0.15,0.04,0.15
FRA-Ligue 1,2122,Montpellier,Béni Makouana,CGO,FW,18,2002,23,1,322,3.6,0,0,0,0,0,0,4,0,0.0,0.0,0.0,0.0,0.0
FRA-Ligue 1,2122,Montpellier,Dimitry Bertaud,COD,GK,23,1998,11,9,833,9.3,0,0,0,0,0,0,0,0,0.0,0.0,0.0,0.0,0.0
FRA-Ligue 1,2122,Montpellier,Elye Wahi,CIV,"FW,MF",18,2003,33,21,1786,19.8,10,1,11,10,0,0,2,0,0.5,0.05,0.55,0.5,0.55
FRA-Ligue 1,2122,Montpellier,Enzo Tchato,CMR,DF,18,2002,1,0,8,0.1,0,0,0,0,0,0,0,0,0.0,0.0,0.0,0.0,0.0
FRA-Ligue 1,2122,Montpellier,Florent Mollet,FRA,MF,29,1991,35,32,2630,29.2,6,2,8,6,0,0,6,0,0.21,0.07,0.27,0.21,0.27
FRA-Ligue 1,2122,Montpellier,Gaëtan Laborde,FRA,MF,27,1994,4,4,341,3.8,3,0,3,3,0,0,1,0,0.79,0.0,0.79,0.79,0.79
FRA-Ligue 1,2122,Montpellier,Jonas Omlin,SUI,GK,27,1994,29,29,2587,28.7,0,0,0,0,0,0,0,1,0.0,0.0,0.0,0.0,0.0
FRA-Ligue 1,2122,Montpellier,Jordan Ferri,FRA,MF,29,1992,34,33,2911,32.3,0,2,2,0,0,0,13,1,0.0,0.06,0.06,0.0,0.06
FRA-Ligue 1,2122,Montpellier,Joris Chotard,FRA,MF,19,2001,36,33,2935,32.6,1,1,2,1,0,0,5,0,0.03,0.03,0.06,0.03,0.06
FRA-Ligue 1,2122,Montpellier,Junior Sambia,CTA,"DF,MF",24,1996,30,16,1533,17.0,1,0,1,1,0,0,5,1,0.06,0.0,0.06,0.06,0.06
FRA-Ligue 1,2122,Montpellier,Léo Leroy,FRA,MF,21,2000,24,7,626,7.0,0,0,0,0,0,0,3,0,0.0,0.0,0.0,0.0,0.0
FRA-Ligue 1,2122,Montpellier,Mamadou Sakho,FRA,DF,31,1990,29,29,2575,28.6,0,0,0,0,0,0,3,0,0.0,0.0,0.0,0.0,0.0
FRA-Ligue 1,2122,Montpellier,Matheus Thuler,BRA,DF,22,1999,16,10,855,9.5,0,0,0,0,0,0,3,1,0.0,0.0,0.0,0.0,0.0
FRA-Ligue 1,2122,Montpellier,Maxime Estève,FRA,DF,19,2002,24,20,1857,20.6,0,0,0,0,0,0,2,0,0.0,0.0,0.0,0.0,0.0
FRA-Ligue 1,2122,Montpellier,Mihailo Ristić,SRB,DF,25,1995,29,19,1803,20.0,1,3,4,1,0,0,3,1,0.05,0.15,0.2,0.05,0.2
FRA-Ligue 1,2122,Montpellier,Nicholas Gioacchini,USA,MF,21,2000,28,3,497,5.5,0,2,2,0,0,0,0,0,0.0,0.36,0.36,0.0,0.36
FRA-Ligue 1,2122,Montpellier,Nicolas Cozza,FRA,DF,22,1999,34,32,2770,30.8,2,2,4,2,0,0,2,1,0.06,0.06,0.13,0.06,0.13
FRA-Ligue 1,2122,Montpellier,Pedro Mendes,POR,DF,30,1990,1,0,16,0.2,0,0,0,0,0,0,0,0,0.0,0.0,0.0,0.0,0.0
FRA-Ligue 1,2122,Montpellier,Rémy Cabella,FRA,MF,31,1990,5,3,313,3.5,0,0,0,0,0,0,0,0,0.0,0.0,0.0,0.0,0.0
FRA-Ligue 1,2122,Montpellier,Sacha Delaye,FRA,MF,19,2002,10,3,254,2.8,0,1,1,0,0,0,0,0,0.0,0.35,0.35,0.0,0.35
FRA-Ligue 1,2122,Montpellier,Stephy Mavididi,ENG,"MF,FW",23,1998,30,27,2299,25.5,8,3,11,8,0,0,4,0,0.31,0.12,0.43,0.31,0.43
FRA-Ligue 1,2122,Montpellier,Téji Savanier,FRA,MF,29,1991,29,28,2414,26.8,8,7,15,5,3,4,9,2,0.3,0.26,0.56,0.19,0.45
FRA-Ligue 1,2122,Montpellier,Valère Germain,FRA,FW,31,1990,34,22,1970,21.9,4,3,7,4,0,0,3,0,0.18,0.14,0.32,0.18,0.32
FRA-Ligue 1,2122,Montpellier,Yanis Guermouche,FRA,MF,20,2001,3,0,11,0.1,0,0,0,0,0,0,0,0,0.0,0.0,0.0,0.0,0.0
FRA-Ligue 1,2122,Nantes,Abdoulaye Sylla,GUI,DF,21,2000,2,2,157,1.7,0,0,0,0,0,0,1,0,0.0,0.0,0.0,0.0,0.0
FRA-Ligue 1,2122,Nantes,Alban Lafont,CIV,GK,22,1999,38,38,3420,38.0,0,0,0,0,0,0,3,0,0.0,0.0,0.0,0.0,0.0
FRA-Ligue 1,2122,Nantes,Andrei Girotto,BRA,"DF,MF",29,1992,36,36,3146,35.0,6,1,7,6,0,0,8,0,0.17,0.03,0.2,0.17,0.2
FRA-Ligue 1,2122,Nantes,Charles Traore,MLI,DF,29,1992,16,7,718,8.0,0,0,0,0,0,0,3,0,0.0,0.0,0.0,0.0,0.0
FRA-Ligue 1,2122,Nantes,Dennis Appiah,FRA,DF,29,1992,32,22,2099,23.3,0,0,0,0,0,0,4,0,0.0,0.0,0.0,0.0,0.0
FRA-Ligue 1,2122,Nantes,Fábio,BRA,"DF,MF",31,1990,27,21,1667,18.5,0,2,2,0,0,0,8,1,0.0,0.11,0.11,0.0,0.11
FRA-Ligue 1,2122,Nantes,Jean-Charles Castelletto,CMR,DF,26,1995,28,28,2510,27.9,1,0,1,1,0,0,8,0,0.04,0.0,0.04,0.04,0.04
FRA-Ligue 1,2122,Nantes,Jean-Kévin Augustin,FRA,FW,24,1997,7,0,84,0.9,0,0,0,0,0,0,1,0,0.0,0.0,0.0,0.0,0.0
FRA-Ligue 1,2122,Nantes,Kalifa Coulibaly,MLI,FW,29,1991,21,9,850,9.4,5,0,5,5,0,0,1,0,0.53,0.0,0.53,0.53,0.53
FRA-Ligue 1,2122,Nantes,Lohann Doucet,BFA,MF,18,2002,2,0,6,0.1,0,0,0,0,0,0,0,0,0.0,0.0,0.0,0.0,0.0
FRA-Ligue 1,2122,Nantes,Ludovic Blas,FRA,"MF,FW",23,1997,35,35,2961,32.9,10,5,15,5,5,5,10,0,0.3,0.15,0.46,0.15,0.3
FRA-Ligue 1,2122,Nantes,Marcus Coco,FRA,"MF,FW",25,1996,24,9,930,10.3,1,1,2,1,0,0,3,1,0.1,0.1,0.19,0.1,0.19
FRA-Ligue 1,2122,Nantes,Mohamed Achi,FRA,MF,19,2002,1,0,10,0.1,0,0,0,0,0,0,0,0,0.0,0.0,0.0,0.0,0.0
FRA-Ligue 1,2122,Nantes,Moses Simon,NGA,"MF,FW",26,1995,30,29,2332,25.9,6,8,14,6,0,0,3,0,0.23,0.31,0.54,0.23,0.54
FRA-Ligue 1,2122,Nantes,Nicolas Pallois,FRA,DF,33,1987,30,29,2447,27.2,1,0,1,1,0,0,8,1,0.04,0.0,0.04,0.04,0.04
FRA-Ligue 1,2122,Nantes,Osman Bukari,GHA,"MF,FW",22,1998,24,10,1012,11.2,2,4,6,2,0,0,1,0,0.18,0.36,0.53,0.18,0.53
FRA-Ligue 1,2122,Nantes,Pedro Chirivella,ESP,MF,24,1997,31,31,2637,29.3,3,1,4,3,0,0,6,0,0.1,0.03,0.14,0.1,0.14
FRA-Ligue 1,2122,Nantes,Quentin Merlin,FRA,"DF,MF",19,2002,28,21,1926,21.4,2,3,5,2,0,0,0,0,0.09,0.14,0.23,0.09,0.23
FRA-Ligue 1,2122,Nantes,Randal Kolo Muani,FRA,"FW,MF",22,1998,36,34,2948,32.8,12,4,16,12,0,0,2,0,0.37,0.12,0.49,0.37,0.49
FRA-Ligue 1,2122,Nantes,Renaud Emond,BEL,"MF,FW",29,1991,6,2,190,2.1,0,0,0,0,0,0,0,0,0.0,0.0,0.0,0.0,0.0
FRA-Ligue 1,2122,Nantes,Roli Pereira de Sa,FRA,MF,24,1996,17,5,573,6.4,0,0,0,0,0,0,1,0,0.0,0.0,0.0,0.0,0.0
FRA-Ligue 1,2122,Nantes,Samuel Moutoussamy,COD,MF,24,1996,30,16,1509,16.8,0,1,1,0,0,0,5,0,0.0,0.06,0.06,0.0,0.06
FRA-Ligue 1,2122,Nantes,Sébastien Corchia,FRA,"DF,MF",30,1990,28,13,1324,14.7,0,3,3,0,0,0,0,1,0.0,0.2,0.2,0.0,0.2
FRA-Ligue 1,2122,Nantes,Willem Geubbels,FRA,"MF,FW",19,2001,22,4,544,6.0,2,1,3,2,0,0,1,0,0.33,0.17,0.5,0.33,0.5
FRA-Ligue 1,2122,Nantes,Wylan Cyprien,FRA,MF,26,1995,24,17,1490,16.6,2,3,5,2,0,0,3,0,0.12,0.18,0.3,0.12,0.3
FRA-Ligue 1,2122,Nantes,Yannis Mbemba,GAB,DF,20,2001,2,0,5,0.1,0,0,0,0,0,0,0,0,0.0,0.0,0.0,0.0,0.0
FRA-Ligue 1,2122,Nice,Alexis Claude-Maurice,FRA,"FW,MF",23,1998,10,0,209,2.3,0,2,2,0,0,0,1,0,0.0,0.86,0.86,0.0,0.86
FRA-Ligue 1,2122,Nice,Amine Gouiri,ALG,"FW,MF",21,2000,38,32,2754,30.6,10,9,19,7,3,5,3,0,0.33,0.29,0.62,0.23,0.52
FRA-Ligue 1,2122,Nice,Andy Delort,ALG,FW,29,1991,32,26,2448,27.2,16,2,18,13,3,3,3,0,0.59,0.07,0.66,0.48,0.55
FRA-Ligue 1,2122,Nice,Bilal Brahimi,ALG,MF,21,2000,11,2,378,4.2,0,0,0,0,0,0,1,0,0.0,0.0,0.0,0.0,0.0
FRA-Ligue 1,2122,Nice,Calvin Stengs,NED,MF,22,1998,24,11,1073,11.9,1,1,2,1,0,0,1,0,0.08,0.08,0.17,0.08,0.17
FRA-Ligue 1,2122,Nice,Dan Ndoye,SUI,FW,20,2000,3,2,205,2.3,0,1,1,0,0,0,0,0,0.0,0.44,0.44,0.0,0.44
FRA-Ligue 1,2122,Nice,Danilo Barbosa,BRA,DF,25,1996,1,1,90,1.0,0,0,0,0,0,0,0,0,0.0,0.0,0.0,0.0,0.0
FRA-Ligue 1,2122,Nice,Dante,BRA,DF,37,1983,34,33,2870,31.9,0,0,0,0,0,0,7,3,0.0,0.0,0.0,0.0,0.0
FRA-Ligue 1,2122,Nice,Evann Guessand,CIV,FW,20,2001,20,2,438,4.9,1,2,3,1,0,0,3,0,0.21,0.41,0.62,0.21,0.62
FRA-Ligue 1,2122,Nice,Flavius Daniliuc,AUT,DF,20,2001,24,14,1293,14.4,0,0,0,0,0,0,4,0,0.0,0.0,0.0,0.0,0.0
FRA-Ligue 1,2122,Nice,Hassane Kamara,CIV,"MF,DF",27,1994,11,7,544,6.0,0,0,0,0,0,0,2,0,0.0,0.0,0.0,0.0,0.0
FRA-Ligue 1,2122,Nice,Hicham Boudaoui,ALG,MF,21,1999,29,21,1621,18.0,3,2,5,3,0,0,7,0,0.17,0.11,0.28,0.17,0.28
FRA-Ligue 1,2122,Nice,Jean-Clair Todibo,FRA,DF,21,1999,36,35,3115,34.6,1,0,1,1,0,0,6,0,0.03,0.0,0.03,0.03,0.03
FRA-Ligue 1,2122,Nice,Jordan Amavi,FRA,DF,27,1994,8,4,413,4.6,0,0,0,0,0,0,1,0,0.0,0.0,0.0,0.0,0.0
FRA-Ligue 1,2122,Nice,Jordan Lotomba,SUI,DF,22,1998,30,19,1782,19.8,0,0,0,0,0,0,4,0,0.0,0.0,0.0,0.0,0.0
FRA-Ligue 1,2122,Nice,Justin Kluivert,NED,MF,22,1999,27,24,1868,20.8,4,5,9,4,0,0,6,1,0.19,0.24,0.43,0.19,0.43
FRA-Ligue 1,2122,Nice,Kasper Dolberg,DEN,FW,23,1997,26,19,1492,16.6,6,2,8,4,2,2,0,0,0.36,0.12,0.48,0.24,0.36
FRA-Ligue 1,2122,Nice,Khéphren Thuram,FRA,MF,20,2001,36,20,1901,21.1,4,2,6,4,0,0,4,0,0.19,0.09,0.28,0.19,0.28
FRA-Ligue 1,2122,Nice,Lucas Da Cunha,FRA,MF,20,2001,10,5,393,4.4,0,1,1,0,0,0,0,0,0.0,0.23,0.23,0.0,0.23
FRA-Ligue 1,2122,Nice,Marcin Bułka,POL,GK,21,1999,1,1,90,1.0,0,0,0,0,0,0,0,0,0.0,0.0,0.0,0.0,0.0
FRA-Ligue 1,2122,Nice,Mario Lemina,GAB,MF,27,1993,32,24,1967,21.9,2,0,2,2,0,0,7,1,0.09,0.0,0.09,0.09,0.09
FRA-Ligue 1,2122,Nice,Melvin Bard,FRA,DF,20,2000,33,30,2589,28.8,2,2,4,2,0,0,3,0,0.07,0.07,0.14,0.07,0.14
FRA-Ligue 1,2122,Nice,Morgan Schneiderlin,FRA,MF,31,1989,20,5,649,7.2,0,1,1,0,0,0,1,1,0.0,0.14,0.14,0.0,0.14
FRA-Ligue 1,2122,Nice,Myziane Maolida,COM,"FW,MF",22,1999,1,0,34,0.4,0,0,0,0,0,0,0,0,0.0,0.0,0.0,0.0,0.0
FRA-Ligue 1,2122,Nice,Pablo Rosario,DOM,MF,24,1997,36,31,2729,30.3,0,2,2,0,0,0,7,0,0.0,0.07,0.07,0.0,0.07
FRA-Ligue 1,2122,Nice,Walter Benítez,ARG,GK,28,1993,37,37,3330,37.0,0,0,0,0,0,0,2,0,0.0,0.0,0.0,0.0,0.0
FRA-Ligue 1,2122,Nice,Youcef Atal,ALG,DF,25,1996,17,13,1140,12.7,2,1,3,2,0,0,4,0,0.16,0.08,0.24,0.16,0.24
FRA-Ligue 1,2122,Paris SG,Abdou Diallo,SEN,DF,25,1996,12,10,877,9.7,0,1,1,0,0,0,1,0,0.0,0.1,0.1,0.0,0.1
FRA-Ligue 1,2122,Paris SG,Achraf Hakimi,MAR,"DF,MF",22,1998,32,28,2479,27.5,4,6,10,4,0,0,3,1,0.15,0.22,0.36,0.15,0.36
FRA-Ligue 1,2122,Paris SG,Alexandre Letellier,FRA,GK,30,1990,1,0,8,0.1,0,0,0,0,0,0,0,0,0.0,0.0,0.0,0.0,0.0
FRA-Ligue 1,2122,Paris SG,Ander Herrera,ESP,MF,31,1989,19,12,1091,12.1,3,2,5,3,0,0,2,0,0.25,0.16,0.41,0.25,0.41
FRA-Ligue 1,2122,Paris SG,Arnaud Kalimuendo,FRA,FW,19,2002,2,0,8,0.1,0,0,0,0,0,0,0,0,0.0,0.0,0.0,0.0,0.0
FRA-Ligue 1,2122,Paris SG,Colin Dagba,FRA,DF,22,1998,3,2,165,1.8,0,0,0,0,0,0,1,0,0.0,0.0,0.0,0.0,0.0
FRA-Ligue 1,2122,Paris SG,Danilo Pereira,POR,MF,29,1991,27,22,2038,22.6,5,0,5,5,0,0,2,0,0.22,0.0,0.22,0.22,0.22
FRA-Ligue 1,2122,Paris SG,Djeidi Gassama,MTN,"FW,MF",17,2003,1,0,2,0.0,0,0,0,0,0,0,0,0,0.0,0.0,0.0,0.0,0.0
FRA-Ligue 1,2122,Paris SG,Edouard Michut,FRA,MF,18,2003,5,0,70,0.8,0,1,1,0,0,0,0,1,0.0,1.29,1.29,0.0,1.29
FRA-Ligue 1,2122,Paris SG,El Chadaille Bitshiabu,FRA,DF,16,2005,1,0,5,0.1,0,0,0,0,0,0,0,0,0.0,0.0,0.0,0.0,0.0
FRA-Ligue 1,2122,Paris SG,Georginio Wijnaldum,NED,"MF,FW",30,1990,31,18,1653,18.4,1,3,4,1,0,0,2,0,0.05,0.16,0.22,0.05,0.22
FRA-Ligue 1,2122,Paris SG,Gianluigi Donnarumma,ITA,GK,22,1999,17,17,1530,17.0,0,0,0,0,0,0,3,0,0.0,0.0,0.0,0.0,0.0
FRA-Ligue 1,2122,Paris SG,Idrissa Gueye,SEN,MF,31,1989,26,18,1641,18.2,3,1,4,3,0,0,4,0,0.16,0.05,0.22,0.16,0.22
FRA-Ligue 1,2122,Paris SG,Ismaël Gharbi,TUN,MF,17,2004,1,0,2,0.0,0,0,0,0,0,0,0,0,0.0,0.0,0.0,0.0,0.0
FRA-Ligue 1,2122,Paris SG,Juan Bernat,ESP,"DF,MF",28,1993,15,12,958,10.6,0,0,0,0,0,0,2,0,0.0,0.0,0.0,0.0,0.0
FRA-Ligue 1,2122,Paris SG,Julian Draxler,GER,"FW,MF",27,1993,18,5,548,6.1,2,1,3,2,0,0,0,0,0.33,0.16,0.49,0.33,0.49
FRA-Ligue 1,2122,Paris SG,Junior Dina Ebimbe,CMR,MF,20,2000,10,4,316,3.5,0,0,0,0,0,0,2,0,0.0,0.0,0.0,0.0,0.0
FRA-Ligue 1,2122,Paris SG,Keylor Navas,CRC,GK,34,1986,21,21,1856,20.6,0,0,0,0,0,0,0,1,0.0,0.0,0.0,0.0,0.0
FRA-Ligue 1,2122,Paris SG,Kylian Mbappé,FRA,FW,22,1998,35,34,3023,33.6,28,17,45,24,4,4,10,0,0.83,0.51,1.34,0.71,1.22
FRA-Ligue 1,2122,Paris SG,Leandro Paredes,ARG,MF,27,1994,15,10,838,9.3,1,2,3,1,0,0,3,0,0.11,0.21,0.32,0.11,0.32
FRA-Ligue 1,2122,Paris SG,Lionel Messi,ARG,"FW,MF",34,1987,26,24,2153,23.9,6,14,20,6,0,0,0,0,0.25,0.59,0.84,0.25,0.84
FRA-Ligue 1,2122,Paris SG,Marco Verratti,ITA,MF,28,1992,24,23,1937,21.5,2,2,4,2,0,0,12,0,0.09,0.09,0.19,0.09,0.19
FRA-Ligue 1,2122,Paris SG,Marquinhos,BRA,DF,27,1994,32,32,2861,31.8,5,0,5,5,0,0,5,0,0.16,0.0,0.16,0.16,0.16
FRA-Ligue 1,2122,Paris SG,Mauro Icardi,ARG,FW,28,1993,24,10,1027,11.4,4,0,4,4,0,0,1,0,0.35,0.0,0.35,0.35,0.35
FRA-Ligue 1,2122,Paris SG,Nathan Bitumazala,FRA,MF,18,2002,1,0,11,0.1,0,0,0,0,0,0,0,0,0.0,0.0,0.0,0.0,0.0
FRA-Ligue 1,2122,Paris SG,Neymar,BRA,"FW,MF",29,1992,22,22,1851,20.6,13,6,19,10,3,4,10,0,0.63,0.29,0.92,0.49,0.78
FRA-Ligue 1,2122,Paris SG,Nuno Mendes,POR,DF,19,2002,27,18,1658,18.4,0,1,1,0,0,0,3,0,0.0,0.05,0.05,0.0,0.05
FRA-Ligue 1,2122,Paris SG,Pablo Sarabia,ESP,"FW,MF",29,1992,2,0,22,0.2,1,0,1,1,0,0,1,0,4.09,0.0,4.09,4.09,4.09
FRA-Ligue 1,2122,Paris SG,Presnel Kimpembe,FRA,DF,25,1995,30,29,2576,28.6,1,0,1,1,0,0,6,0,0.03,0.0,0.03,0.03,0.03
FRA-Ligue 1,2122,Paris SG,Rafinha,BRA,"FW,MF",28,1993,5,3,220,2.4,0,0,0,0,0,0,0,0,0.0,0.0,0.0,0.0,0.0
FRA-Ligue 1,2122,Paris SG,Sekou Yansané,FRA,FW,18,2003,1,0,16,0.2,0,0,0,0,0,0,0,0,0.0,0.0,0.0,0.0,0.0
FRA-Ligue 1,2122,Paris SG,Sergio Ramos,ESP,DF,35,1986,12,8,801,8.9,2,0,2,2,0,0,3,1,0.22,0.0,0.22,0.22,0.22
FRA-Ligue 1,2122,Paris SG,Sergio Rico,ESP,GK,27,1993,1,0,23,0.3,0,0,0,0,0,0,0,0,0.0,0.0,0.0,0.0,0.0
FRA-Ligue 1,2122,Paris SG,Thilo Kehrer,GER,DF,24,1996,27,16,1513,16.8,2,0,2,2,0,0,0,0,0.12,0.0,0.12,0.12,0.12
FRA-Ligue 1,2122,Paris SG,Xavi Simons,NED,FW,18,2003,6,1,132,1.5,0,0,0,0,0,0,1,0,0.0,0.0,0.0,0.0,0.0
FRA-Ligue 1,2122,Paris SG,Ángel Di María,ARG,"FW,MF",33,1988,26,19,1645,18.3,5,7,12,5,0,0,2,0,0.27,0.38,0.66,0.27,0.66
FRA-Ligue 1,2122,Reims,Alexis Flips,FRA,MF,21,2000,25,13,1056,11.7,2,4,6,1,1,1,2,0,0.17,0.34,0.51,0.09,0.43
FRA-Ligue 1,2122,Reims,Anastasios Donis,GRE,"MF,FW",24,1996,13,3,370,4.1,0,0,0,0,0,0,0,1,0.0,0.0,0.0,0.0,0.0
FRA-Ligue 1,2122,Reims,Andrew Gravillon,GLP,DF,23,1998,26,24,2135,23.7,0,0,0,0,0,0,9,2,0.0,0.0,0.0,0.0,0.0
FRA-Ligue 1,2122,Reims,Arber Zeneli,KVX,FW,26,1995,9,4,409,4.5,2,3,5,2,0,0,0,0,0.44,0.66,1.1,0.44,1.1
FRA-Ligue 1,2122,Reims,Azor Matusiwa,NED,MF,23,1998,29,29,2463,27.4,1,1,2,1,0,0,8,1,0.04,0.04,0.07,0.04,0.07
FRA-Ligue 1,2122,Reims,Bradley Locko,FRA,"MF,DF",19,2002,24,11,1011,11.2,1,1,2,1,0,0,4,0,0.09,0.09,0.18,0.09,0.18
FRA-Ligue 1,2122,Reims,Dion Lopy,SEN,MF,19,2002,26,19,1642,18.2,0,0,0,0,0,0,4,0,0.0,0.0,0.0,0.0,0.0
FRA-Ligue 1,2122,Reims,El Bilal Touré,MLI,"FW,MF",19,2001,21,15,1194,13.3,2,4,6,1,1,1,2,0,0.15,0.3,0.45,0.08,0.38
FRA-Ligue 1,2122,Reims,Fodé Doucouré,MLI,DF,20,2001,3,1,154,1.7,0,0,0,0,0,0,0,0,0.0,0.0,0.0,0.0,0.0
FRA-Ligue 1,2122,Reims,Fraser Hornby,SCO,FW,21,1999,8,4,350,3.9,0,0,0,0,0,0,1,0,0.0,0.0,0.0,0.0,0.0
FRA-Ligue 1,2122,Reims,Ghislain Konan,CIV,"MF,DF",25,1995,28,28,2418,26.9,1,3,4,1,0,0,1,0,0.04,0.11,0.15,0.04,0.15
FRA-Ligue 1,2122,Reims,Hugo Ekitike,FRA,FW,19,2002,24,15,1273,14.1,10,3,13,9,1,2,1,1,0.71,0.21,0.92,0.64,0.85
FRA-Ligue 1,2122,Reims,Ibrahim Diakité,GUI,DF,17,2003,1,0,4,0.0,0,0,0,0,0,0,0,0,0.0,0.0,0.0,0.0,0.0
FRA-Ligue 1,2122,Reims,Ilan Kebbal,ALG,"MF,FW",23,1998,31,21,1772,19.7,1,4,5,1,0,0,1,0,0.05,0.2,0.25,0.05,0.25
FRA-Ligue 1,2122,Reims,Jens Cajuste,SWE,MF,21,1999,8,4,364,4.0,2,0,2,1,1,1,0,0,0.49,0.0,0.49,0.25,0.25
FRA-Ligue 1,2122,Reims,Kaj Sierhuis,NED,FW,23,1998,2,1,80,0.9,0,0,0,0,0,0,0,0,0.0,0.0,0.0,0.0,0.0
FRA-Ligue 1,2122,Reims,Kamory Doumbia,MLI,MF,18,2003,8,2,352,3.9,2,1,3,2,0,0,1,0,0.51,0.26,0.77,0.51,0.77
FRA-Ligue 1,2122,Reims,Marshall Munetsi,ZIM,"MF,DF",25,1996,24,20,1885,20.9,5,1,6,5,0,0,7,0,0.24,0.05,0.29,0.24,0.29
FRA-Ligue 1,2122,Reims,Martin Adeline,FRA,MF,17,2003,8,2,352,3.9,0,0,0,0,0,0,1,0,0.0,0.0,0.0,0.0,0.0
FRA-Ligue 1,2122,Reims,Mathieu Cafaro,FRA,"MF,FW",24,1997,4,3,192,2.1,0,0,0,0,0,0,2,0,0.0,0.0,0.0,0.0,0.0
FRA-Ligue 1,2122,Reims,Maxime Busi,BEL,"DF,MF",21,1999,18,13,1296,14.4,1,0,1,1,0,0,3,0,0.07,0.0,0.07,0.07,0.07
FRA-Ligue 1,2122,Reims,Mitchell van Bergen,NED,"FW,MF",21,1999,20,11,983,10.9,0,0,0,0,0,0,1,0,0.0,0.0,0.0,0.0,0.0
FRA-Ligue 1,2122,Reims,Moreto Cassamã,GNB,MF,23,1998,17,11,801,8.9,2,0,2,2,0,0,1,0,0.22,0.0,0.22,0.22,0.22
FRA-Ligue 1,2122,Reims,Moussa Doumbia,MLI,MF,26,1994,4,0,86,1.0,0,0,0,0,0,1,0,0,0.0,0.0,0.0,0.0,0.0
FRA-Ligue 1,2122,Reims,Moustapha Mbow,SEN,DF,21,2000,1,1,90,1.0,0,0,0,0,0,0,0,0,0.0,0.0,0.0,0.0,0.0
FRA-Ligue 1,2122,Reims,Nathanaël Mbuku,COD,"FW,MF",19,2002,31,18,1418,15.8,2,1,3,2,0,0,1,0,0.13,0.06,0.19,0.13,0.19
FRA-Ligue 1,2122,Reims,Philippe Koffi,CIV,FW,19,2002,10,3,375,4.2,1,0,1,1,0,0,1,0,0.24,0.0,0.24,0.24,0.24
FRA-Ligue 1,2122,Reims,Predrag Rajković,SRB,GK,25,1995,38,38,3420,38.0,0,0,0,0,0,0,3,0,0.0,0.0,0.0,0.0,0.0
FRA-Ligue 1,2122,Reims,Sambou Sissoko,FRA,MF,22,1999,8,0,176,2.0,0,0,0,0,0,0,0,0,0.0,0.0,0.0,0.0,0.0
FRA-Ligue 1,2122,Reims,Samuel Koeberlé,FRA,MF,16,2004,1,0,1,0.0,0,0,0,0,0,0,0,0,0.0,0.0,0.0,0.0,0.0
FRA-Ligue 1,2122,Reims,Thomas Foket,BEL,"MF,DF",26,1994,29,26,2235,24.8,1,0,1,1,0,0,5,0,0.04,0.0,0.04,0.04,0.04
FRA-Ligue 1,2122,Reims,Valon Berisha,KVX,MF,28,1993,13,5,455,5.1,0,1,1,0,0,0,2,1,0.0,0.2,0.2,0.0,0.2
FRA-Ligue 1,2122,Reims,Wout Faes,BEL,DF,23,1998,37,37,3330,37.0,4,0,4,4,0,0,2,0,0.11,0.0,0.11,0.11,0.11
FRA-Ligue 1,2122,Reims,Xavier Chavalerin,FRA,MF,30,1991,3,2,220,2.4,0,0,0,0,0,0,0,0,0.0,0.0,0.0,0.0,0.0
FRA-Ligue 1,2122,Reims,Yunis Abdelhamid,MAR,DF,33,1987,34,34,2983,33.1,2,0,2,2,0,0,5,1,0.06,0.0,0.06,0.06,0.06
FRA-Ligue 1,2122,Rennes,Adrien Truffert,FRA,DF,19,2001,30,18,1639,18.2,3,2,5,3,0,0,4,0,0.16,0.11,0.27,0.16,0.27
FRA-Ligue 1,2122,Rennes,Alfred Gomis,SEN,GK,27,1993,25,25,2250,25.0,0,0,0,0,0,0,1,0,0.0,0.0,0.0,0.0,0.0
FRA-Ligue 1,2122,Rennes,Andy Diouf,FRA,MF,18,2003,5,0,14,0.2,0,0,0,0,0,0,0,0,0.0,0.0,0.0,0.0,0.0
FRA-Ligue 1,2122,Rennes,Baptiste Santamaria,FRA,"MF,DF",26,1995,34,28,2518,28.0,2,1,3,2,0,0,7,0,0.07,0.04,0.11,0.07,0.11
FRA-Ligue 1,2122,Rennes,Benjamin Bourigeaud,FRA,"MF,FW",27,1994,38,38,3193,35.5,11,12,23,11,0,0,2,0,0.31,0.34,0.65,0.31,0.65
FRA-Ligue 1,2122,Rennes,Birger Meling,NOR,DF,26,1994,31,20,1829,20.3,0,4,4,0,0,0,3,0,0.0,0.2,0.2,0.0,0.2
FRA-Ligue 1,2122,Rennes,Doğan Alemdar,TUR,GK,18,2002,12,12,1080,12.0,0,0,0,0,0,0,1,0,0.0,0.0,0.0,0.0,0.0
FRA-Ligue 1,2122,Rennes,Eduardo Camavinga,FRA,MF,18,2002,4,1,143,1.6,0,0,0,0,0,0,0,0,0.0,0.0,0.0,0.0,0.0
FRA-Ligue 1,2122,Rennes,Flavien Tait,FRA,MF,28,1993,28,24,2125,23.6,5,3,8,5,0,0,3,0,0.21,0.13,0.34,0.21,0.34
FRA-Ligue 1,2122,Rennes,Gaëtan Laborde,FRA,FW,27,1994,34,32,2729,30.3,12,8,20,10,2,2,1,0,0.4,0.26,0.66,0.33,0.59
FRA-Ligue 1,2122,Rennes,Hamari Traoré,MLI,DF,29,1992,33,33,2890,32.1,3,10,13,3,0,0,4,0,0.09,0.31,0.4,0.09,0.4
FRA-Ligue 1,2122,Rennes,Jeanuël Belocian,FRA,DF,16,2005,1,0,12,0.1,0,0,0,0,0,0,0,0,0.0,0.0,0.0,0.0,0.0
FRA-Ligue 1,2122,Rennes,Jeremy Doku,BEL,"MF,FW",19,2002,14,4,469,5.2,1,2,3,1,0,0,2,0,0.19,0.38,0.58,0.19,0.58
FRA-Ligue 1,2122,Rennes,Jonas Martin,FRA,MF,31,1990,29,24,2105,23.4,1,1,2,1,0,0,8,0,0.04,0.04,0.09,0.04,0.09
FRA-Ligue 1,2122,Rennes,Kamaldeen Sulemana,GHA,"MF,FW",19,2002,20,11,1015,11.3,4,2,6,4,0,0,3,0,0.35,0.18,0.53,0.35,0.53
FRA-Ligue 1,2122,Rennes,Lesley Ugochukwu,FRA,MF,17,2004,18,3,405,4.5,1,0,1,1,0,0,2,0,0.22,0.0,0.22,0.22,0.22
FRA-Ligue 1,2122,Rennes,Lorenz Assignon,TOG,DF,21,2000,20,5,616,6.8,0,2,2,0,0,0,0,0,0.0,0.29,0.29,0.0,0.29
FRA-Ligue 1,2122,Rennes,Loum Tchaouna,FRA,"FW,MF",17,2003,10,0,87,1.0,0,0,0,0,0,0,0,0,0.0,0.0,0.0,0.0,0.0
FRA-Ligue 1,2122,Rennes,Lovro Majer,CRO,MF,23,1998,29,21,1832,20.4,6,8,14,6,0,0,1,0,0.29,0.39,0.69,0.29,0.69
FRA-Ligue 1,2122,Rennes,Loïc Bade,FRA,DF,21,2000,14,11,985,10.9,0,1,1,0,0,0,3,1,0.0,0.09,0.09,0.0,0.09
FRA-Ligue 1,2122,Rennes,Martin Terrier,FRA,"FW,MF",24,1997,37,37,2779,30.9,21,3,24,19,2,2,1,0,0.68,0.1,0.78,0.62,0.71
FRA-Ligue 1,2122,Rennes,Mathys Tel,FRA,"FW,MF",16,2005,7,0,56,0.6,0,0,0,0,0,0,0,0,0.0,0.0,0.0,0.0,0.0
FRA-Ligue 1,2122,Rennes,Matthis Abline,FRA,FW,18,2003,7,1,103,1.1,0,0,0,0,0,0,0,0,0.0,0.0,0.0,0.0,0.0
FRA-Ligue 1,2122,Rennes,Nayef Aguerd,MAR,DF,25,1996,31,31,2735,30.4,2,2,4,2,0,0,3,1,0.07,0.07,0.13,0.07,0.13
FRA-Ligue 1,2122,Rennes,Romain Del Castillo,FRA,"FW,MF",25,1996,3,0,28,0.3,0,0,0,0,0,0,0,0,0.0,0.0,0.0,0.0,0.0
FRA-Ligue 1,2122,Rennes,Romain Salin,FRA,GK,37,1984,1,1,90,1.0,0,0,0,0,0,0,0,0,0.0,0.0,0.0,0.0,0.0
FRA-Ligue 1,2122,Rennes,Serhou Guirassy,GUI,FW,25,1996,37,7,1016,11.3,9,0,9,9,0,0,1,0,0.8,0.0,0.8,0.8,0.8
FRA-Ligue 1,2122,Rennes,Warmed Omari,COM,DF,21,2000,34,31,2796,31.1,0,0,0,0,0,0,6,0,0.0,0.0,0.0,0.0,0.0
FRA-Ligue 1,2122,Saint-Étienne,Abdoulaye Bakayoko,FRA,DF,18,2002,4,4,307,3.4,0,0,0,0,0,0,0,0,0.0,0.0,0.0,0.0,0.0
FRA-Ligue 1,2122,Saint-Étienne,Adil Aouchiche,ALG,MF,19,2002,35,11,1081,12.0,0,4,4,0,0,0,2,0,0.0,0.33,0.33,0.0,0.33
FRA-Ligue 1,2122,Saint-Étienne,Aimen Moueffek,FRA,"MF,FW",20,2001,14,4,432,4.8,0,0,0,0,0,0,1,0,0.0,0.0,0.0,0.0,0.0
FRA-Ligue 1,2122,Saint-Étienne,Alpha Sissoko,MLI,DF,24,1997,1,1,45,0.5,0,0,0,0,0,0,1,0,0.0,0.0,0.0,0.0,0.0
FRA-Ligue 1,2122,Saint-Étienne,Arnaud Nordin,FRA,"MF,FW",23,1998,36,20,1874,20.8,4,4,8,4,0,0,4,0,0.19,0.19,0.38,0.19,0.38
FRA-Ligue 1,2122,Saint-Étienne,Assane Dioussé,SEN,MF,23,1997,4,0,23,0.3,0,0,0,0,0,0,0,0,0.0,0.0,0.0,0.0,0.0
FRA-Ligue 1,2122,Saint-Étienne,Bakary Sako,MLI,FW,33,1988,7,1,156,1.7,0,0,0,0,0,0,0,0,0.0,0.0,0.0,0.0,0.0
FRA-Ligue 1,2122,Saint-Étienne,Bryan Djile Nokoué,CMR,DF,19,2002,2,0,57,0.6,0,0,0,0,0,0,0,0,0.0,0.0,0.0,0.0,0.0
FRA-Ligue 1,2122,Saint-Étienne,Charles Abi,TOG,FW,21,2000,1,1,45,0.5,0,0,0,0,0,0,0,0,0.0,0.0,0.0,0.0,0.0
FRA-Ligue 1,2122,Saint-Étienne,Denis Bouanga,GAB,"FW,MF",26,1994,34,28,2436,27.1,9,6,15,9,0,0,4,1,0.33,0.22,0.55,0.33,0.55
FRA-Ligue 1,2122,Saint-Étienne,Elhadji Dieye,SEN,FW,19,2002,5,0,34,0.4,0,0,0,0,0,0,0,0,0.0,0.0,0.0,0.0,0.0
FRA-Ligue 1,2122,Saint-Étienne,Eliaquim Mangala,FRA,DF,30,1991,14,14,1179,13.1,1,0,1,1,0,0,9,0,0.08,0.0,0.08,0.08,0.08
FRA-Ligue 1,2122,Saint-Étienne,Enzo Crivelli,FRA,FW,26,1995,4,0,102,1.1,0,0,0,0,0,0,0,0,0.0,0.0,0.0,0.0,0.0
FRA-Ligue 1,2122,Saint-Étienne,Etienne Green,ENG,GK,21,2000,15,15,1197,13.3,0,0,0,0,0,0,1,1,0.0,0.0,0.0,0.0,0.0
FRA-Ligue 1,2122,Saint-Étienne,Falaye Sacko,MLI,DF,26,1995,9,8,667,7.4,0,0,0,0,0,0,0,0,0.0,0.0,0.0,0.0,0.0
FRA-Ligue 1,2122,Saint-Étienne,Gabriel Silva,BRA,"DF,MF",30,1991,13,9,713,7.9,0,0,0,0,0,0,1,0,0.0,0.0,0.0,0.0,0.0
FRA-Ligue 1,2122,Saint-Étienne,Harold Moukoudi,CMR,DF,23,1997,24,17,1661,18.5,0,0,0,0,0,0,3,0,0.0,0.0,0.0,0.0,0.0
FRA-Ligue 1,2122,Saint-Étienne,Jean-Philippe Krasso,CIV,FW,24,1997,16,5,453,5.0,1,1,2,1,0,0,0,0,0.2,0.2,0.4,0.2,0.4
FRA-Ligue 1,2122,Saint-Étienne,Juan Ignacio Ramírez,URU,FW,24,1997,5,1,126,1.4,0,0,0,0,0,0,0,0,0.0,0.0,0.0,0.0,0.0
FRA-Ligue 1,2122,Saint-Étienne,Lamine Ghezali,FRA,MF,22,1999,1,0,1,0.0,0,0,0,0,0,0,0,0,0.0,0.0,0.0,0.0,0.0
FRA-Ligue 1,2122,Saint-Étienne,Lucas Calodat,FRA,DF,19,2002,1,0,4,0.0,0,0,0,0,0,0,0,0,0.0,0.0,0.0,0.0,0.0
FRA-Ligue 1,2122,Saint-Étienne,Lucas Gourna-Douath,FRA,MF,17,2003,31,20,1804,20.0,1,0,1,1,0,0,7,0,0.05,0.0,0.05,0.05,0.05
FRA-Ligue 1,2122,Saint-Étienne,Mahdi Camara,FRA,"MF,DF",23,1998,35,34,3073,34.1,3,0,3,3,0,0,8,0,0.09,0.0,0.09,0.09,0.09
FRA-Ligue 1,2122,Saint-Étienne,Mathys Saban,FRA,MF,19,2002,3,0,73,0.8,0,0,0,0,0,0,1,0,0.0,0.0,0.0,0.0,0.0
FRA-Ligue 1,2122,Saint-Étienne,Maxence Rivera,FRA,MF,19,2002,1,0,5,0.1,0,0,0,0,0,0,0,0,0.0,0.0,0.0,0.0,0.0
FRA-Ligue 1,2122,Saint-Étienne,Mickael Nade,FRA,DF,22,1999,30,29,2563,28.5,1,0,1,1,0,0,4,0,0.04,0.0,0.04,0.04,0.04
FRA-Ligue 1,2122,Saint-Étienne,Miguel Trauco,PER,"DF,MF",28,1992,17,12,1112,12.4,1,0,1,1,0,0,3,0,0.08,0.0,0.08,0.08,0.08
FRA-Ligue 1,2122,Saint-Étienne,Paul Bernardoni,FRA,GK,24,1997,19,19,1710,19.0,0,0,0,0,0,0,0,0,0.0,0.0,0.0,0.0,0.0
FRA-Ligue 1,2122,Saint-Étienne,Romain Hamouma,FRA,"FW,MF",34,1987,22,7,886,9.8,2,1,3,2,0,0,2,0,0.2,0.1,0.3,0.2,0.3
FRA-Ligue 1,2122,Saint-Étienne,Ryad Boudebouz,ALG,"MF,FW",31,1990,30,27,2252,25.0,3,4,7,2,1,1,2,0,0.12,0.16,0.28,0.08,0.24
FRA-Ligue 1,2122,Saint-Étienne,Sada Thioub,SEN,MF,26,1995,17,11,950,10.6,0,1,1,0,0,0,2,0,0.0,0.09,0.09,0.0,0.09
FRA-Ligue 1,2122,Saint-Étienne,Saidou Sow,GUI,DF,19,2002,13,11,989,11.0,2,1,3,2,0,0,2,0,0.18,0.09,0.27,0.18,0.27
FRA-Ligue 1,2122,Saint-Étienne,Stefan Bajic,FRA,GK,19,2001,7,4,510,5.7,0,0,0,0,0,0,0,0,0.0,0.0,0.0,0.0,0.0
FRA-Ligue 1,2122,Saint-Étienne,Timothée Kolodziejczak,FRA,"DF,MF",29,1991,30,30,2565,28.5,2,3,5,2,0,0,4,1,0.07,0.11,0.18,0.07,0.18
FRA-Ligue 1,2122,Saint-Étienne,Wahbi Khazri,TUN,"FW,MF",30,1991,30,26,2225,24.7,10,0,10,6,4,4,6,0,0.4,0.0,0.4,0.24,0.24
FRA-Ligue 1,2122,Saint-Étienne,Yanis Lhery,FRA,FW,18,2003,5,0,72,0.8,0,0,0,0,0,0,0,0,0.0,0.0,0.0,0.0,0.0
FRA-Ligue 1,2122,Saint-Étienne,Yvan Neyou,CMR,MF,24,1997,16,12,936,10.4,0,0,0,0,0,0,4,1,0.0,0.0,0.0,0.0,0.0
FRA-Ligue 1,2122,Saint-Étienne,Yvann Macon,FRA,"DF,MF",22,1998,22,19,1529,17.0,0,0,0,0,0,0,7,0,0.0,0.0,0.0,0.0,0.0
FRA-Ligue 1,2122,Saint-Étienne,Zaydou Youssouf,COM,MF,22,1999,30,18,1553,17.3,1,0,1,1,0,0,3,1,0.06,0.0,0.06,0.06,0.06
FRA-Ligue 1,2122,Strasbourg,Abdul Majeed Waris,GHA,"MF,FW",29,1991,15,2,327,3.6,2,0,2,2,0,0,1,0,0.55,0.0,0.55,0.55,0.55
FRA-Ligue 1,2122,Strasbourg,Adrien Thomasson,FRA,MF,27,1993,31,27,2389,26.5,8,4,12,8,0,0,2,1,0.3,0.15,0.45,0.3,0.45
FRA-Ligue 1,2122,Strasbourg,Alexander Djiku,GHA,DF,26,1994,31,30,2694,29.9,1,0,1,1,0,0,10,1,0.03,0.0,0.03,0.03,0.03
FRA-Ligue 1,2122,Strasbourg,Anthony Caci,FRA,"DF,MF",24,1997,37,26,2395,26.6,1,3,4,1,0,0,4,0,0.04,0.11,0.15,0.04,0.15
FRA-Ligue 1,2122,Strasbourg,Dimitri Liénard,FRA,"DF,MF",33,1988,33,23,2044,22.7,2,3,5,2,0,0,8,0,0.09,0.13,0.22,0.09,0.22
FRA-Ligue 1,2122,Strasbourg,Eiji Kawashima,JPN,GK,38,1983,1,1,90,1.0,0,0,0,0,0,0,0,0,0.0,0.0,0.0,0.0,0.0
FRA-Ligue 1,2122,Strasbourg,Frederic Guilbert,FRA,"DF,MF",26,1994,33,28,2516,28.0,0,4,4,0,0,0,4,0,0.0,0.14,0.14,0.0,0.14
FRA-Ligue 1,2122,Strasbourg,Gerzino Nyamsi,CMR,DF,24,1997,34,33,2984,33.2,0,2,2,0,0,0,4,0,0.0,0.06,0.06,0.0,0.06
FRA-Ligue 1,2122,Strasbourg,Habib Diallo,SEN,FW,26,1995,31,16,1541,17.1,11,1,12,9,2,2,2,0,0.64,0.06,0.7,0.53,0.58
FRA-Ligue 1,2122,Strasbourg,Habib Diarra,SEN,MF,17,2004,4,1,109,1.2,0,0,0,0,0,0,1,0,0.0,0.0,0.0,0.0,0.0
FRA-Ligue 1,2122,Strasbourg,Ibrahima Sissoko,MLI,"MF,DF",23,1997,35,26,2303,25.6,2,5,7,2,0,0,6,0,0.08,0.2,0.27,0.08,0.27
FRA-Ligue 1,2122,Strasbourg,Ismaël Doukouré,FRA,"DF,MF",18,2003,1,0,17,0.2,0,0,0,0,0,0,0,0,0.0,0.0,0.0,0.0,0.0
FRA-Ligue 1,2122,Strasbourg,Jean-Eudes Aholou,CIV,MF,27,1994,25,11,1004,11.2,1,1,2,1,0,0,2,0,0.09,0.09,0.18,0.09,0.18
FRA-Ligue 1,2122,Strasbourg,Jean-Ricner Bellegarde,HAI,MF,23,1998,36,26,2332,25.9,2,3,5,2,0,0,5,0,0.08,0.12,0.19,0.08,0.19
FRA-Ligue 1,2122,Strasbourg,Karol Fila,POL,"DF,MF",23,1998,16,7,560,6.2,0,0,0,0,0,0,3,0,0.0,0.0,0.0,0.0,0.0
FRA-Ligue 1,2122,Strasbourg,Kévin Gameiro,FRA,FW,34,1987,35,28,2385,26.5,11,3,14,10,1,3,0,0,0.42,0.11,0.53,0.38,0.49
FRA-Ligue 1,2122,Strasbourg,Lebo Mothiba,RSA,FW,25,1996,1,0,1,0.0,0,0,0,0,0,0,0,0,0.0,0.0,0.0,0.0,0.0
FRA-Ligue 1,2122,Strasbourg,Lucas Perrin,FRA,DF,22,1998,31,29,2502,27.8,1,1,2,1,0,0,5,0,0.04,0.04,0.07,0.04,0.07
FRA-Ligue 1,2122,Strasbourg,Ludovic Ajorque,FRA,FW,27,1994,36,31,2738,30.4,12,8,20,9,3,3,5,1,0.39,0.26,0.66,0.3,0.56
FRA-Ligue 1,2122,Strasbourg,Mahame Siby,MLI,MF,25,1996,2,0,17,0.2,0,0,0,0,0,0,0,0,0.0,0.0,0.0,0.0,0.0
FRA-Ligue 1,2122,Strasbourg,Matz Sels,BEL,GK,29,1992,37,37,3330,37.0,0,0,0,0,0,0,1,0,0.0,0.0,0.0,0.0,0.0
FRA-Ligue 1,2122,Strasbourg,Maxime Le Marchand,FRA,DF,31,1989,12,9,860,9.6,1,1,2,1,0,0,4,0,0.1,0.1,0.21,0.1,0.21
FRA-Ligue 1,2122,Strasbourg,Mehdi Chahiri,MAR,MF,25,1996,1,0,16,0.2,0,0,0,0,0,0,0,0,0.0,0.0,0.0,0.0,0.0
FRA-Ligue 1,2122,Strasbourg,Moïse Sahi Dion,CIV,FW,19,2001,8,0,128,1.4,0,0,0,0,0,0,0,0,0.0,0.0,0.0,0.0,0.0
FRA-Ligue 1,2122,Strasbourg,Nordine Kandil,FRA,MF,19,2001,5,0,90,1.0,0,1,1,0,0,0,1,0,0.0,1.0,1.0,0.0,1.0
FRA-Ligue 1,2122,Strasbourg,Sanjin Prcić,BIH,MF,27,1993,32,27,2186,24.3,1,0,1,1,0,0,4,0,0.04,0.0,0.04,0.04,0.04
FRA-Ligue 1,2122,Troyes,Abdu Conté,POR,"DF,MF",23,1998,17,17,1347,15.0,0,1,1,0,0,0,2,0,0.0,0.07,0.07,0.0,0.07
FRA-Ligue 1,2122,Troyes,Adil Rami,FRA,DF,35,1985,17,14,1171,13.0,3,0,3,3,0,0,1,0,0.23,0.0,0.23,0.23,0.23
FRA-Ligue 1,2122,Troyes,Brandon Domingues,FRA,MF,21,2000,11,1,231,2.6,1,0,1,1,0,0,0,0,0.39,0.0,0.39,0.39,0.39
FRA-Ligue 1,2122,Troyes,Derek Mazou-Sacko,FRA,MF,16,2004,2,0,3,0.0,0,0,0,0,0,0,0,0,0.0,0.0,0.0,0.0,0.0
FRA-Ligue 1,2122,Troyes,Dylan Chambost,FRA,MF,23,1997,19,9,753,8.4,0,1,1,0,0,0,0,0,0.0,0.12,0.12,0.0,0.12
FRA-Ligue 1,2122,Troyes,Eric N'Jo,FRA,DF,17,2004,2,0,98,1.1,0,0,0,0,0,0,0,0,0.0,0.0,0.0,0.0,0.0
FRA-Ligue 1,2122,Troyes,Erik Palmer-Brown,USA,DF,24,1997,21,19,1734,19.3,0,0,0,0,0,0,2,0,0.0,0.0,0.0,0.0,0.0
FRA-Ligue 1,2122,Troyes,Florian Tardieu,FRA,MF,29,1992,30,29,2632,29.2,4,2,6,0,4,4,6,0,0.14,0.07,0.21,0.0,0.07
FRA-Ligue 1,2122,Troyes,Gauthier Gallon,FRA,GK,28,1993,31,31,2790,31.0,0,0,0,0,0,0,2,0,0.0,0.0,0.0,0.0,0.0
FRA-Ligue 1,2122,Troyes,Gerson Rodrigues,LUX,"FW,MF",26,1995,12,9,848,9.4,1,1,2,1,0,0,6,0,0.11,0.11,0.21,0.11,0.21
FRA-Ligue 1,2122,Troyes,Giulian Biancone,FRA,"DF,MF",21,2000,33,26,2292,25.5,1,2,3,1,0,0,10,0,0.04,0.08,0.12,0.04,0.12
FRA-Ligue 1,2122,Troyes,Ike Ugbo,CAN,FW,22,1998,14,11,814,9.0,5,0,5,4,1,1,0,0,0.55,0.0,0.55,0.44,0.44
FRA-Ligue 1,2122,Troyes,Issa Kaboré,BFA,"DF,MF",20,2001,31,26,2254,25.0,0,1,1,0,0,0,8,2,0.0,0.04,0.04,0.0,0.04
FRA-Ligue 1,2122,Troyes,Jessy Moulin,FRA,GK,35,1986,7,7,630,7.0,0,0,0,0,0,0,3,1,0.0,0.0,0.0,0.0,0.0
FRA-Ligue 1,2122,Troyes,Jimmy Giraudon,FRA,DF,29,1992,19,18,1619,18.0,0,0,0,0,0,0,5,1,0.0,0.0,0.0,0.0,0.0
FRA-Ligue 1,2122,Troyes,Karim Azamoum,FRA,DF,31,1990,7,4,388,4.3,0,0,0,0,0,0,2,0,0.0,0.0,0.0,0.0,0.0
FRA-Ligue 1,2122,Troyes,Lebo Mothiba,RSA,"MF,FW",25,1996,13,5,522,5.8,2,0,2,1,1,1,1,0,0.34,0.0,0.34,0.17,0.17
FRA-Ligue 1,2122,Troyes,Levi Lumeka,ENG,MF,22,1998,5,0,67,0.7,0,0,0,0,0,0,0,0,0.0,0.0,0.0,0.0,0.0
FRA-Ligue 1,2122,Troyes,Mama Samba Baldé,GNB,"MF,FW",25,1995,30,20,1717,19.1,3,2,5,3,0,1,1,1,0.16,0.1,0.26,0.16,0.26
FRA-Ligue 1,2122,Troyes,Mamadou Camara,MLI,"FW,MF",20,2001,3,0,40,0.4,0,0,0,0,0,0,0,0,0.0,0.0,0.0,0.0,0.0
FRA-Ligue 1,2122,Troyes,Mykola Kukharevych,UKR,FW,20,2001,2,0,15,0.2,0,0,0,0,0,0,0,0,0.0,0.0,0.0,0.0,0.0
FRA-Ligue 1,2122,Troyes,Nassim Chadli,FRA,MF,20,2001,8,1,96,1.1,0,0,0,0,0,0,1,0,0.0,0.0,0.0,0.0,0.0
FRA-Ligue 1,2122,Troyes,Oualid El Hajjam,MAR,DF,30,1991,19,12,1072,11.9,1,1,2,1,0,0,2,0,0.08,0.08,0.17,0.08,0.17
FRA-Ligue 1,2122,Troyes,Patrick Roberts,ENG,"FW,MF",24,1997,1,0,14,0.2,0,0,0,0,0,0,0,0,0.0,0.0,0.0,0.0,0.0
FRA-Ligue 1,2122,Troyes,Philippe Sandler,NED,DF,24,1997,2,1,70,0.8,0,0,0,0,0,0,0,0,0.0,0.0,0.0,0.0,0.0
FRA-Ligue 1,2122,Troyes,Renaud Ripart,FRA,"MF,FW",28,1993,28,22,1893,21.0,2,2,4,2,0,0,2,0,0.1,0.1,0.19,0.1,0.19
FRA-Ligue 1,2122,Troyes,Rominigue Kouamé,MLI,MF,24,1996,34,34,2968,33.0,1,2,3,1,0,0,5,0,0.03,0.06,0.09,0.03,0.09
FRA-Ligue 1,2122,Troyes,Suk Hyun-jun,KOR,FW,30,1991,9,0,153,1.7,0,0,0,0,0,0,0,0,0.0,0.0,0.0,0.0,0.0
FRA-Ligue 1,2122,Troyes,Tanguy Zoukrou,FRA,DF,18,2003,4,0,77,0.9,0,0,0,0,0,0,1,0,0.0,0.0,0.0,0.0,0.0
FRA-Ligue 1,2122,Troyes,Tristan Dingomé,CMR,"MF,FW",30,1991,25,12,1077,12.0,2,4,6,2,0,0,3,0,0.17,0.33,0.5,0.17,0.5
FRA-Ligue 1,2122,Troyes,Xavier Chavalerin,FRA,MF,30,1991,34,31,2717,30.2,5,2,7,5,0,0,4,0,0.17,0.07,0.23,0.17,0.23
FRA-Ligue 1,2122,Troyes,Yasser Larouci,ALG,DF,20,2001,12,2,341,3.8,0,0,0,0,0,0,1,0,0.0,0.0,0.0,0.0,0.0
FRA-Ligue 1,2122,Troyes,Yoann Salmier,GUF,DF,28,1992,31,30,2668,29.6,0,1,1,0,0,0,5,0,0.0,0.03,0.03,0.0,0.03
FRA-Ligue 1,2122,Troyes,Yoann Touzghar,TUN,FW,34,1986,28,16,1457,16.2,4,0,4,4,0,0,0,0,0.25,0.0,0.25,0.25,0.25
FRA-Ligue 1,2122,Troyes,Youssouf Koné,MLI,"DF,MF",26,1995,21,11,980,10.9,0,1,1,0,0,0,2,1,0.0,0.09,0.09,0.0,0.09
ITA-Serie A,2122,Atalanta,Alassane Sidibe,CIV,MF,19,2002,1,0,6,0.1,0,0,0,0,0,0,0,0,0.0,0.0,0.0,0.0,0.0
ITA-Serie A,2122,Atalanta,Aleksei Miranchuk,RUS,"MF,FW",25,1995,19,7,772,8.6,2,5,7,2,0,0,0,0,0.23,0.58,0.82,0.23,0.82
ITA-Serie A,2122,Atalanta,Berat Djimsiti,ALB,DF,28,1993,31,25,2256,25.1,1,1,2,1,0,0,6,0,0.04,0.04,0.08,0.04,0.08
ITA-Serie A,2122,Atalanta,Davide Zappacosta,ITA,"MF,DF",29,1992,34,29,2345,26.1,1,5,6,1,0,0,6,0,0.04,0.19,0.23,0.04,0.23
ITA-Serie A,2122,Atalanta,Duván Zapata,COL,FW,30,1991,24,20,1722,19.1,10,4,14,7,3,3,3,0,0.52,0.21,0.73,0.37,0.57
ITA-Serie A,2122,Atalanta,Francesco Rossi,ITA,GK,30,1991,1,0,37,0.4,0,0,0,0,0,0,0,0,0.0,0.0,0.0,0.0,0.0
ITA-Serie A,2122,Atalanta,Giorgio Cittadini,ITA,DF,19,2002,2,0,4,0.0,0,0,0,0,0,0,0,0,0.0,0.0,0.0,0.0,0.0
ITA-Serie A,2122,Atalanta,Giorgio Scalvini,ITA,"DF,MF",17,2003,18,9,763,8.5,1,0,1,1,0,0,1,0,0.12,0.0,0.12,0.12,0.12
ITA-Serie A,2122,Atalanta,Giuseppe Pezzella,ITA,"MF,DF",23,1997,21,10,1072,11.9,0,2,2,0,0,0,3,0,0.0,0.17,0.17,0.0,0.17
ITA-Serie A,2122,Atalanta,Hans Hateboer,NED,"MF,DF",27,1994,21,16,1386,15.4,0,0,0,0,0,0,2,0,0.0,0.0,0.0,0.0,0.0
ITA-Serie A,2122,Atalanta,Jeremie Boga,CIV,"MF,FW",24,1997,15,7,764,8.5,0,0,0,0,0,0,0,0,0.0,0.0,0.0,0.0,0.0
ITA-Serie A,2122,Atalanta,Joakim Mæhle,DEN,MF,24,1997,26,15,1471,16.3,1,1,2,1,0,0,2,0,0.06,0.06,0.12,0.06,0.12
ITA-Serie A,2122,Atalanta,Josip Iličić,SVN,"MF,FW",33,1988,20,8,841,9.3,3,3,6,3,0,1,1,0,0.32,0.32,0.64,0.32,0.64
ITA-Serie A,2122,Atalanta,José Luis Palomino,ARG,DF,31,1990,34,30,2672,29.7,1,0,1,1,0,0,9,0,0.03,0.0,0.03,0.03,0.03
ITA-Serie A,2122,Atalanta,Juan Musso,ARG,GK,27,1994,33,33,2932,32.6,0,0,0,0,0,0,1,1,0.0,0.0,0.0,0.0,0.0
ITA-Serie A,2122,Atalanta,Luis Muriel,COL,"FW,MF",30,1991,27,17,1539,17.1,9,8,17,7,2,2,1,0,0.53,0.47,0.99,0.41,0.88
ITA-Serie A,2122,Atalanta,Marco Sportiello,ITA,GK,29,1992,5,5,450,5.0,0,0,0,0,0,0,1,0,0.0,0.0,0.0,0.0,0.0
ITA-Serie A,2122,Atalanta,Mario Pašalić,CRO,"MF,FW",26,1995,37,24,2002,22.2,13,6,19,13,0,0,3,0,0.58,0.27,0.85,0.58,0.85
ITA-Serie A,2122,Atalanta,Marten de Roon,NED,"MF,DF",30,1991,30,28,2548,28.3,3,0,3,3,0,0,7,1,0.11,0.0,0.11,0.11,0.11
ITA-Serie A,2122,Atalanta,Matteo Lovato,ITA,DF,21,2000,6,3,305,3.4,0,0,0,0,0,0,1,0,0.0,0.0,0.0,0.0,0.0
ITA-Serie A,2122,Atalanta,Matteo Pessina,ITA,"MF,FW",24,1997,27,18,1438,16.0,1,1,2,1,0,0,0,0,0.06,0.06,0.13,0.06,0.13
ITA-Serie A,2122,Atalanta,Merih Demiral,TUR,DF,23,1998,28,22,1917,21.3,1,2,3,1,0,0,8,0,0.05,0.09,0.14,0.05,0.14
ITA-Serie A,2122,Atalanta,Moustapha Cissé,GUI,FW,17,2003,3,0,38,0.4,1,0,1,1,0,0,0,0,2.37,0.0,2.37,2.37,2.37
ITA-Serie A,2122,Atalanta,Rafael Tolói,ITA,DF,30,1990,20,16,1438,16.0,1,1,2,1,0,0,6,0,0.06,0.06,0.13,0.06,0.13
ITA-Serie A,2122,Atalanta,Remo Freuler,SUI,MF,29,1992,29,28,2369,26.3,1,3,4,1,0,0,10,0,0.04,0.11,0.15,0.04,0.15
ITA-Serie A,2122,Atalanta,Roberto Piccoli,ITA,FW,20,2001,12,1,196,2.2,1,0,1,1,0,0,0,0,0.46,0.0,0.46,0.46,0.46
ITA-Serie A,2122,Atalanta,Robin Gosens,GER,MF,27,1994,6,5,460,5.1,1,0,1,1,0,0,2,0,0.2,0.0,0.2,0.2,0.2
ITA-Serie A,2122,Atalanta,Ruslan Malinovskyi,UKR,"MF,FW",28,1993,30,19,1592,17.7,6,5,11,6,0,0,10,0,0.34,0.28,0.62,0.34,0.62
ITA-Serie A,2122,Atalanta,Sam Lammers,NED,FW,24,1997,2,0,38,0.4,0,0,0,0,0,0,0,0,0.0,0.0,0.0,0.0,0.0
ITA-Serie A,2122,Atalanta,Teun Koopmeiners,NED,MF,23,1998,30,23,2126,23.6,4,1,5,4,0,0,4,0,0.17,0.04,0.21,0.17,0.21
ITA-Serie A,2122,Atalanta,Tommaso De Nipoti,ITA,FW,18,2003,1,0,6,0.1,0,0,0,0,0,0,0,0,0.0,0.0,0.0,0.0,0.0
ITA-Serie A,2122,Atalanta,Valentin Mihaila,ROU,"FW,MF",21,2000,5,0,76,0.8,0,0,0,0,0,0,0,0,0.0,0.0,0.0,0.0,0.0
ITA-Serie A,2122,Bologna,Aaron Hickey,SCO,"MF,DF",19,2002,36,34,2820,31.3,5,1,6,5,0,0,7,0,0.16,0.03,0.19,0.16,0.19
ITA-Serie A,2122,Bologna,Adama Soumaoro,FRA,DF,29,1992,28,26,2266,25.2,0,0,0,0,0,0,6,2,0.0,0.0,0.0,0.0,0.0
ITA-Serie A,2122,Bologna,Andreas Skov Olsen,DEN,MF,21,1999,18,6,747,8.3,0,2,2,0,0,0,0,0,0.0,0.24,0.24,0.0,0.24
ITA-Serie A,2122,Bologna,Antonio Raimondo,ITA,FW,17,2004,1,1,74,0.8,0,0,0,0,0,0,0,0,0.0,0.0,0.0,0.0,0.0
ITA-Serie A,2122,Bologna,Arthur Theate,BEL,DF,21,2000,31,28,2424,26.9,2,1,3,2,0,0,6,0,0.07,0.04,0.11,0.07,0.11
ITA-Serie A,2122,Bologna,Denso Kasius,NED,MF,18,2002,7,1,180,2.0,0,0,0,0,0,0,0,0,0.0,0.0,0.0,0.0,0.0
ITA-Serie A,2122,Bologna,Diego Falcinelli,ITA,"FW,MF",30,1991,6,0,66,0.7,0,0,0,0,0,0,0,0,0.0,0.0,0.0,0.0,0.0
ITA-Serie A,2122,Bologna,Ebenezer Annan,GHA,DF,18,2002,1,0,25,0.3,0,0,0,0,0,0,0,0,0.0,0.0,0.0,0.0,0.0
ITA-Serie A,2122,Bologna,Emanuel Vignato,ITA,MF,20,2000,24,3,594,6.6,0,1,1,0,0,0,2,0,0.0,0.15,0.15,0.0,0.15
ITA-Serie A,2122,Bologna,Federico Santander,PAR,FW,30,1991,7,0,67,0.7,1,0,1,1,0,0,1,0,1.34,0.0,1.34,1.34,1.34
ITA-Serie A,2122,Bologna,Francesco Bardi,ITA,GK,29,1992,2,2,177,2.0,0,0,0,0,0,0,0,0,0.0,0.0,0.0,0.0,0.0
ITA-Serie A,2122,Bologna,Gary Medel,CHI,DF,33,1987,33,32,2823,31.4,0,1,1,0,0,0,10,1,0.0,0.03,0.03,0.0,0.03
ITA-Serie A,2122,Bologna,Ibrahima Mbaye,SEN,MF,26,1994,6,1,108,1.2,0,0,0,0,0,0,0,0,0.0,0.0,0.0,0.0,0.0
ITA-Serie A,2122,Bologna,Jerdy Schouten,NED,MF,24,1997,17,16,1392,15.5,1,1,2,1,0,0,4,1,0.06,0.06,0.13,0.06,0.13
ITA-Serie A,2122,Bologna,Kacper Urbanski,POL,MF,16,2004,1,0,45,0.5,0,0,0,0,0,0,0,0,0.0,0.0,0.0,0.0,0.0
ITA-Serie A,2122,Bologna,Kevin Bonifazi,ITA,DF,25,1996,22,14,1210,13.4,0,0,0,0,0,0,4,1,0.0,0.0,0.0,0.0,0.0
ITA-Serie A,2122,Bologna,Kingsley Michael,NGA,MF,21,1999,2,1,76,0.8,0,0,0,0,0,0,0,0,0.0,0.0,0.0,0.0,0.0
ITA-Serie A,2122,Bologna,Lorenzo De Silvestri,ITA,"MF,DF",33,1988,31,27,2294,25.5,3,2,5,3,0,0,7,0,0.12,0.08,0.2,0.12,0.2
ITA-Serie A,2122,Bologna,Luis Binks,SCO,DF,19,2001,15,7,646,7.2,0,0,0,0,0,0,3,0,0.0,0.0,0.0,0.0,0.0
ITA-Serie A,2122,Bologna,Marko Arnautović,AUT,FW,32,1989,33,32,2694,29.9,14,1,15,12,2,3,6,0,0.47,0.03,0.5,0.4,0.43
ITA-Serie A,2122,Bologna,Mattias Svanberg,SWE,MF,22,1999,36,31,2564,28.5,3,3,6,3,0,0,7,0,0.11,0.11,0.21,0.11,0.21
ITA-Serie A,2122,Bologna,Michel Aebischer,SUI,MF,24,1997,12,4,443,4.9,0,0,0,0,0,0,1,0,0.0,0.0,0.0,0.0,0.0
ITA-Serie A,2122,Bologna,Mitchell Dijks,NED,"MF,DF",28,1993,16,7,694,7.7,0,2,2,0,0,0,2,0,0.0,0.26,0.26,0.0,0.26
ITA-Serie A,2122,Bologna,Musa Barrow,GAM,"MF,FW",22,1998,34,25,2134,23.7,6,6,12,6,0,0,0,0,0.25,0.25,0.51,0.25,0.51
ITA-Serie A,2122,Bologna,Nicola Bagnolini,ITA,GK,17,2004,1,0,3,0.0,0,0,0,0,0,0,0,0,0.0,0.0,0.0,0.0,0.0
ITA-Serie A,2122,Bologna,Nicola Sansone,ITA,"FW,MF",29,1991,27,6,896,10.0,2,3,5,2,0,0,6,0,0.2,0.3,0.5,0.2,0.5
ITA-Serie A,2122,Bologna,Nicolas Viola,ITA,MF,31,1989,6,1,102,1.1,0,0,0,0,0,0,0,0,0.0,0.0,0.0,0.0,0.0
ITA-Serie A,2122,Bologna,Nicolás Domínguez,ARG,MF,23,1998,28,23,2015,22.4,0,3,3,0,0,0,8,0,0.0,0.13,0.13,0.0,0.13
ITA-Serie A,2122,Bologna,Niklas Pyyhtiä,FIN,MF,17,2003,1,0,19,0.2,0,0,0,0,0,0,0,0,0.0,0.0,0.0,0.0,0.0
ITA-Serie A,2122,Bologna,Riccardo Orsolini,ITA,"FW,MF",24,1997,29,21,1785,19.8,6,3,9,4,2,2,2,0,0.3,0.15,0.45,0.2,0.35
ITA-Serie A,2122,Bologna,Riccardo Stivanello,ITA,DF,17,2004,1,0,45,0.5,0,0,0,0,0,0,0,0,0.0,0.0,0.0,0.0,0.0
ITA-Serie A,2122,Bologna,Roberto Soriano,ITA,MF,30,1991,35,32,2622,29.1,0,4,4,0,0,0,6,2,0.0,0.14,0.14,0.0,0.14
ITA-Serie A,2122,Bologna,Sydney van Hooijdonk,NED,FW,21,2000,4,0,38,0.4,0,0,0,0,0,0,0,0,0.0,0.0,0.0,0.0,0.0
ITA-Serie A,2122,Bologna,Takehiro Tomiyasu,JPN,DF,22,1998,1,0,10,0.1,0,0,0,0,0,0,0,0,0.0,0.0,0.0,0.0,0.0
ITA-Serie A,2122,Bologna,Wisdom Amey,ITA,DF,15,2005,1,1,71,0.8,0,0,0,0,0,0,0,0,0.0,0.0,0.0,0.0,0.0
ITA-Serie A,2122,Bologna,Łukasz Skorupski,POL,GK,30,1991,36,36,3240,36.0,0,0,0,0,0,0,4,0,0.0,0.0,0.0,0.0,0.0
ITA-Serie A,2122,Cagliari,Adam Obert,SVK,DF,18,2002,6,3,274,3.0,0,0,0,0,0,0,0,0,0.0,0.0,0.0,0.0,0.0
ITA-Serie A,2122,Cagliari,Alberto Grassi,ITA,MF,26,1995,30,26,2174,24.2,0,1,1,0,0,0,6,1,0.0,0.04,0.04,0.0,0.04
ITA-Serie A,2122,Cagliari,Alessandro Deiola,ITA,MF,25,1995,33,28,2129,23.7,4,1,5,4,0,0,5,0,0.17,0.04,0.21,0.17,0.21
ITA-Serie A,2122,Cagliari,Alessio Cragno,ITA,GK,27,1994,35,35,3150,35.0,0,0,0,0,0,0,3,0,0.0,0.0,0.0,0.0,0.0
ITA-Serie A,2122,Cagliari,Andrea Carboni,ITA,DF,20,2001,30,25,2215,24.6,0,0,0,0,0,0,6,0,0.0,0.0,0.0,0.0,0.0
ITA-Serie A,2122,Cagliari,Babis Lykogiannis,GRE,"MF,DF",27,1993,28,21,1817,20.2,1,0,1,1,0,0,2,0,0.05,0.0,0.05,0.05,0.05
ITA-Serie A,2122,Cagliari,Boris Radunović,SRB,GK,25,1996,3,3,270,3.0,0,0,0,0,0,0,0,1,0.0,0.0,0.0,0.0,0.0
ITA-Serie A,2122,Cagliari,Christian Oliva,URU,MF,25,1996,4,0,48,0.5,0,0,0,0,0,0,0,0,0.0,0.0,0.0,0.0,0.0
ITA-Serie A,2122,Cagliari,Christos Kourfalidis,GRE,MF,18,2002,2,0,18,0.2,0,0,0,0,0,0,0,0,0.0,0.0,0.0,0.0,0.0
ITA-Serie A,2122,Cagliari,Dalbert Henrique,BRA,MF,27,1993,28,27,2081,23.1,0,2,2,0,0,0,9,0,0.0,0.09,0.09,0.0,0.09
ITA-Serie A,2122,Cagliari,Damir Ceter,COL,FW,23,1997,1,0,6,0.1,0,0,0,0,0,0,0,0,0.0,0.0,0.0,0.0,0.0
ITA-Serie A,2122,Cagliari,Daniele Baselli,ITA,MF,29,1992,9,2,290,3.2,0,1,1,0,0,0,1,0,0.0,0.31,0.31,0.0,0.31
ITA-Serie A,2122,Cagliari,Diego Farias,BRA,FW,31,1990,4,0,66,0.7,0,0,0,0,0,0,0,0,0.0,0.0,0.0,0.0,0.0
ITA-Serie A,2122,Cagliari,Diego Godín,URU,DF,35,1986,11,9,818,9.1,0,1,1,0,0,0,3,0,0.0,0.11,0.11,0.0,0.11
ITA-Serie A,2122,Cagliari,Edoardo Goldaniga,ITA,DF,27,1993,11,11,934,10.4,0,0,0,0,0,0,3,0,0.0,0.0,0.0,0.0,0.0
ITA-Serie A,2122,Cagliari,Gabriele Zappa,ITA,"MF,DF",21,1999,25,11,1144,12.7,0,0,0,0,0,0,4,1,0.0,0.0,0.0,0.0,0.0
ITA-Serie A,2122,Cagliari,Gastón Pereiro,URU,"FW,MF",26,1995,29,9,975,10.8,4,2,6,4,0,0,1,0,0.37,0.18,0.55,0.37,0.55
ITA-Serie A,2122,Cagliari,Giorgio Altare,ITA,DF,22,1998,19,17,1466,16.3,1,0,1,1,0,0,5,0,0.06,0.0,0.06,0.06,0.06
ITA-Serie A,2122,Cagliari,Giovanni Simeone,ARG,FW,26,1995,1,0,7,0.1,0,0,0,0,0,0,0,0,0.0,0.0,0.0,0.0,0.0
ITA-Serie A,2122,Cagliari,João Pedro,ITA,FW,29,1992,37,37,3323,36.9,13,4,17,10,3,4,9,0,0.35,0.11,0.46,0.27,0.38
ITA-Serie A,2122,Cagliari,Keita Baldé,SEN,FW,26,1995,26,14,1229,13.7,3,1,4,3,0,0,2,0,0.22,0.07,0.29,0.22,0.29
ITA-Serie A,2122,Cagliari,Kevin Strootman,NED,MF,31,1990,10,7,640,7.1,0,0,0,0,0,0,4,0,0.0,0.0,0.0,0.0,0.0
ITA-Serie A,2122,Cagliari,Leonardo Pavoletti,ITA,FW,32,1988,33,14,1518,16.9,5,1,6,5,0,0,9,0,0.3,0.06,0.36,0.3,0.36
ITA-Serie A,2122,Cagliari,Luca Ceppitelli,ITA,DF,31,1989,24,16,1445,16.1,1,1,2,1,0,0,3,0,0.06,0.06,0.12,0.06,0.12
ITA-Serie A,2122,Cagliari,Luca Gagliano,ITA,FW,21,2000,2,0,13,0.1,0,0,0,0,0,0,0,0,0.0,0.0,0.0,0.0,0.0
ITA-Serie A,2122,Cagliari,Marko Rog,CRO,MF,26,1995,8,2,311,3.5,0,1,1,0,0,0,0,0,0.0,0.29,0.29,0.0,0.29
ITA-Serie A,2122,Cagliari,Martín Cáceres,URU,"DF,MF",34,1987,14,9,832,9.2,1,1,2,1,0,0,3,1,0.11,0.11,0.22,0.11,0.22
ITA-Serie A,2122,Cagliari,Matteo Lovato,ITA,DF,21,2000,16,14,1238,13.8,0,0,0,0,0,0,4,0,0.0,0.0,0.0,0.0,0.0
ITA-Serie A,2122,Cagliari,Nahitan Nández,URU,MF,25,1995,21,16,1523,16.9,0,2,2,0,0,0,4,0,0.0,0.12,0.12,0.0,0.12
ITA-Serie A,2122,Cagliari,Paolo Faragò,ITA,"DF,MF",28,1993,1,0,16,0.2,0,0,0,0,0,0,0,0,0.0,0.0,0.0,0.0,0.0
ITA-Serie A,2122,Cagliari,Raoul Bellanova,ITA,MF,21,2000,31,27,2496,27.7,1,2,3,1,0,0,3,0,0.04,0.07,0.11,0.04,0.11
ITA-Serie A,2122,Cagliari,Răzvan Marin,ROU,MF,25,1996,36,31,2816,31.3,0,5,5,0,0,0,6,1,0.0,0.16,0.16,0.0,0.16
ITA-Serie A,2122,Cagliari,Sebastian Walukiewicz,POL,DF,21,2000,7,4,302,3.4,0,0,0,0,0,0,1,0,0.0,0.0,0.0,0.0,0.0
ITA-Serie A,2122,Empoli,Andrea La Mantia,ITA,FW,30,1991,18,3,488,5.4,2,0,2,2,0,0,0,0,0.37,0.0,0.37,0.37,0.37
ITA-Serie A,2122,Empoli,Andrea Pinamonti,ITA,FW,22,1999,36,32,2869,31.9,13,2,15,9,4,4,4,0,0.41,0.06,0.47,0.28,0.35
ITA-Serie A,2122,Empoli,Ardian Ismajli,ALB,DF,24,1996,20,13,1272,14.1,0,0,0,0,0,0,7,0,0.0,0.0,0.0,0.0,0.0
ITA-Serie A,2122,Empoli,Fabiano Parisi,ITA,DF,20,2000,25,16,1477,16.4,0,1,1,0,0,0,5,0,0.0,0.06,0.06,0.0,0.06
ITA-Serie A,2122,Empoli,Federico Di Francesco,ITA,"FW,MF",27,1994,26,17,1367,15.2,5,0,5,5,0,0,2,0,0.33,0.0,0.33,0.33,0.33
ITA-Serie A,2122,Empoli,Filippo Bandinelli,ITA,MF,26,1995,35,24,1955,21.7,2,3,5,2,0,0,10,0,0.09,0.14,0.23,0.09,0.23
ITA-Serie A,2122,Empoli,Giovanni Crociata,ITA,MF,23,1997,1,0,15,0.2,0,0,0,0,0,0,0,0,0.0,0.0,0.0,0.0,0.0
ITA-Serie A,2122,Empoli,Guglielmo Vicario,ITA,GK,24,1996,38,38,3420,38.0,0,0,0,0,0,0,1,0,0.0,0.0,0.0,0.0,0.0
ITA-Serie A,2122,Empoli,Kristjan Asllani,ALB,MF,19,2002,23,14,1353,15.0,1,1,2,1,0,0,2,0,0.07,0.07,0.13,0.07,0.13
ITA-Serie A,2122,Empoli,Leo Štulac,SVN,MF,26,1994,23,8,833,9.3,2,2,4,2,0,0,1,0,0.22,0.22,0.43,0.22,0.43
ITA-Serie A,2122,Empoli,Leonardo Mancuso,ITA,FW,29,1992,8,5,425,4.7,1,0,1,1,0,0,0,0,0.21,0.0,0.21,0.21,0.21
ITA-Serie A,2122,Empoli,Liam Henderson,SCO,MF,25,1996,38,23,2020,22.4,2,3,5,2,0,0,4,0,0.09,0.13,0.22,0.09,0.22
ITA-Serie A,2122,Empoli,Liberato Cacace,NZL,DF,20,2000,10,5,466,5.2,0,0,0,0,0,0,1,0,0.0,0.0,0.0,0.0,0.0
ITA-Serie A,2122,Empoli,Lorenzo Tonelli,ITA,DF,31,1990,14,8,870,9.7,0,0,0,0,0,0,4,0,0.0,0.0,0.0,0.0,0.0
ITA-Serie A,2122,Empoli,Marco Benassi,ITA,MF,26,1994,12,3,382,4.2,0,0,0,0,0,0,1,0,0.0,0.0,0.0,0.0,0.0
ITA-Serie A,2122,Empoli,Mattia Viti,ITA,DF,19,2002,20,16,1491,16.6,0,0,0,0,0,0,3,1,0.0,0.0,0.0,0.0,0.0
ITA-Serie A,2122,Empoli,Nedim Bajrami,ALB,MF,22,1999,35,23,2054,22.8,6,5,11,3,3,3,3,0,0.26,0.22,0.48,0.13,0.35
ITA-Serie A,2122,Empoli,Nicolas Haas,SUI,MF,25,1996,16,11,1001,11.1,0,2,2,0,0,0,3,0,0.0,0.18,0.18,0.0,0.18
ITA-Serie A,2122,Empoli,Patrick Cutrone,ITA,FW,23,1998,28,15,1401,15.6,3,0,3,3,0,0,1,0,0.19,0.0,0.19,0.19,0.19
ITA-Serie A,2122,Empoli,Petar Stojanović,SVN,DF,25,1995,33,32,2735,30.4,1,1,2,1,0,0,11,1,0.03,0.03,0.07,0.03,0.07
ITA-Serie A,2122,Empoli,Riccardo Fiamozzi,ITA,DF,28,1993,10,7,620,6.9,0,1,1,0,0,0,1,0,0.0,0.15,0.15,0.0,0.15
ITA-Serie A,2122,Empoli,Riccardo Marchizza,ITA,DF,23,1998,19,16,1346,15.0,0,1,1,0,0,0,4,0,0.0,0.07,0.07,0.0,0.07
ITA-Serie A,2122,Empoli,Samuele Ricci,ITA,MF,19,2001,21,17,1530,17.0,1,1,2,1,0,0,1,1,0.06,0.06,0.12,0.06,0.12
ITA-Serie A,2122,Empoli,Sebastiano Luperto,ITA,DF,24,1996,24,22,1958,21.8,0,1,1,0,0,0,8,1,0.0,0.05,0.05,0.0,0.05
ITA-Serie A,2122,Empoli,Simone Romagnoli,ITA,DF,31,1990,19,17,1497,16.6,2,0,2,2,0,0,3,0,0.12,0.0,0.12,0.12,0.12
ITA-Serie A,2122,Empoli,Szymon Żurkowski,POL,MF,23,1997,35,29,2307,25.6,6,2,8,6,0,0,5,0,0.23,0.08,0.31,0.23,0.31
ITA-Serie A,2122,Empoli,Tommaso Baldanzi,ITA,MF,18,2003,1,0,18,0.2,0,0,0,0,0,0,0,0,0.0,0.0,0.0,0.0,0.0
ITA-Serie A,2122,Empoli,Valerio Verre,ITA,MF,27,1994,8,4,310,3.4,0,1,1,0,0,0,2,1,0.0,0.29,0.29,0.0,0.29
ITA-Serie A,2122,Fiorentina,Aleksa Terzić,SRB,DF,21,1999,14,1,274,3.0,0,1,1,0,0,0,1,0,0.0,0.33,0.33,0.0,0.33
ITA-Serie A,2122,Fiorentina,Aleksandr Kokorin,RUS,"FW,MF",30,1991,6,0,55,0.6,0,0,0,0,0,0,1,0,0.0,0.0,0.0,0.0,0.0
ITA-Serie A,2122,Fiorentina,Alfred Duncan,GHA,MF,28,1993,33,21,1931,21.5,2,2,4,2,0,0,3,0,0.09,0.09,0.19,0.09,0.19
ITA-Serie A,2122,Fiorentina,Arthur Cabral,BRA,FW,23,1998,14,8,749,8.3,2,2,4,2,0,0,1,0,0.24,0.24,0.48,0.24,0.48
ITA-Serie A,2122,Fiorentina,Bartłomiej Drągowski,POL,GK,23,1997,7,7,556,6.2,0,0,0,0,0,0,0,1,0.0,0.0,0.0,0.0,0.0
ITA-Serie A,2122,Fiorentina,Cristiano Biraghi,ITA,DF,28,1992,37,37,3153,35.0,4,1,5,3,1,2,5,1,0.11,0.03,0.14,0.09,0.11
ITA-Serie A,2122,Fiorentina,Dušan Vlahović,SRB,FW,21,2000,21,21,1857,20.6,17,2,19,12,5,6,2,0,0.82,0.1,0.92,0.58,0.68
ITA-Serie A,2122,Fiorentina,Erick Pulgar,CHI,MF,27,1994,6,4,341,3.8,0,1,1,0,0,0,2,0,0.0,0.26,0.26,0.0,0.26
ITA-Serie A,2122,Fiorentina,Filippo Distefano,ITA,FW,17,2003,1,0,2,0.0,0,0,0,0,0,0,0,0,0.0,0.0,0.0,0.0,0.0
ITA-Serie A,2122,Fiorentina,Gaetano Castrovilli,ITA,MF,24,1997,23,16,1391,15.5,1,1,2,1,0,0,4,0,0.06,0.06,0.13,0.06,0.13
ITA-Serie A,2122,Fiorentina,Giacomo Bonaventura,ITA,MF,31,1989,31,28,2266,25.2,4,4,8,4,0,0,8,1,0.16,0.16,0.32,0.16,0.32
ITA-Serie A,2122,Fiorentina,Igor,BRA,DF,23,1998,30,23,2242,24.9,0,0,0,0,0,0,3,0,0.0,0.0,0.0,0.0,0.0
ITA-Serie A,2122,Fiorentina,Jonathan Ikone,FRA,FW,23,1998,17,7,649,7.2,1,1,2,1,0,0,1,0,0.14,0.14,0.28,0.14,0.28
ITA-Serie A,2122,Fiorentina,José Callejón,ESP,FW,34,1987,30,16,1298,14.4,1,2,3,1,0,0,0,0,0.07,0.14,0.21,0.07,0.21
ITA-Serie A,2122,Fiorentina,Krzysztof Piątek,POL,FW,26,1995,14,9,733,8.1,3,0,3,3,0,1,0,0,0.37,0.0,0.37,0.37,0.37
ITA-Serie A,2122,Fiorentina,Lorenzo Venuti,ITA,DF,26,1995,23,20,1571,17.5,0,0,0,0,0,0,4,0,0.0,0.0,0.0,0.0,0.0
ITA-Serie A,2122,Fiorentina,Lucas Martínez Quarta,ARG,DF,25,1996,20,16,1431,15.9,1,0,1,1,0,0,8,0,0.06,0.0,0.06,0.06,0.06
ITA-Serie A,2122,Fiorentina,Lucas Torreira,URU,MF,25,1996,31,26,2195,24.4,5,1,6,5,0,0,10,1,0.21,0.04,0.25,0.21,0.25
ITA-Serie A,2122,Fiorentina,Marco Benassi,ITA,DF,26,1994,6,1,158,1.8,0,0,0,0,0,0,1,0,0.0,0.0,0.0,0.0,0.0
ITA-Serie A,2122,Fiorentina,Matija Nastasić,SRB,DF,28,1993,5,2,219,2.4,0,0,0,0,0,0,1,0,0.0,0.0,0.0,0.0,0.0
ITA-Serie A,2122,Fiorentina,Nicolás González,ARG,FW,23,1998,33,26,2357,26.2,7,6,13,4,3,3,4,1,0.27,0.23,0.5,0.15,0.38
ITA-Serie A,2122,Fiorentina,Nikola Milenković,SRB,DF,23,1997,34,34,2926,32.5,1,0,1,1,0,0,10,1,0.03,0.0,0.03,0.03,0.03
ITA-Serie A,2122,Fiorentina,Pietro Terracciano,ITA,GK,31,1990,32,31,2862,31.8,0,0,0,0,0,0,0,0,0.0,0.0,0.0,0.0,0.0
ITA-Serie A,2122,Fiorentina,Riccardo Saponara,ITA,FW,29,1991,29,13,1284,14.3,3,3,6,3,0,0,1,0,0.21,0.21,0.42,0.21,0.42
ITA-Serie A,2122,Fiorentina,Riccardo Sottil,ITA,FW,22,1999,24,14,1239,13.8,3,2,5,3,0,0,4,1,0.22,0.15,0.36,0.22,0.36
ITA-Serie A,2122,Fiorentina,Sofyan Amrabat,MAR,MF,24,1996,23,8,944,10.5,1,0,1,1,0,0,6,0,0.1,0.0,0.1,0.1,0.1
ITA-Serie A,2122,Fiorentina,Youssef Maleh,MAR,MF,22,1998,28,11,1019,11.3,2,2,4,2,0,0,5,0,0.18,0.18,0.35,0.18,0.35
ITA-Serie A,2122,Fiorentina,Álvaro Odriozola,ESP,DF,25,1995,25,18,1733,19.3,1,2,3,1,0,0,4,1,0.05,0.1,0.16,0.05,0.16
ITA-Serie A,2122,Genoa,Abdoulaye Touré,GUI,MF,27,1994,8,6,430,4.8,0,0,0,0,0,0,1,0,0.0,0.0,0.0,0.0,0.0
ITA-Serie A,2122,Genoa,Adrian Šemper,CRO,GK,23,1998,1,1,90,1.0,0,0,0,0,0,0,0,0,0.0,0.0,0.0,0.0,0.0
ITA-Serie A,2122,Genoa,Albert Guðmundsson,ISL,MF,24,1997,12,6,607,6.7,1,0,1,1,0,0,3,0,0.15,0.0,0.15,0.15,0.15
ITA-Serie A,2122,Genoa,Aleksander Buksa,POL,FW,18,2003,4,0,63,0.7,0,0,0,0,0,0,0,0,0.0,0.0,0.0,0.0,0.0
ITA-Serie A,2122,Genoa,Andrea Cambiaso,ITA,"MF,DF",21,2000,26,21,1790,19.9,1,4,5,1,0,0,5,1,0.05,0.2,0.25,0.05,0.25
ITA-Serie A,2122,Genoa,Andrea Favilli,ITA,FW,24,1997,1,0,36,0.4,0,0,0,0,0,0,0,0,0.0,0.0,0.0,0.0,0.0
ITA-Serie A,2122,Genoa,Andrea Masiello,ITA,DF,35,1986,7,6,515,5.7,0,0,0,0,0,0,3,0,0.0,0.0,0.0,0.0,0.0
ITA-Serie A,2122,Genoa,Caleb Ekuban,GHA,"FW,MF",27,1994,30,18,1716,19.1,1,2,3,1,0,0,2,0,0.05,0.1,0.16,0.05,0.16
ITA-Serie A,2122,Genoa,Davide Biraschi,ITA,DF,27,1994,14,11,930,10.3,0,0,0,0,0,0,4,0,0.0,0.0,0.0,0.0,0.0
ITA-Serie A,2122,Genoa,Domenico Criscito,ITA,DF,34,1986,20,18,1618,18.0,6,1,7,0,6,7,4,0,0.33,0.06,0.39,0.0,0.06
ITA-Serie A,2122,Genoa,Felipe Caicedo,ECU,FW,32,1988,9,1,284,3.2,1,2,3,1,0,0,1,0,0.32,0.63,0.95,0.32,0.95
ITA-Serie A,2122,Genoa,Filippo Melegoni,ITA,MF,22,1999,25,10,980,10.9,1,0,1,1,0,0,1,0,0.09,0.0,0.09,0.09,0.09
ITA-Serie A,2122,Genoa,Flavio Junior Bianchi,ITA,FW,21,2000,7,4,314,3.5,1,0,1,1,0,0,0,0,0.29,0.0,0.29,0.29,0.29
ITA-Serie A,2122,Genoa,Francesco Cassata,ITA,MF,24,1997,1,0,7,0.1,0,0,0,0,0,0,0,0,0.0,0.0,0.0,0.0,0.0
ITA-Serie A,2122,Genoa,Goran Pandev,MKD,FW,38,1983,20,7,843,9.4,0,1,1,0,0,0,1,0,0.0,0.11,0.11,0.0,0.11
ITA-Serie A,2122,Genoa,Hernani,BRA,"MF,FW",27,1994,18,7,682,7.6,0,0,0,0,0,0,0,0,0.0,0.0,0.0,0.0,0.0
ITA-Serie A,2122,Genoa,Johan Vásquez,MEX,DF,22,1998,28,27,2279,25.3,1,0,1,1,0,0,7,0,0.04,0.0,0.04,0.04,0.04
ITA-Serie A,2122,Genoa,Kelvin Yeboah,ITA,"FW,MF",21,2000,17,9,850,9.4,0,1,1,0,0,0,2,0,0.0,0.11,0.11,0.0,0.11
ITA-Serie A,2122,Genoa,Laurens Serpe,ITA,DF,20,2001,1,0,45,0.5,0,0,0,0,0,0,0,0,0.0,0.0,0.0,0.0,0.0
ITA-Serie A,2122,Genoa,Leo Østigård,NOR,DF,21,1999,15,13,1172,13.0,0,0,0,0,0,0,4,2,0.0,0.0,0.0,0.0,0.0
ITA-Serie A,2122,Genoa,Manolo Portanova,ITA,MF,21,2000,24,17,1322,14.7,1,0,1,1,0,0,4,0,0.07,0.0,0.07,0.07,0.07
ITA-Serie A,2122,Genoa,Mattia Bani,ITA,DF,27,1993,17,13,1211,13.5,0,0,0,0,0,0,1,0,0.0,0.0,0.0,0.0,0.0
ITA-Serie A,2122,Genoa,Mattia Destro,ITA,FW,30,1991,27,21,1744,19.4,9,1,10,9,0,0,4,0,0.46,0.05,0.52,0.46,0.52
ITA-Serie A,2122,Genoa,Milan Badelj,CRO,MF,32,1989,34,34,2844,31.6,1,0,1,1,0,0,4,0,0.03,0.0,0.03,0.03,0.03
ITA-Serie A,2122,Genoa,Mohamed Fares,ALG,"MF,DF",25,1996,9,6,587,6.5,2,1,3,2,0,0,2,0,0.31,0.15,0.46,0.31,0.46
ITA-Serie A,2122,Genoa,Morten Frendrup,DEN,"DF,MF",20,2001,10,6,695,7.7,0,0,0,0,0,0,1,0,0.0,0.0,0.0,0.0,0.0
ITA-Serie A,2122,Genoa,Nadiem Amiri,GER,MF,24,1996,13,9,683,7.6,0,1,1,0,0,0,0,0,0.0,0.13,0.13,0.0,0.13
ITA-Serie A,2122,Genoa,Nicolò Rovella,ITA,MF,19,2001,21,16,1468,16.3,0,3,3,0,0,0,5,0,0.0,0.18,0.18,0.0,0.18
ITA-Serie A,2122,Genoa,Nikola Maksimović,SRB,DF,29,1991,14,13,1115,12.4,0,0,0,0,0,0,2,0,0.0,0.0,0.0,0.0,0.0
ITA-Serie A,2122,Genoa,Pablo Galdames Millán,CHI,MF,24,1996,19,11,1028,11.4,0,0,0,0,0,0,2,0,0.0,0.0,0.0,0.0,0.0
ITA-Serie A,2122,Genoa,Paolo Ghiglione,ITA,"MF,DF",24,1997,13,6,603,6.7,0,1,1,0,0,0,3,0,0.0,0.15,0.15,0.0,0.15
ITA-Serie A,2122,Genoa,Riccardo Calafiori,ITA,DF,19,2002,3,1,82,0.9,0,0,0,0,0,0,1,0,0.0,0.0,0.0,0.0,0.0
ITA-Serie A,2122,Genoa,Roberto Piccoli,ITA,FW,20,2001,5,2,218,2.4,0,0,0,0,0,0,0,0,0.0,0.0,0.0,0.0,0.0
ITA-Serie A,2122,Genoa,Salvatore Sirigu,ITA,GK,34,1987,37,37,3330,37.0,0,0,0,0,0,0,0,0,0.0,0.0,0.0,0.0,0.0
ITA-Serie A,2122,Genoa,Silvan Hefti,SUI,DF,23,1997,16,14,1288,14.3,0,0,0,0,0,0,1,0,0.0,0.0,0.0,0.0,0.0
ITA-Serie A,2122,Genoa,Stefano Sabelli,ITA,MF,28,1993,7,5,348,3.9,0,0,0,0,0,0,3,0,0.0,0.0,0.0,0.0,0.0
ITA-Serie A,2122,Genoa,Stefano Sturaro,ITA,MF,28,1993,25,24,1766,19.6,0,0,0,0,0,0,12,0,0.0,0.0,0.0,0.0,0.0
ITA-Serie A,2122,Genoa,Valon Behrami,SUI,MF,36,1985,10,2,311,3.5,0,0,0,0,0,0,3,0,0.0,0.0,0.0,0.0,0.0
ITA-Serie A,2122,Genoa,Yayah Kallon,SLE,"MF,FW",20,2001,15,5,636,7.1,0,1,1,0,0,0,3,0,0.0,0.14,0.14,0.0,0.14
ITA-Serie A,2122,Genoa,Zinho Vanheusden,BEL,DF,22,1999,14,11,989,11.0,0,0,0,0,0,0,3,0,0.0,0.0,0.0,0.0,0.0
ITA-Serie A,2122,Hellas Verona,Adrien Tameze,CMR,MF,27,1994,38,26,2574,28.6,4,2,6,4,0,0,4,0,0.14,0.07,0.21,0.14,0.21
ITA-Serie A,2122,Hellas Verona,Alessandro Berardi,ITA,GK,30,1991,1,1,90,1.0,0,0,0,0,0,0,0,0,0.0,0.0,0.0,0.0,0.0
ITA-Serie A,2122,Hellas Verona,Antonín Barák,CZE,"MF,FW",26,1994,29,27,2340,26.0,11,4,15,7,4,4,4,0,0.42,0.15,0.58,0.27,0.42
ITA-Serie A,2122,Hellas Verona,Bosko Sutalo,CRO,"DF,MF",21,2000,24,6,920,10.2,0,0,0,0,0,0,0,0,0.0,0.0,0.0,0.0,0.0
ITA-Serie A,2122,Hellas Verona,Daniel Bessa,ITA,MF,28,1993,24,5,768,8.5,1,1,2,1,0,0,5,1,0.12,0.12,0.23,0.12,0.23
ITA-Serie A,2122,Hellas Verona,Darko Lazović,SRB,MF,30,1990,34,32,2766,30.7,1,7,8,1,0,0,2,0,0.03,0.23,0.26,0.03,0.26
ITA-Serie A,2122,Hellas Verona,Davide Faraoni,ITA,MF,29,1991,32,30,2572,28.6,4,5,9,4,0,0,8,1,0.14,0.17,0.31,0.14,0.31
ITA-Serie A,2122,Hellas Verona,Diego Coppola,ITA,DF,17,2003,4,3,249,2.8,0,0,0,0,0,0,0,0,0.0,0.0,0.0,0.0,0.0
ITA-Serie A,2122,Hellas Verona,Fabio Depaoli,ITA,MF,24,1997,18,7,703,7.8,1,1,2,1,0,0,3,0,0.13,0.13,0.26,0.13,0.26
ITA-Serie A,2122,Hellas Verona,Federico Ceccherini,ITA,DF,29,1992,34,29,2358,26.2,1,0,1,1,0,0,12,1,0.04,0.0,0.04,0.04,0.04
ITA-Serie A,2122,Hellas Verona,Filippo Terracciano,ITA,DF,18,2003,1,0,7,0.1,0,0,0,0,0,0,0,0,0.0,0.0,0.0,0.0,0.0
ITA-Serie A,2122,Hellas Verona,Giangiacomo Magnani,ITA,DF,25,1995,14,5,530,5.9,0,0,0,0,0,0,3,1,0.0,0.0,0.0,0.0,0.0
ITA-Serie A,2122,Hellas Verona,Gianluca Caprari,ITA,"MF,FW",28,1993,35,33,2739,30.4,12,7,19,10,2,2,4,0,0.39,0.23,0.62,0.33,0.56
ITA-Serie A,2122,Hellas Verona,Gianluca Frabotta,ITA,"DF,MF",22,1999,2,0,20,0.2,0,0,0,0,0,0,0,0,0.0,0.0,0.0,0.0,0.0
ITA-Serie A,2122,Hellas Verona,Giovanni Simeone,ARG,FW,26,1995,35,32,2653,29.5,17,5,22,17,0,1,8,0,0.58,0.17,0.75,0.58,0.75
ITA-Serie A,2122,Hellas Verona,Ivan Ilić,SRB,MF,20,2001,32,30,2526,28.1,1,3,4,1,0,0,5,1,0.04,0.11,0.14,0.04,0.14
ITA-Serie A,2122,Hellas Verona,Ivor Pandur,CRO,GK,21,2000,3,3,270,3.0,0,0,0,0,0,0,0,0,0.0,0.0,0.0,0.0,0.0
ITA-Serie A,2122,Hellas Verona,Kevin Lasagna,ITA,"MF,FW",28,1992,28,11,1184,13.2,2,4,6,2,0,0,1,0,0.15,0.3,0.46,0.15,0.46
ITA-Serie A,2122,Hellas Verona,Koray Günter,GER,DF,26,1994,30,29,2411,26.8,0,0,0,0,0,0,10,0,0.0,0.0,0.0,0.0,0.0
ITA-Serie A,2122,Hellas Verona,Lorenzo Montipò,ITA,GK,25,1996,34,34,3060,34.0,0,0,0,0,0,0,1,0,0.0,0.0,0.0,0.0,0.0
ITA-Serie A,2122,Hellas Verona,Martin Hongla,CMR,MF,23,1998,18,7,651,7.2,1,0,1,1,0,0,3,0,0.14,0.0,0.14,0.14,0.14
ITA-Serie A,2122,Hellas Verona,Mateusz Praszelik,POL,MF,20,2000,2,0,25,0.3,0,0,0,0,0,0,0,0,0.0,0.0,0.0,0.0,0.0
ITA-Serie A,2122,Hellas Verona,Matteo Cancellieri,ITA,MF,19,2002,12,1,227,2.5,1,0,1,1,0,0,1,0,0.4,0.0,0.4,0.4,0.4
ITA-Serie A,2122,Hellas Verona,Mattia Zaccagni,ITA,MF,26,1995,2,2,180,2.0,2,0,2,1,1,1,0,0,1.0,0.0,1.0,0.5,0.5
ITA-Serie A,2122,Hellas Verona,Miguel Veloso,POR,MF,35,1986,22,17,1343,14.9,0,3,3,0,0,0,7,1,0.0,0.2,0.2,0.0,0.2
ITA-Serie A,2122,Hellas Verona,Nicolò Casale,ITA,"DF,MF",23,1998,36,30,2586,28.7,0,1,1,0,0,0,10,0,0.0,0.03,0.03,0.0,0.03
ITA-Serie A,2122,Hellas Verona,Nikola Kalinić,CRO,FW,33,1988,14,4,406,4.5,4,1,5,4,0,0,5,1,0.89,0.22,1.11,0.89,1.11
ITA-Serie A,2122,Hellas Verona,Panagiotis Retsos,GRE,DF,22,1998,5,1,55,0.6,0,0,0,0,0,0,0,0,0.0,0.0,0.0,0.0,0.0
ITA-Serie A,2122,Hellas Verona,Paweł Dawidowicz,POL,DF,26,1995,17,13,1198,13.3,0,0,0,0,0,0,3,0,0.0,0.0,0.0,0.0,0.0
ITA-Serie A,2122,Hellas Verona,Samuel Di Carmine,ITA,FW,32,1988,1,0,36,0.4,0,0,0,0,0,0,1,0,0.0,0.0,0.0,0.0,0.0
ITA-Serie A,2122,Hellas Verona,Yıldırım Mert Çetin,TUR,DF,24,1997,2,0,46,0.5,0,0,0,0,0,0,0,0,0.0,0.0,0.0,0.0,0.0
ITA-Serie A,2122,Inter,Aleksandar Kolarov,SRB,DF,35,1985,3,0,42,0.5,0,0,0,0,0,0,0,0,0.0,0.0,0.0,0.0,0.0
ITA-Serie A,2122,Inter,Alessandro Bastoni,ITA,DF,22,1999,31,29,2311,25.7,1,2,3,1,0,0,4,0,0.04,0.08,0.12,0.04,0.12
ITA-Serie A,2122,Inter,Alexis Sánchez,CHI,FW,32,1988,27,7,881,9.8,5,2,7,5,0,0,0,0,0.51,0.2,0.72,0.51,0.72
ITA-Serie A,2122,Inter,Andrea Ranocchia,ITA,DF,33,1988,6,3,341,3.8,0,0,0,0,0,0,1,0,0.0,0.0,0.0,0.0,0.0
ITA-Serie A,2122,Inter,Arturo Vidal,CHI,MF,34,1987,28,2,741,8.2,1,1,2,1,0,0,3,0,0.12,0.12,0.24,0.12,0.24
ITA-Serie A,2122,Inter,Danilo D'Ambrosio,ITA,DF,32,1988,20,9,1000,11.1,1,1,2,1,0,0,2,0,0.09,0.09,0.18,0.09,0.18
ITA-Serie A,2122,Inter,Denzel Dumfries,NED,MF,25,1996,33,21,2028,22.5,5,4,9,5,0,0,3,0,0.22,0.18,0.4,0.22,0.4
ITA-Serie A,2122,Inter,Edin Džeko,BIH,FW,35,1986,36,27,2469,27.4,13,6,19,13,0,0,2,0,0.47,0.22,0.69,0.47,0.69
ITA-Serie A,2122,Inter,Federico Dimarco,ITA,"DF,MF",23,1997,32,13,1430,15.9,2,3,5,2,0,1,1,0,0.13,0.19,0.31,0.13,0.31
ITA-Serie A,2122,Inter,Felipe Caicedo,ECU,"FW,MF",32,1988,3,0,23,0.3,0,0,0,0,0,0,0,0,0.0,0.0,0.0,0.0,0.0
ITA-Serie A,2122,Inter,Hakan Çalhanoğlu,TUR,MF,27,1994,34,33,2480,27.6,7,12,19,4,3,3,11,0,0.25,0.44,0.69,0.15,0.58
ITA-Serie A,2122,Inter,Ionuț Radu,ROU,GK,24,1997,1,1,90,1.0,0,0,0,0,0,0,0,0,0.0,0.0,0.0,0.0,0.0
ITA-Serie A,2122,Inter,Ivan Perišić,CRO,MF,32,1989,35,35,2821,31.3,8,6,14,7,1,1,4,0,0.26,0.19,0.45,0.22,0.41
ITA-Serie A,2122,Inter,Joaquín Correa,ARG,FW,26,1994,26,12,1025,11.4,6,1,7,6,0,0,2,0,0.53,0.09,0.61,0.53,0.61
ITA-Serie A,2122,Inter,Lautaro Martínez,ARG,FW,23,1997,35,28,2282,25.4,21,3,24,18,3,6,6,0,0.83,0.12,0.95,0.71,0.83
ITA-Serie A,2122,Inter,Marcelo Brozović,CRO,MF,28,1992,35,35,2937,32.6,2,1,3,2,0,0,7,0,0.06,0.03,0.09,0.06,0.09
ITA-Serie A,2122,Inter,Martin Satriano,URU,FW,20,2001,4,0,38,0.4,0,0,0,0,0,0,0,0,0.0,0.0,0.0,0.0,0.0
ITA-Serie A,2122,Inter,Matteo Darmian,ITA,MF,31,1989,25,18,1507,16.7,2,1,3,2,0,0,4,0,0.12,0.06,0.18,0.12,0.18
ITA-Serie A,2122,Inter,Mattia Zanotti,ITA,"DF,MF",18,2003,1,0,9,0.1,0,0,0,0,0,0,0,0,0.0,0.0,0.0,0.0,0.0
ITA-Serie A,2122,Inter,Matías Vecino,URU,MF,29,1991,17,2,377,4.2,1,0,1,1,0,0,2,0,0.24,0.0,0.24,0.24,0.24
ITA-Serie A,2122,Inter,Milan Škriniar,SVK,DF,26,1995,35,35,3150,35.0,3,0,3,3,0,0,3,0,0.09,0.0,0.09,0.09,0.09
ITA-Serie A,2122,Inter,Nicolò Barella,ITA,MF,24,1997,36,36,2913,32.4,3,11,14,3,0,0,9,0,0.09,0.34,0.43,0.09,0.43
ITA-Serie A,2122,Inter,Roberto Gagliardini,ITA,MF,27,1994,18,6,649,7.2,2,2,4,2,0,0,2,0,0.28,0.28,0.55,0.28,0.55
ITA-Serie A,2122,Inter,Robin Gosens,GER,"DF,MF",27,1994,7,0,169,1.9,0,1,1,0,0,0,1,0,0.0,0.53,0.53,0.0,0.53
ITA-Serie A,2122,Inter,Samir Handanović,SVN,GK,37,1984,37,37,3330,37.0,0,0,0,0,0,0,1,0,0.0,0.0,0.0,0.0,0.0
ITA-Serie A,2122,Inter,Stefan de Vrij,NED,DF,29,1992,30,28,2410,26.8,0,0,0,0,0,0,3,0,0.0,0.0,0.0,0.0,0.0
ITA-Serie A,2122,Inter,Stefano Sensi,ITA,FW,25,1995,9,1,167,1.9,0,0,0,0,0,0,0,0,0.0,0.0,0.0,0.0,0.0
ITA-Serie A,2122,Juventus,Aaron Ramsey,WAL,MF,30,1990,3,1,99,1.1,0,0,0,0,0,0,0,0,0.0,0.0,0.0,0.0,0.0
ITA-Serie A,2122,Juventus,Adrien Rabiot,FRA,MF,26,1995,32,28,2285,25.4,0,2,2,0,0,0,5,0,0.0,0.08,0.08,0.0,0.08
ITA-Serie A,2122,Juventus,Alex Sandro,BRA,DF,30,1991,28,17,1780,19.8,0,1,1,0,0,0,3,0,0.0,0.05,0.05,0.0,0.05
ITA-Serie A,2122,Juventus,Arthur Melo,BRA,MF,24,1996,20,11,962,10.7,0,0,0,0,0,0,3,0,0.0,0.0,0.0,0.0,0.0
ITA-Serie A,2122,Juventus,Carlo Pinsoglio,ITA,GK,31,1990,1,0,45,0.5,0,0,0,0,0,0,0,0,0.0,0.0,0.0,0.0,0.0
ITA-Serie A,2122,Juventus,Cristiano Ronaldo,POR,"FW,MF",36,1985,1,0,31,0.3,0,0,0,0,0,0,1,0,0.0,0.0,0.0,0.0,0.0
ITA-Serie A,2122,Juventus,Daniele Rugani,ITA,DF,27,1994,12,9,879,9.8,0,0,0,0,0,0,2,0,0.0,0.0,0.0,0.0,0.0
ITA-Serie A,2122,Juventus,Danilo,BRA,"DF,MF",30,1991,22,22,1893,21.0,1,2,3,1,0,0,6,0,0.05,0.1,0.14,0.05,0.14
ITA-Serie A,2122,Juventus,Dejan Kulusevski,SWE,"MF,FW",21,2000,20,5,772,8.6,1,3,4,1,0,0,1,0,0.12,0.35,0.47,0.12,0.47
ITA-Serie A,2122,Juventus,Denis Zakaria,SUI,MF,24,1996,9,6,597,6.6,1,1,2,1,0,0,1,0,0.15,0.15,0.3,0.15,0.3
ITA-Serie A,2122,Juventus,Dušan Vlahović,SRB,FW,21,2000,15,12,1076,12.0,7,1,8,7,0,0,2,0,0.59,0.08,0.67,0.59,0.67
ITA-Serie A,2122,Juventus,Fabio Miretti,ITA,MF,17,2003,6,4,321,3.6,0,0,0,0,0,0,0,0,0.0,0.0,0.0,0.0,0.0
ITA-Serie A,2122,Juventus,Federico Bernardeschi,ITA,"MF,FW",27,1994,28,16,1475,16.4,1,3,4,1,0,0,5,0,0.06,0.18,0.24,0.06,0.24
ITA-Serie A,2122,Juventus,Federico Chiesa,ITA,"FW,MF",23,1997,14,11,863,9.6,2,2,4,2,0,0,0,0,0.21,0.21,0.42,0.21,0.42
ITA-Serie A,2122,Juventus,Giorgio Chiellini,ITA,DF,36,1984,21,16,1354,15.0,0,0,0,0,0,0,2,0,0.0,0.0,0.0,0.0,0.0
ITA-Serie A,2122,Juventus,Juan Cuadrado,COL,"MF,DF",33,1988,33,28,2487,27.6,4,3,7,4,0,0,9,0,0.14,0.11,0.25,0.14,0.25
ITA-Serie A,2122,Juventus,Kaio Jorge,BRA,FW,19,2002,9,0,121,1.3,0,0,0,0,0,0,0,0,0.0,0.0,0.0,0.0,0.0
ITA-Serie A,2122,Juventus,Leonardo Bonucci,ITA,DF,34,1987,24,22,2005,22.3,5,0,5,2,3,3,1,0,0.22,0.0,0.22,0.09,0.09
ITA-Serie A,2122,Juventus,Luca Pellegrini,ITA,"DF,MF",22,1999,18,15,1107,12.3,0,1,1,0,0,0,6,0,0.0,0.08,0.08,0.0,0.08
ITA-Serie A,2122,Juventus,Manuel Locatelli,ITA,MF,23,1998,31,23,2160,24.0,3,3,6,3,0,0,6,0,0.12,0.12,0.25,0.12,0.25
ITA-Serie A,2122,Juventus,Marley Aké,FRA,"FW,MF",20,2001,4,0,77,0.9,0,0,0,0,0,0,1,0,0.0,0.0,0.0,0.0,0.0
ITA-Serie A,2122,Juventus,Martin Palumbo,NOR,MF,19,2002,1,0,13,0.1,0,0,0,0,0,0,0,0,0.0,0.0,0.0,0.0,0.0
ITA-Serie A,2122,Juventus,Matthijs de Ligt,NED,DF,21,1999,31,29,2674,29.7,3,1,4,3,0,0,4,1,0.1,0.03,0.13,0.1,0.13
ITA-Serie A,2122,Juventus,Mattia De Sciglio,ITA,DF,28,1992,20,13,1168,13.0,1,2,3,1,0,0,2,1,0.08,0.15,0.23,0.08,0.23
ITA-Serie A,2122,Juventus,Mattia Perin,ITA,GK,28,1992,5,5,405,4.5,0,0,0,0,0,0,0,0,0.0,0.0,0.0,0.0,0.0
ITA-Serie A,2122,Juventus,Matìas Soulé,ARG,"FW,MF",18,2003,2,0,5,0.1,0,0,0,0,0,0,0,0,0.0,0.0,0.0,0.0,0.0
ITA-Serie A,2122,Juventus,Moise Kean,ITA,FW,21,2000,32,12,1098,12.2,5,2,7,5,0,0,5,0,0.41,0.16,0.57,0.41,0.57
ITA-Serie A,2122,Juventus,Paulo Dybala,ARG,"FW,MF",27,1993,29,26,2061,22.9,10,5,15,9,1,2,3,0,0.44,0.22,0.66,0.39,0.61
ITA-Serie A,2122,Juventus,Rodrigo Bentancur,URU,MF,24,1997,19,13,1155,12.8,0,1,1,0,0,0,1,0,0.0,0.08,0.08,0.0,0.08
ITA-Serie A,2122,Juventus,Weston McKennie,USA,MF,22,1998,21,15,1369,15.2,3,0,3,3,0,0,1,0,0.2,0.0,0.2,0.2,0.2
ITA-Serie A,2122,Juventus,Wojciech Szczęsny,POL,GK,31,1990,33,33,2970,33.0,0,0,0,0,0,0,2,0,0.0,0.0,0.0,0.0,0.0
ITA-Serie A,2122,Juventus,Álvaro Morata,ESP,"FW,MF",28,1992,35,26,2302,25.6,9,4,13,8,1,1,5,0,0.35,0.16,0.51,0.31,0.47
ITA-Serie A,2122,Lazio,Adam Marušić,MNE,DF,28,1992,33,30,2721,30.2,1,0,1,1,0,0,6,1,0.03,0.0,0.03,0.03,0.03
ITA-Serie A,2122,Lazio,Anderson Lima,BRA,MF,21,1999,4,0,65,0.7,0,0,0,0,0,0,1,0,0.0,0.0,0.0,0.0,0.0
ITA-Serie A,2122,Lazio,Ciro Immobile,ITA,FW,31,1990,31,31,2711,30.1,27,2,29,20,7,9,4,0,0.9,0.07,0.96,0.66,0.73
ITA-Serie A,2122,Lazio,Danilo Cataldi,ITA,MF,26,1994,32,19,1707,19.0,1,2,3,1,0,0,8,0,0.05,0.11,0.16,0.05,0.16
ITA-Serie A,2122,Lazio,Denis Vavro,SVK,DF,25,1996,1,0,8,0.1,0,0,0,0,0,0,0,0,0.0,0.0,0.0,0.0,0.0
ITA-Serie A,2122,Lazio,Dimitrije Kamenović,SRB,DF,21,2000,1,0,45,0.5,0,0,0,0,0,0,0,0,0.0,0.0,0.0,0.0,0.0
ITA-Serie A,2122,Lazio,Elseid Hysaj,ALB,DF,27,1994,29,24,2027,22.5,1,0,1,1,0,0,3,0,0.04,0.0,0.04,0.04,0.04
ITA-Serie A,2122,Lazio,Felipe Anderson,BRA,FW,28,1993,38,33,2888,32.1,6,8,14,6,0,0,2,0,0.19,0.25,0.44,0.19,0.44
ITA-Serie A,2122,Lazio,Francesco Acerbi,ITA,DF,33,1988,30,29,2536,28.2,4,0,4,4,0,0,2,1,0.14,0.0,0.14,0.14,0.14
ITA-Serie A,2122,Lazio,Gonzalo Escalante,ARG,MF,28,1993,1,0,9,0.1,0,0,0,0,0,0,0,0,0.0,0.0,0.0,0.0,0.0
ITA-Serie A,2122,Lazio,Jean-Daniel Akpa-Akpro,CIV,MF,28,1992,10,4,315,3.5,0,0,0,0,0,0,1,0,0.0,0.0,0.0,0.0,0.0
ITA-Serie A,2122,Lazio,Jovane Cabral,CPV,FW,23,1998,3,2,190,2.1,1,0,1,1,0,0,0,0,0.47,0.0,0.47,0.47,0.47
ITA-Serie A,2122,Lazio,Lucas Leiva,BRA,MF,34,1987,35,19,1697,18.9,0,0,0,0,0,0,9,0,0.0,0.0,0.0,0.0,0.0
ITA-Serie A,2122,Lazio,Luis Alberto,ESP,MF,28,1992,34,27,2353,26.1,5,9,14,5,0,0,5,0,0.19,0.34,0.54,0.19,0.54
ITA-Serie A,2122,Lazio,Luiz Felipe,ITA,DF,24,1997,31,28,2491,27.7,0,0,0,0,0,0,9,1,0.0,0.0,0.0,0.0,0.0
ITA-Serie A,2122,Lazio,Luka Romero,ARG,MF,16,2004,8,0,84,0.9,0,0,0,0,0,0,0,0,0.0,0.0,0.0,0.0,0.0
ITA-Serie A,2122,Lazio,Manuel Lazzari,ITA,DF,27,1993,31,16,1665,18.5,3,3,6,3,0,0,3,0,0.16,0.16,0.32,0.16,0.32
ITA-Serie A,2122,Lazio,Mattia Zaccagni,ITA,FW,26,1995,29,21,1876,20.8,4,5,9,4,0,0,6,0,0.19,0.24,0.43,0.19,0.43
ITA-Serie A,2122,Lazio,Patric,ESP,DF,28,1993,24,19,1649,18.3,1,1,2,1,0,0,7,1,0.05,0.05,0.11,0.05,0.11
ITA-Serie A,2122,Lazio,Pedro,ESP,FW,34,1987,32,25,2033,22.6,9,4,13,9,0,0,5,0,0.4,0.18,0.58,0.4,0.58
ITA-Serie A,2122,Lazio,Pepe Reina,ESP,GK,38,1982,15,15,1350,15.0,0,1,1,0,0,0,3,0,0.0,0.07,0.07,0.0,0.07
ITA-Serie A,2122,Lazio,Raúl Moro,ESP,FW,18,2002,11,1,201,2.2,0,1,1,0,0,0,0,0,0.0,0.45,0.45,0.0,0.45
ITA-Serie A,2122,Lazio,Sergej Milinković-Savić,SRB,MF,26,1995,37,36,3100,34.4,11,10,21,11,0,0,6,1,0.32,0.29,0.61,0.32,0.61
ITA-Serie A,2122,Lazio,Thomas Strakosha,ALB,GK,26,1995,23,23,2070,23.0,0,0,0,0,0,0,2,0,0.0,0.0,0.0,0.0,0.0
ITA-Serie A,2122,Lazio,Toma Bašić,CRO,MF,24,1996,29,9,982,10.9,0,2,2,0,0,0,3,0,0.0,0.18,0.18,0.0,0.18
ITA-Serie A,2122,Lazio,Vedat Muriqi,KVX,FW,27,1994,11,1,215,2.4,0,0,0,0,0,0,1,0,0.0,0.0,0.0,0.0,0.0
ITA-Serie A,2122,Lazio,Ștefan Radu,ROU,DF,34,1986,10,6,556,6.2,0,0,0,0,0,0,2,0,0.0,0.0,0.0,0.0,0.0
ITA-Serie A,2122,Milan,Alessandro Florenzi,ITA,"DF,MF",30,1991,24,12,1152,12.8,2,0,2,2,0,0,2,0,0.16,0.0,0.16,0.16,0.16
ITA-Serie A,2122,Milan,Alessio Romagnoli,ITA,DF,26,1995,19,16,1409,15.7,1,0,1,1,0,0,4,1,0.06,0.0,0.06,0.06,0.06
ITA-Serie A,2122,Milan,Alexis Saelemaekers,BEL,MF,22,1999,36,22,1865,20.7,1,3,4,1,0,0,2,0,0.05,0.14,0.19,0.05,0.19
ITA-Serie A,2122,Milan,Andrea Conti,ITA,"DF,MF",27,1994,1,0,13,0.1,0,0,0,0,0,0,0,0,0.0,0.0,0.0,0.0,0.0
ITA-Serie A,2122,Milan,Ante Rebić,CRO,"FW,MF",27,1993,24,6,891,9.9,2,2,4,2,0,0,2,0,0.2,0.2,0.4,0.2,0.4
ITA-Serie A,2122,Milan,Brahim Díaz,MAR,MF,21,1999,31,25,1855,20.6,3,3,6,3,0,0,4,0,0.15,0.15,0.29,0.15,0.29
ITA-Serie A,2122,Milan,Ciprian Tătărușanu,ROU,GK,35,1986,6,6,540,6.0,0,0,0,0,0,0,0,0,0.0,0.0,0.0,0.0,0.0
ITA-Serie A,2122,Milan,Daniel Maldini,ITA,MF,19,2001,8,2,148,1.6,1,0,1,1,0,0,1,0,0.61,0.0,0.61,0.61,0.61
ITA-Serie A,2122,Milan,Davide Calabria,ITA,DF,24,1996,26,24,2119,23.5,2,2,4,2,0,0,2,0,0.08,0.08,0.17,0.08,0.17
ITA-Serie A,2122,Milan,Fikayo Tomori,ENG,DF,23,1997,31,30,2718,30.2,0,0,0,0,0,0,4,0,0.0,0.0,0.0,0.0,0.0
ITA-Serie A,2122,Milan,Fodé Ballo-Touré,SEN,DF,24,1997,10,5,446,5.0,0,0,0,0,0,0,2,0,0.0,0.0,0.0,0.0,0.0
ITA-Serie A,2122,Milan,Franck Kessié,CIV,MF,24,1996,31,25,2308,25.6,6,0,6,4,2,3,2,0,0.23,0.0,0.23,0.16,0.16
ITA-Serie A,2122,Milan,Ismaël Bennacer,ALG,MF,23,1997,31,15,1525,16.9,2,1,3,2,0,0,7,0,0.12,0.06,0.18,0.12,0.18
ITA-Serie A,2122,Milan,Junior Messias,BRA,MF,30,1991,26,14,1428,15.9,5,2,7,5,0,0,2,0,0.32,0.13,0.44,0.32,0.44
ITA-Serie A,2122,Milan,Luca Stanga,ITA,DF,19,2002,1,0,3,0.0,0,0,0,0,0,0,0,0,0.0,0.0,0.0,0.0,0.0
ITA-Serie A,2122,Milan,Matteo Gabbia,ITA,DF,21,1999,8,6,537,6.0,0,0,0,0,0,0,3,0,0.0,0.0,0.0,0.0,0.0
ITA-Serie A,2122,Milan,Mike Maignan,FRA,GK,26,1995,32,32,2880,32.0,0,1,1,0,0,0,1,0,0.0,0.03,0.03,0.0,0.03
ITA-Serie A,2122,Milan,Olivier Giroud,FRA,FW,34,1986,29,22,1892,21.0,11,3,14,9,2,2,4,0,0.52,0.14,0.67,0.43,0.57
ITA-Serie A,2122,Milan,Pierre Kalulu,FRA,DF,21,2000,28,21,1944,21.6,1,2,3,1,0,0,4,0,0.05,0.09,0.14,0.05,0.14
ITA-Serie A,2122,Milan,Pietro Pellegri,ITA,FW,20,2001,6,1,131,1.5,0,0,0,0,0,0,0,0,0.0,0.0,0.0,0.0,0.0
ITA-Serie A,2122,Milan,Rade Krunić,BIH,MF,27,1993,28,15,1416,15.7,0,1,1,0,0,0,2,0,0.0,0.06,0.06,0.0,0.06
ITA-Serie A,2122,Milan,Rafael Leão,POR,MF,22,1999,34,31,2605,28.9,11,10,21,11,0,0,4,0,0.38,0.35,0.73,0.38,0.73
ITA-Serie A,2122,Milan,Samu Castillejo,ESP,MF,26,1995,5,1,125,1.4,0,0,0,0,0,0,1,0,0.0,0.0,0.0,0.0,0.0
ITA-Serie A,2122,Milan,Sandro Tonali,ITA,MF,21,2000,36,31,2600,28.9,5,2,7,5,0,0,9,0,0.17,0.07,0.24,0.17,0.24
ITA-Serie A,2122,Milan,Simon Kjær,DEN,DF,32,1989,11,10,802,8.9,0,0,0,0,0,0,2,0,0.0,0.0,0.0,0.0,0.0
ITA-Serie A,2122,Milan,Theo Hernández,FRA,DF,23,1997,32,30,2711,30.1,5,5,10,4,1,2,7,2,0.17,0.17,0.33,0.13,0.3
ITA-Serie A,2122,Milan,Tiemoué Bakayoko,FRA,MF,26,1994,14,5,501,5.6,0,0,0,0,0,0,3,0,0.0,0.0,0.0,0.0,0.0
ITA-Serie A,2122,Milan,Zlatan Ibrahimović,SWE,FW,39,1981,23,11,1016,11.3,8,2,10,8,0,1,2,0,0.71,0.18,0.89,0.71,0.89
ITA-Serie A,2122,Napoli,Adam Ounas,ALG,MF,24,1996,15,1,326,3.6,0,0,0,0,0,0,1,0,0.0,0.0,0.0,0.0,0.0
ITA-Serie A,2122,Napoli,Alessandro Zanoli,ITA,DF,20,2000,12,5,457,5.1,0,0,0,0,0,0,2,0,0.0,0.0,0.0,0.0,0.0
ITA-Serie A,2122,Napoli,Alex Meret,ITA,GK,24,1997,7,7,619,6.9,0,0,0,0,0,0,0,0,0.0,0.0,0.0,0.0,0.0
ITA-Serie A,2122,Napoli,Amir Rrahmani,KVX,DF,27,1994,33,33,2927,32.5,4,0,4,4,0,0,5,0,0.12,0.0,0.12,0.12,0.12
ITA-Serie A,2122,Napoli,Andrea Petagna,ITA,FW,26,1995,24,4,586,6.5,3,1,4,3,0,0,1,0,0.46,0.15,0.61,0.46,0.61
ITA-Serie A,2122,Napoli,Axel Tuanzebe,COD,DF,23,1997,1,0,11,0.1,0,0,0,0,0,0,0,0,0.0,0.0,0.0,0.0,0.0
ITA-Serie A,2122,Napoli,David Ospina,COL,GK,32,1988,31,31,2790,31.0,0,0,0,0,0,0,1,0,0.0,0.0,0.0,0.0,0.0
ITA-Serie A,2122,Napoli,Davide Marfella,ITA,GK,21,1999,1,0,11,0.1,0,0,0,0,0,0,0,0,0.0,0.0,0.0,0.0,0.0
ITA-Serie A,2122,Napoli,Diego Demme,GER,MF,29,1991,19,7,692,7.7,1,0,1,1,0,0,4,0,0.13,0.0,0.13,0.13,0.13
ITA-Serie A,2122,Napoli,Dries Mertens,BEL,"FW,MF",34,1987,30,16,1384,15.4,11,1,12,10,1,1,2,0,0.72,0.07,0.78,0.65,0.72
ITA-Serie A,2122,Napoli,Elif Elmas,MKD,MF,21,1999,37,12,1620,18.0,3,4,7,3,0,0,3,0,0.17,0.22,0.39,0.17,0.39
ITA-Serie A,2122,Napoli,Fabián Ruiz Peña,ESP,MF,25,1996,32,29,2384,26.5,7,4,11,7,0,0,2,0,0.26,0.15,0.42,0.26,0.42
ITA-Serie A,2122,Napoli,Faouzi Ghoulam,ALG,DF,30,1991,14,3,332,3.7,0,0,0,0,0,0,1,0,0.0,0.0,0.0,0.0,0.0
ITA-Serie A,2122,Napoli,Frank Anguissa,CMR,MF,25,1995,25,21,1926,21.4,0,1,1,0,0,0,5,0,0.0,0.05,0.05,0.0,0.05
ITA-Serie A,2122,Napoli,Gianluca Gaetano,ITA,MF,21,2000,2,0,20,0.2,0,0,0,0,0,0,0,0,0.0,0.0,0.0,0.0,0.0
ITA-Serie A,2122,Napoli,Giovanni Di Lorenzo,ITA,DF,27,1993,33,33,2869,31.9,1,4,5,1,0,0,3,0,0.03,0.13,0.16,0.03,0.16
ITA-Serie A,2122,Napoli,Hirving Lozano,MEX,"MF,FW",26,1995,30,20,1613,17.9,5,5,10,5,0,0,3,0,0.28,0.28,0.56,0.28,0.56
ITA-Serie A,2122,Napoli,Juan Jesus,BRA,DF,30,1991,21,14,1278,14.2,1,0,1,1,0,0,1,0,0.07,0.0,0.07,0.07,0.07
ITA-Serie A,2122,Napoli,Kalidou Koulibaly,SEN,DF,30,1991,27,27,2405,26.7,3,1,4,3,0,0,5,1,0.11,0.04,0.15,0.11,0.15
ITA-Serie A,2122,Napoli,Kostas Manolas,GRE,DF,30,1991,4,3,313,3.5,0,0,0,0,0,0,1,0,0.0,0.0,0.0,0.0,0.0
ITA-Serie A,2122,Napoli,Kévin Malcuit,MAR,"MF,DF",30,1991,8,2,288,3.2,0,1,1,0,0,0,3,0,0.0,0.31,0.31,0.0,0.31
ITA-Serie A,2122,Napoli,Lorenzo Insigne,ITA,"MF,FW",30,1991,32,28,2290,25.4,11,8,19,2,9,13,2,0,0.43,0.31,0.75,0.08,0.39
ITA-Serie A,2122,Napoli,Matteo Politano,ITA,"MF,FW",27,1993,33,20,1650,18.3,3,4,7,3,0,0,3,0,0.16,0.22,0.38,0.16,0.38
ITA-Serie A,2122,Napoli,Mário Rui,POR,DF,30,1991,34,34,2992,33.2,0,5,5,0,0,0,7,0,0.0,0.15,0.15,0.0,0.15
ITA-Serie A,2122,Napoli,Piotr Zieliński,POL,MF,27,1994,35,26,2086,23.2,6,5,11,6,0,0,1,0,0.26,0.22,0.47,0.26,0.47
ITA-Serie A,2122,Napoli,Stanislav Lobotka,SVK,MF,26,1994,23,19,1686,18.7,1,0,1,1,0,0,2,0,0.05,0.0,0.05,0.05,0.05
ITA-Serie A,2122,Napoli,Victor Osimhen,NGA,FW,22,1998,27,23,1983,22.0,14,2,16,14,0,0,5,1,0.64,0.09,0.73,0.64,0.73
ITA-Serie A,2122,Roma,Ainsley Maitland-Niles,ENG,"MF,DF",23,1997,8,7,487,5.4,0,0,0,0,0,0,0,0,0.0,0.0,0.0,0.0,0.0
ITA-Serie A,2122,Roma,Amadou Diawara,GUI,MF,24,1997,4,2,170,1.9,0,0,0,0,0,0,0,0,0.0,0.0,0.0,0.0,0.0
ITA-Serie A,2122,Roma,Borja Mayoral,ESP,FW,24,1997,5,1,96,1.1,0,0,0,0,0,0,0,0,0.0,0.0,0.0,0.0,0.0
ITA-Serie A,2122,Roma,Bryan Cristante,ITA,MF,26,1995,34,29,2678,29.8,2,0,2,2,0,0,9,0,0.07,0.0,0.07,0.07,0.07
ITA-Serie A,2122,Roma,Bryan Reynolds,USA,DF,20,2001,1,0,2,0.0,0,0,0,0,0,0,0,0,0.0,0.0,0.0,0.0,0.0
ITA-Serie A,2122,Roma,Carles Pérez,ESP,MF,23,1998,19,3,554,6.2,1,1,2,1,0,0,2,0,0.16,0.16,0.32,0.16,0.32
ITA-Serie A,2122,Roma,Chris Smalling,ENG,DF,31,1989,27,23,2091,23.2,3,0,3,3,0,0,0,0,0.13,0.0,0.13,0.13,0.13
ITA-Serie A,2122,Roma,Cristian Volpato,AUS,FW,17,2003,3,0,38,0.4,1,0,1,1,0,0,0,0,2.37,0.0,2.37,2.37,2.37
ITA-Serie A,2122,Roma,Dimitrios Keramitsis,GRE,DF,17,2004,1,0,1,0.0,0,0,0,0,0,0,0,0,0.0,0.0,0.0,0.0,0.0
ITA-Serie A,2122,Roma,Ebrima Darboe,GAM,MF,20,2001,1,1,63,0.7,0,0,0,0,0,0,0,0,0.0,0.0,0.0,0.0,0.0
ITA-Serie A,2122,Roma,Edoardo Bove,ITA,MF,19,2002,11,0,68,0.8,1,0,1,1,0,0,0,0,1.32,0.0,1.32,1.32,1.32
ITA-Serie A,2122,Roma,Eldor Shomurodov,UZB,"FW,MF",26,1995,28,5,784,8.7,3,4,7,3,0,0,2,0,0.34,0.46,0.8,0.34,0.8
ITA-Serie A,2122,Roma,Felix Afena-Gyan,GHA,"MF,FW",18,2003,17,6,668,7.4,2,0,2,2,0,0,5,1,0.27,0.0,0.27,0.27,0.27
ITA-Serie A,2122,Roma,Gianluca Mancini,ITA,DF,25,1996,33,33,2878,32.0,0,0,0,0,0,0,16,1,0.0,0.0,0.0,0.0,0.0
ITA-Serie A,2122,Roma,Henrikh Mkhitaryan,ARM,MF,32,1989,31,29,2495,27.7,5,6,11,5,0,0,4,1,0.18,0.22,0.4,0.18,0.4
ITA-Serie A,2122,Roma,Jordan Veretout,FRA,MF,28,1993,36,26,2319,25.8,4,8,12,3,1,2,6,0,0.16,0.31,0.47,0.12,0.43
ITA-Serie A,2122,Roma,Leonardo Spinazzola,ITA,MF,28,1993,3,2,127,1.4,0,0,0,0,0,0,1,0,0.0,0.0,0.0,0.0,0.0
ITA-Serie A,2122,Roma,Lorenzo Pellegrini,ITA,MF,25,1996,28,27,2289,25.4,9,3,12,7,2,3,8,1,0.35,0.12,0.47,0.28,0.39
ITA-Serie A,2122,Roma,Marash Kumbulla,ALB,DF,21,2000,17,13,1025,11.4,0,0,0,0,0,0,6,0,0.0,0.0,0.0,0.0,0.0
ITA-Serie A,2122,Roma,Matías Viña,URU,"DF,MF",23,1997,26,18,1565,17.4,0,1,1,0,0,0,2,0,0.0,0.06,0.06,0.0,0.06
ITA-Serie A,2122,Roma,Nicola Zalewski,POL,MF,19,2002,16,9,793,8.8,0,0,0,0,0,0,1,0,0.0,0.0,0.0,0.0,0.0
ITA-Serie A,2122,Roma,Nicolò Zaniolo,ITA,"FW,MF",22,1999,28,23,1971,21.9,2,1,3,2,0,0,12,2,0.09,0.05,0.14,0.09,0.14
ITA-Serie A,2122,Roma,Riccardo Calafiori,ITA,DF,19,2002,6,2,174,1.9,0,1,1,0,0,0,2,0,0.0,0.52,0.52,0.0,0.52
ITA-Serie A,2122,Roma,Rick Karsdorp,NED,"MF,DF",26,1995,36,32,2883,32.0,0,2,2,0,0,0,9,1,0.0,0.06,0.06,0.0,0.06
ITA-Serie A,2122,Roma,Roger Ibanez,BRA,DF,22,1998,34,32,2889,32.1,3,0,3,3,0,0,9,0,0.09,0.0,0.09,0.09,0.09
ITA-Serie A,2122,Roma,Rui Patrício,POR,GK,33,1988,38,38,3420,38.0,0,0,0,0,0,0,2,0,0.0,0.0,0.0,0.0,0.0
ITA-Serie A,2122,Roma,Stephan El Shaarawy,ITA,MF,28,1992,27,8,1055,11.7,3,0,3,3,0,0,1,0,0.26,0.0,0.26,0.26,0.26
ITA-Serie A,2122,Roma,Sérgio Oliveira,POR,MF,29,1992,14,13,892,9.9,2,0,2,1,1,1,5,0,0.2,0.0,0.2,0.1,0.1
ITA-Serie A,2122,Roma,Tammy Abraham,ENG,FW,23,1997,37,36,3084,34.3,17,4,21,14,3,3,9,0,0.5,0.12,0.61,0.41,0.53
ITA-Serie A,2122,Salernitana,Alessandro Russo,ITA,MF,17,2003,1,0,29,0.3,0,0,0,0,0,0,0,0,0.0,0.0,0.0,0.0,0.0
ITA-Serie A,2122,Salernitana,Andrea Schiavone,ITA,MF,28,1993,14,5,571,6.3,1,0,1,1,0,0,1,0,0.16,0.0,0.16,0.16,0.16
ITA-Serie A,2122,Salernitana,Andrei Motoc,MDA,DF,19,2002,1,1,90,1.0,0,0,0,0,0,0,0,0,0.0,0.0,0.0,0.0,0.0
ITA-Serie A,2122,Salernitana,Cedric Gondo,CIV,FW,24,1996,14,10,699,7.8,1,0,1,1,0,0,1,0,0.13,0.0,0.13,0.13,0.13
ITA-Serie A,2122,Salernitana,Diego Perotti,ARG,MF,33,1988,11,1,287,3.2,0,0,0,0,0,1,1,0,0.0,0.0,0.0,0.0,0.0
ITA-Serie A,2122,Salernitana,Edoardo Vergani,ITA,MF,20,2001,6,1,102,1.1,0,0,0,0,0,0,0,0,0.0,0.0,0.0,0.0,0.0
ITA-Serie A,2122,Salernitana,Emil Bohinen,NOR,MF,22,1999,11,8,699,7.8,0,1,1,0,0,0,5,0,0.0,0.13,0.13,0.0,0.13
ITA-Serie A,2122,Salernitana,Federico Bonazzoli,ITA,"FW,MF",24,1997,32,19,1866,20.7,10,0,10,8,2,2,6,0,0.48,0.0,0.48,0.39,0.39
ITA-Serie A,2122,Salernitana,Federico Fazio,ARG,DF,34,1987,16,16,1434,15.9,1,0,1,1,0,0,3,1,0.06,0.0,0.06,0.06,0.06
ITA-Serie A,2122,Salernitana,Filippo Delli Carri,ITA,DF,22,1999,5,3,334,3.7,0,0,0,0,0,0,1,0,0.0,0.0,0.0,0.0,0.0
ITA-Serie A,2122,Salernitana,Francesco Di Tacchio,ITA,"MF,DF",31,1990,18,14,1255,13.9,0,0,0,0,0,0,3,0,0.0,0.0,0.0,0.0,0.0
ITA-Serie A,2122,Salernitana,Franck Ribéry,FRA,"MF,FW",38,1983,23,16,1421,15.8,0,2,2,0,0,0,3,1,0.0,0.13,0.13,0.0,0.13
ITA-Serie A,2122,Salernitana,Freddie Veseli,ALB,DF,28,1992,9,8,596,6.6,0,0,0,0,0,0,3,1,0.0,0.0,0.0,0.0,0.0
ITA-Serie A,2122,Salernitana,Grigoris Kastanos,CYP,"MF,FW",23,1998,27,16,1348,15.0,1,1,2,1,0,0,4,1,0.07,0.07,0.13,0.07,0.13
ITA-Serie A,2122,Salernitana,Ivan Radovanović,SRB,"DF,MF",32,1988,14,12,1053,11.7,1,1,2,1,0,0,4,0,0.09,0.09,0.17,0.09,0.17
ITA-Serie A,2122,Salernitana,Joel Obi,NGA,MF,30,1991,21,12,1143,12.7,0,1,1,0,0,0,4,0,0.0,0.08,0.08,0.0,0.08
ITA-Serie A,2122,Salernitana,Julian Kristoffersen,NOR,FW,24,1997,1,0,7,0.1,0,0,0,0,0,0,0,0,0.0,0.0,0.0,0.0,0.0
ITA-Serie A,2122,Salernitana,Lassana Coulibaly,MLI,MF,25,1996,31,29,2332,25.9,0,0,0,0,0,0,3,0,0.0,0.0,0.0,0.0,0.0
ITA-Serie A,2122,Salernitana,Leonardo Capezzi,ITA,MF,26,1995,5,2,175,1.9,0,0,0,0,0,0,0,0,0.0,0.0,0.0,0.0,0.0
ITA-Serie A,2122,Salernitana,Luca Ranieri,ITA,"DF,MF",22,1999,27,25,2103,23.4,1,0,1,1,0,0,9,0,0.04,0.0,0.04,0.04,0.04
ITA-Serie A,2122,Salernitana,Luigi Sepe,ITA,GK,30,1991,16,16,1392,15.5,0,0,0,0,0,0,2,0,0.0,0.0,0.0,0.0,0.0
ITA-Serie A,2122,Salernitana,Luka Bogdan,CRO,DF,25,1996,6,4,399,4.4,0,0,0,0,0,0,0,0,0.0,0.0,0.0,0.0,0.0
ITA-Serie A,2122,Salernitana,Lys Mousset,FRA,"MF,FW",25,1996,6,2,160,1.8,0,1,1,0,0,0,2,0,0.0,0.56,0.56,0.0,0.56
ITA-Serie A,2122,Salernitana,Mamadou Coulibaly,SEN,MF,22,1999,12,9,808,9.0,2,0,2,2,0,0,1,0,0.22,0.0,0.22,0.22,0.22
ITA-Serie A,2122,Salernitana,Mario Perrone,ITA,DF,18,2003,1,0,15,0.2,0,0,0,0,0,0,0,0,0.0,0.0,0.0,0.0,0.0
ITA-Serie A,2122,Salernitana,Matteo Ruggeri,ITA,"MF,DF",19,2002,14,8,676,7.5,0,0,0,0,0,0,1,0,0.0,0.0,0.0,0.0,0.0
ITA-Serie A,2122,Salernitana,Mikael,BRA,FW,22,1999,7,0,87,1.0,0,0,0,0,0,0,0,0,0.0,0.0,0.0,0.0,0.0
ITA-Serie A,2122,Salernitana,Milan Đurić,BIH,FW,31,1990,33,23,2165,24.1,5,4,9,4,1,1,6,0,0.21,0.17,0.37,0.17,0.33
ITA-Serie A,2122,Salernitana,Nadir Zortea,ITA,"MF,DF",22,1999,29,13,1410,15.7,1,2,3,1,0,0,3,0,0.06,0.13,0.19,0.06,0.19
ITA-Serie A,2122,Salernitana,Norbert Gyömbér,SVK,DF,29,1992,31,30,2563,28.5,0,0,0,0,0,0,9,0,0.0,0.0,0.0,0.0,0.0
ITA-Serie A,2122,Salernitana,Pasquale Mazzocchi,ITA,"MF,DF",26,1995,15,15,1269,14.1,0,2,2,0,0,0,2,0,0.0,0.14,0.14,0.0,0.14
ITA-Serie A,2122,Salernitana,Paweł Jaroszyński,POL,DF,26,1994,13,4,516,5.7,0,0,0,0,0,0,2,0,0.0,0.0,0.0,0.0,0.0
ITA-Serie A,2122,Salernitana,Radu Drăgușin,ROU,DF,19,2002,7,5,488,5.4,0,0,0,0,0,0,1,0,0.0,0.0,0.0,0.0,0.0
ITA-Serie A,2122,Salernitana,Ramzi Aya,ITA,DF,30,1990,2,2,135,1.5,0,0,0,0,0,0,1,0,0.0,0.0,0.0,0.0,0.0
ITA-Serie A,2122,Salernitana,Riccardo Gagliolo,SWE,"DF,MF",31,1990,17,12,1138,12.6,0,1,1,0,0,0,2,0,0.0,0.08,0.08,0.0,0.08
ITA-Serie A,2122,Salernitana,Simeon Nwankwo,NGA,FW,29,1992,19,10,842,9.4,1,1,2,1,0,0,0,0,0.11,0.11,0.21,0.11,0.21
ITA-Serie A,2122,Salernitana,Simone Verdi,ITA,"MF,FW",29,1992,15,11,829,9.2,5,0,5,4,1,1,3,0,0.54,0.0,0.54,0.43,0.43
ITA-Serie A,2122,Salernitana,Stefan Strandberg,NOR,DF,31,1990,11,11,933,10.4,0,0,0,0,0,0,2,1,0.0,0.0,0.0,0.0,0.0
ITA-Serie A,2122,Salernitana,Vid Belec,SVN,GK,31,1990,23,21,1938,21.5,0,0,0,0,0,0,1,0,0.0,0.0,0.0,0.0,0.0
ITA-Serie A,2122,Salernitana,Vincenzo Fiorillo,ITA,GK,31,1990,1,1,90,1.0,0,0,0,0,0,0,0,0,0.0,0.0,0.0,0.0,0.0
ITA-Serie A,2122,Salernitana,Wajdi Kechrida,TUN,"MF,DF",25,1995,17,10,952,10.6,0,1,1,0,0,0,0,0,0.0,0.09,0.09,0.0,0.09
ITA-Serie A,2122,Salernitana,Éderson Silva,BRA,MF,22,1999,15,13,1147,12.7,2,1,3,2,0,0,5,0,0.16,0.08,0.24,0.16,0.24
ITA-Serie A,2122,Sampdoria,Abdelhamid Sabiri,MAR,"MF,FW",24,1996,14,9,893,9.9,3,2,5,3,0,0,3,0,0.3,0.2,0.5,0.3,0.5
ITA-Serie A,2122,Sampdoria,Adrien Silva,POR,MF,32,1989,17,12,1083,12.0,0,1,1,0,0,0,3,1,0.0,0.08,0.08,0.0,0.08
ITA-Serie A,2122,Sampdoria,Albin Ekdal,SWE,MF,32,1989,26,19,1637,18.2,1,0,1,1,0,0,11,1,0.05,0.0,0.05,0.05,0.05
ITA-Serie A,2122,Sampdoria,Alex Ferrari,ITA,DF,27,1994,23,20,1643,18.3,1,0,1,1,0,0,4,0,0.05,0.0,0.05,0.05,0.05
ITA-Serie A,2122,Sampdoria,Andrea Conti,ITA,MF,27,1994,7,2,234,2.6,1,0,1,1,0,0,1,0,0.38,0.0,0.38,0.38,0.38
ITA-Serie A,2122,Sampdoria,Antonio Candreva,ITA,MF,34,1987,36,36,3119,34.7,7,10,17,6,1,2,6,1,0.2,0.29,0.49,0.17,0.46
ITA-Serie A,2122,Sampdoria,Bartosz Bereszyński,POL,DF,29,1992,35,35,2946,32.7,0,3,3,0,0,0,12,0,0.0,0.09,0.09,0.0,0.09
ITA-Serie A,2122,Sampdoria,Emil Audero,IDN,GK,24,1997,29,29,2560,28.4,0,0,0,0,0,0,2,0,0.0,0.0,0.0,0.0,0.0
ITA-Serie A,2122,Sampdoria,Ernesto Torregrossa,VEN,FW,29,1992,10,0,116,1.3,0,0,0,0,0,0,1,0,0.0,0.0,0.0,0.0,0.0
ITA-Serie A,2122,Sampdoria,Fabio Depaoli,ITA,MF,24,1997,6,1,112,1.2,0,0,0,0,0,0,1,0,0.0,0.0,0.0,0.0,0.0
ITA-Serie A,2122,Sampdoria,Fabio Quagliarella,ITA,FW,38,1983,33,19,1664,18.5,4,2,6,3,1,1,2,0,0.22,0.11,0.32,0.16,0.27
ITA-Serie A,2122,Sampdoria,Francesco Caputo,ITA,FW,33,1987,36,31,2790,31.0,11,3,14,11,0,1,0,0,0.35,0.1,0.45,0.35,0.45
ITA-Serie A,2122,Sampdoria,Gerard Yepes,ESP,MF,18,2002,4,0,21,0.2,0,0,0,0,0,0,0,0,0.0,0.0,0.0,0.0,0.0
ITA-Serie A,2122,Sampdoria,Giangiacomo Magnani,ITA,DF,25,1995,4,3,239,2.7,0,0,0,0,0,0,0,0,0.0,0.0,0.0,0.0,0.0
ITA-Serie A,2122,Sampdoria,Julian Chabot,GER,DF,23,1998,11,4,490,5.4,0,0,0,0,0,0,5,0,0.0,0.0,0.0,0.0,0.0
ITA-Serie A,2122,Sampdoria,Kristoffer Askildsen,NOR,MF,20,2001,19,7,754,8.4,0,0,0,0,0,0,5,0,0.0,0.0,0.0,0.0,0.0
ITA-Serie A,2122,Sampdoria,Manolo Gabbiadini,ITA,"FW,MF",29,1991,18,15,1140,12.7,6,2,8,6,0,0,3,0,0.47,0.16,0.63,0.47,0.63
ITA-Serie A,2122,Sampdoria,Maya Yoshida,JPN,DF,32,1988,26,19,1823,20.3,2,3,5,2,0,0,2,0,0.1,0.15,0.25,0.1,0.25
ITA-Serie A,2122,Sampdoria,Mikkel Damsgaard,DEN,MF,21,2000,11,6,578,6.4,0,0,0,0,0,0,1,0,0.0,0.0,0.0,0.0,0.0
ITA-Serie A,2122,Sampdoria,Morten Thorsby,NOR,MF,25,1996,35,35,2943,32.7,3,1,4,3,0,0,10,0,0.09,0.03,0.12,0.09,0.12
ITA-Serie A,2122,Sampdoria,Nicola Murru,ITA,DF,26,1994,22,13,983,10.9,1,0,1,1,0,0,5,0,0.09,0.0,0.09,0.09,0.09
ITA-Serie A,2122,Sampdoria,Nicola Ravaglia,ITA,GK,32,1988,1,0,5,0.1,0,0,0,0,0,0,0,0,0.0,0.0,0.0,0.0,0.0
ITA-Serie A,2122,Sampdoria,Omar Colley,GAM,DF,28,1992,32,31,2745,30.5,0,0,0,0,0,0,6,1,0.0,0.0,0.0,0.0,0.0
ITA-Serie A,2122,Sampdoria,Radu Drăgușin,ROU,DF,19,2002,13,4,620,6.9,0,0,0,0,0,0,1,0,0.0,0.0,0.0,0.0,0.0
ITA-Serie A,2122,Sampdoria,Riccardo Ciervo,ITA,MF,19,2002,10,1,227,2.5,0,1,1,0,0,0,0,0,0.0,0.4,0.4,0.0,0.4
ITA-Serie A,2122,Sampdoria,Ronaldo Vieira,GNB,MF,23,1998,14,4,495,5.5,0,0,0,0,0,0,3,0,0.0,0.0,0.0,0.0,0.0
ITA-Serie A,2122,Sampdoria,Sebastian Giovinco,ITA,"FW,MF",34,1987,2,0,39,0.4,0,0,0,0,0,0,0,0,0.0,0.0,0.0,0.0,0.0
ITA-Serie A,2122,Sampdoria,Simone Trimboli,ITA,MF,19,2002,5,0,65,0.7,0,0,0,0,0,0,1,0,0.0,0.0,0.0,0.0,0.0
ITA-Serie A,2122,Sampdoria,Stefano Sensi,ITA,"MF,FW",25,1995,11,10,754,8.4,1,0,1,1,0,0,1,0,0.12,0.0,0.12,0.12,0.12
ITA-Serie A,2122,Sampdoria,Tommaso Augello,ITA,DF,26,1994,36,25,2395,26.6,1,1,2,1,0,0,0,0,0.04,0.04,0.08,0.04,0.08
ITA-Serie A,2122,Sampdoria,Tomás Rincón,VEN,MF,33,1988,17,13,1166,13.0,0,0,0,0,0,0,3,0,0.0,0.0,0.0,0.0,0.0
ITA-Serie A,2122,Sampdoria,Valerio Verre,ITA,MF,27,1994,11,6,420,4.7,0,0,0,0,0,0,0,0,0.0,0.0,0.0,0.0,0.0
ITA-Serie A,2122,Sampdoria,Vladyslav Supriaha,UKR,FW,21,2000,1,0,22,0.2,0,0,0,0,0,0,0,0,0.0,0.0,0.0,0.0,0.0
ITA-Serie A,2122,Sampdoria,Wladimiro Falcone,ITA,GK,26,1995,10,9,855,9.5,0,0,0,0,0,0,2,0,0.0,0.0,0.0,0.0,0.0
ITA-Serie A,2122,Sassuolo,Abdou Harroui,NED,MF,23,1998,22,3,452,5.0,0,0,0,0,0,0,2,0,0.0,0.0,0.0,0.0,0.0
ITA-Serie A,2122,Sassuolo,Andrea Consigli,ITA,GK,34,1987,37,37,3322,36.9,0,0,0,0,0,0,2,0,0.0,0.0,0.0,0.0,0.0
ITA-Serie A,2122,Sassuolo,Brian Oddei,ITA,FW,18,2002,2,0,8,0.1,0,0,0,0,0,0,0,0,0.0,0.0,0.0,0.0,0.0
ITA-Serie A,2122,Sassuolo,Davide Frattesi,ITA,MF,21,1999,36,35,2854,31.7,4,3,7,4,0,0,6,0,0.13,0.09,0.22,0.13,0.22
ITA-Serie A,2122,Sassuolo,Domenico Berardi,ITA,"MF,FW",26,1994,33,33,2819,31.3,15,14,29,9,6,6,9,0,0.48,0.45,0.93,0.29,0.73
ITA-Serie A,2122,Sassuolo,Edoardo Goldaniga,ITA,DF,27,1993,1,0,1,0.0,0,0,0,0,0,0,0,0,0.0,0.0,0.0,0.0,0.0
ITA-Serie A,2122,Sassuolo,Emil Ceide,NOR,"FW,MF",19,2001,6,0,53,0.6,0,0,0,0,0,0,0,0,0.0,0.0,0.0,0.0,0.0
ITA-Serie A,2122,Sassuolo,Federico Peluso,ITA,DF,37,1984,2,0,11,0.1,0,0,0,0,0,0,0,0,0.0,0.0,0.0,0.0,0.0
ITA-Serie A,2122,Sassuolo,Filip Đuričić,SRB,MF,29,1992,12,9,671,7.5,2,1,3,2,0,0,1,0,0.27,0.13,0.4,0.27,0.4
ITA-Serie A,2122,Sassuolo,Francesco Caputo,ITA,FW,33,1987,2,2,156,1.7,0,1,1,0,0,0,1,0,0.0,0.58,0.58,0.0,0.58
ITA-Serie A,2122,Sassuolo,Francesco Magnanelli,ITA,MF,36,1984,12,2,271,3.0,0,0,0,0,0,0,1,0,0.0,0.0,0.0,0.0,0.0
ITA-Serie A,2122,Sassuolo,Giacomo Raspadori,ITA,"MF,FW",21,2000,36,32,2740,30.4,10,4,14,10,0,0,9,1,0.33,0.13,0.46,0.33,0.46
ITA-Serie A,2122,Sassuolo,Giacomo Satalino,ITA,GK,22,1999,1,0,8,0.1,0,0,0,0,0,0,0,0,0.0,0.0,0.0,0.0,0.0
ITA-Serie A,2122,Sassuolo,Gian Marco Ferrari,ITA,DF,29,1992,36,35,3124,34.7,1,0,1,1,0,0,6,1,0.03,0.0,0.03,0.03,0.03
ITA-Serie A,2122,Sassuolo,Gianluca Pegolo,ITA,GK,40,1981,1,1,90,1.0,0,0,0,0,0,0,0,0,0.0,0.0,0.0,0.0,0.0
ITA-Serie A,2122,Sassuolo,Gianluca Scamacca,ITA,FW,22,1999,36,25,2146,23.8,16,0,16,15,1,1,7,0,0.67,0.0,0.67,0.63,0.63
ITA-Serie A,2122,Sassuolo,Giorgos Kyriakopoulos,GRE,"DF,MF",25,1996,29,22,1975,21.9,0,5,5,0,0,0,6,1,0.0,0.23,0.23,0.0,0.23
ITA-Serie A,2122,Sassuolo,Grégoire Defrel,MTQ,"FW,MF",30,1991,38,11,1362,15.1,2,2,4,2,0,0,3,0,0.13,0.13,0.26,0.13,0.26
ITA-Serie A,2122,Sassuolo,Hamed Junior Traorè,CIV,MF,21,2000,31,21,1775,19.7,7,2,9,7,0,0,3,0,0.35,0.1,0.46,0.35,0.46
ITA-Serie A,2122,Sassuolo,Jeremie Boga,CIV,MF,24,1997,12,8,670,7.4,0,2,2,0,0,0,0,0,0.0,0.27,0.27,0.0,0.27
ITA-Serie A,2122,Sassuolo,Jeremy Toljan,GER,DF,26,1994,20,15,1399,15.5,0,1,1,0,0,0,2,0,0.0,0.06,0.06,0.0,0.06
ITA-Serie A,2122,Sassuolo,Kaan Ayhan,TUR,DF,26,1994,23,14,1354,15.0,1,0,1,1,0,0,2,1,0.07,0.0,0.07,0.07,0.07
ITA-Serie A,2122,Sassuolo,Luigi Samele,ITA,FW,19,2002,2,0,5,0.1,0,1,1,0,0,0,0,0,0.0,18.0,18.0,0.0,18.0
ITA-Serie A,2122,Sassuolo,Matheus Henrique,BRA,MF,23,1997,25,10,1078,12.0,0,1,1,0,0,0,3,0,0.0,0.08,0.08,0.0,0.08
ITA-Serie A,2122,Sassuolo,Maxime Lopez,FRA,MF,23,1997,35,33,2938,32.6,2,1,3,2,0,0,14,0,0.06,0.03,0.09,0.06,0.09
ITA-Serie A,2122,Sassuolo,Mert Müldür,TUR,DF,22,1999,31,24,2046,22.7,0,0,0,0,0,0,5,0,0.0,0.0,0.0,0.0,0.0
ITA-Serie A,2122,Sassuolo,Rogério,BRA,DF,23,1998,23,19,1729,19.2,0,1,1,0,0,0,5,0,0.0,0.05,0.05,0.0,0.05
ITA-Serie A,2122,Sassuolo,Ruan,BRA,DF,22,1999,10,0,214,2.4,0,0,0,0,0,0,1,0,0.0,0.0,0.0,0.0,0.0
ITA-Serie A,2122,Sassuolo,Vlad Chiricheș,ROU,DF,31,1989,29,27,2300,25.6,0,0,0,0,0,0,4,0,0.0,0.0,0.0,0.0,0.0
ITA-Serie A,2122,Spezia,Aimar Sher,IRQ,MF,18,2002,1,0,45,0.5,0,0,0,0,0,0,0,0,0.0,0.0,0.0,0.0,0.0
ITA-Serie A,2122,Spezia,Arkadiusz Reca,POL,"DF,MF",26,1995,25,22,1772,19.7,0,2,2,0,0,0,3,0,0.0,0.1,0.1,0.0,0.1
ITA-Serie A,2122,Spezia,Aurélien Nguiamba,FRA,MF,22,1999,3,0,51,0.6,0,0,0,0,0,0,1,0,0.0,0.0,0.0,0.0,0.0
ITA-Serie A,2122,Spezia,Daniele Verde,ITA,"MF,FW",25,1996,33,21,1957,21.7,8,6,14,7,1,2,2,0,0.37,0.28,0.64,0.32,0.6
ITA-Serie A,2122,Spezia,Dimitris Nikolaou,GRE,DF,22,1998,36,36,3240,36.0,0,0,0,0,0,0,7,0,0.0,0.0,0.0,0.0,0.0
ITA-Serie A,2122,Spezia,Dávid Strelec,SVK,"MF,FW",20,2001,10,7,502,5.6,1,0,1,1,0,0,0,0,0.18,0.0,0.18,0.18,0.18
ITA-Serie A,2122,Spezia,Ebrima Colley,GAM,"FW,MF",21,2000,11,3,394,4.4,0,0,0,0,0,0,1,0,0.0,0.0,0.0,0.0,0.0
ITA-Serie A,2122,Spezia,Eddie Salcedo,ITA,"MF,FW",19,2001,12,5,429,4.8,0,0,0,0,0,0,1,0,0.0,0.0,0.0,0.0,0.0
ITA-Serie A,2122,Spezia,Emmanuel Gyasi,GHA,"MF,FW",27,1994,36,35,3035,33.7,6,0,6,6,0,0,10,0,0.18,0.0,0.18,0.18,0.18
ITA-Serie A,2122,Spezia,Giulio Maggiore,ITA,MF,23,1998,35,33,2819,31.3,2,3,5,2,0,0,9,0,0.06,0.1,0.16,0.06,0.16
ITA-Serie A,2122,Spezia,Ivan Provedel,ITA,GK,27,1994,31,31,2761,30.7,0,0,0,0,0,0,2,0,0.0,0.0,0.0,0.0,0.0
ITA-Serie A,2122,Spezia,Jacopo Sala,ITA,MF,29,1991,18,13,880,9.8,1,0,1,1,0,0,3,0,0.1,0.0,0.1,0.1,0.1
ITA-Serie A,2122,Spezia,Jakub Kiwior,POL,MF,21,2000,22,21,1964,21.8,0,0,0,0,0,0,6,0,0.0,0.0,0.0,0.0,0.0
ITA-Serie A,2122,Spezia,Janis Antiste,FRA,"FW,MF",18,2002,18,9,796,8.8,1,0,1,1,0,0,0,0,0.11,0.0,0.11,0.11,0.11
ITA-Serie A,2122,Spezia,Jeroen Zoet,NED,GK,30,1991,7,7,630,7.0,0,0,0,0,0,0,0,0,0.0,0.0,0.0,0.0,0.0
ITA-Serie A,2122,Spezia,Kelvin Amian,FRA,DF,23,1998,32,31,2646,29.4,1,1,2,1,0,0,9,2,0.03,0.03,0.07,0.03,0.07
ITA-Serie A,2122,Spezia,Kevin Agudelo,COL,"MF,FW",22,1998,23,12,1237,13.7,3,1,4,3,0,0,2,1,0.22,0.07,0.29,0.22,0.29
ITA-Serie A,2122,Spezia,Luca Vignali,ITA,MF,25,1996,2,1,85,0.9,0,0,0,0,0,0,0,0,0.0,0.0,0.0,0.0,0.0
ITA-Serie A,2122,Spezia,M'Bala Nzola,ANG,FW,24,1996,21,10,1068,11.9,2,1,3,2,0,0,2,0,0.17,0.08,0.25,0.17,0.25
ITA-Serie A,2122,Spezia,Martin Erlić,CRO,DF,23,1998,30,30,2576,28.6,2,0,2,2,0,0,5,0,0.07,0.0,0.07,0.07,0.07
ITA-Serie A,2122,Spezia,Mehdi Bourabia,MAR,MF,29,1991,8,2,282,3.1,1,0,1,1,0,0,0,0,0.32,0.0,0.32,0.32,0.32
ITA-Serie A,2122,Spezia,Nicolò Bertola,ITA,DF,18,2003,2,0,35,0.4,0,0,0,0,0,0,0,0,0.0,0.0,0.0,0.0,0.0
ITA-Serie A,2122,Spezia,Petar Zovko,BIH,GK,19,2002,1,0,29,0.3,0,0,0,0,0,0,1,0,0.0,0.0,0.0,0.0,0.0
ITA-Serie A,2122,Spezia,Petko Hristov,BUL,DF,22,1999,17,13,1248,13.9,1,1,2,1,0,0,3,0,0.07,0.07,0.14,0.07,0.14
ITA-Serie A,2122,Spezia,Rey Manaj,ALB,FW,24,1997,30,19,1768,19.6,5,0,5,3,2,3,9,0,0.25,0.0,0.25,0.15,0.15
ITA-Serie A,2122,Spezia,Salvador Ferrer,ESP,"DF,MF",23,1998,27,14,1495,16.6,0,3,3,0,0,0,3,0,0.0,0.18,0.18,0.0,0.18
ITA-Serie A,2122,Spezia,Samuel Mráz,SVK,FW,24,1997,2,0,54,0.6,0,0,0,0,0,0,0,0,0.0,0.0,0.0,0.0,0.0
ITA-Serie A,2122,Spezia,Simone Bastoni,ITA,"MF,DF",24,1996,31,26,2288,25.4,3,3,6,3,0,0,5,1,0.12,0.12,0.24,0.12,0.24
ITA-Serie A,2122,Spezia,Suf Podgoreanu,ISR,MF,19,2002,5,1,113,1.3,0,1,1,0,0,0,0,0,0.0,0.8,0.8,0.0,0.8
ITA-Serie A,2122,Spezia,Viktor Kovalenko,UKR,MF,25,1996,26,16,1325,14.7,1,3,4,1,0,0,4,0,0.07,0.2,0.27,0.07,0.27
ITA-Serie A,2122,Torino,Alessandro Buongiorno,ITA,DF,22,1999,23,12,1181,13.1,0,1,1,0,0,0,5,0,0.0,0.08,0.08,0.0,0.08
ITA-Serie A,2122,Torino,Andrea Belotti,ITA,FW,27,1993,22,16,1371,15.2,8,1,9,5,3,3,1,0,0.53,0.07,0.59,0.33,0.39
ITA-Serie A,2122,Torino,Antonio Sanabria,PAR,FW,25,1996,29,22,1803,20.0,6,1,7,6,0,0,3,0,0.3,0.05,0.35,0.3,0.35
ITA-Serie A,2122,Torino,Armando Izzo,ITA,DF,29,1992,11,6,526,5.8,0,0,0,0,0,0,4,0,0.0,0.0,0.0,0.0,0.0
ITA-Serie A,2122,Torino,Ben Lhassine Kone,CIV,MF,21,2000,1,0,81,0.9,0,0,0,0,0,0,0,0,0.0,0.0,0.0,0.0,0.0
ITA-Serie A,2122,Torino,Cristian Ansaldi,ARG,MF,34,1986,19,5,691,7.7,0,3,3,0,0,0,2,0,0.0,0.39,0.39,0.0,0.39
ITA-Serie A,2122,Torino,Daniele Baselli,ITA,MF,29,1992,6,0,150,1.7,0,0,0,0,0,0,0,0,0.0,0.0,0.0,0.0,0.0
ITA-Serie A,2122,Torino,David Zima,CZE,DF,20,2000,20,13,1314,14.6,0,0,0,0,0,0,3,0,0.0,0.0,0.0,0.0,0.0
ITA-Serie A,2122,Torino,Demba Seck,SEN,MF,20,2001,6,1,146,1.6,0,0,0,0,0,0,0,0,0.0,0.0,0.0,0.0,0.0
ITA-Serie A,2122,Torino,Dennis Praet,BEL,MF,27,1994,23,17,1539,17.1,2,2,4,2,0,0,3,0,0.12,0.12,0.23,0.12,0.23
ITA-Serie A,2122,Torino,Etrit Berisha,ALB,GK,32,1989,10,10,900,10.0,0,0,0,0,0,0,1,0,0.0,0.0,0.0,0.0,0.0
ITA-Serie A,2122,Torino,Gleison Bremer,BRA,DF,24,1997,33,33,2890,32.1,3,1,4,3,0,0,7,0,0.09,0.03,0.12,0.09,0.12
ITA-Serie A,2122,Torino,Josip Brekalo,CRO,MF,23,1998,32,26,2286,25.4,7,2,9,7,0,0,1,0,0.28,0.08,0.35,0.28,0.35
ITA-Serie A,2122,Torino,Karol Linetty,POL,MF,26,1995,16,11,896,10.0,0,0,0,0,0,0,2,0,0.0,0.0,0.0,0.0,0.0
ITA-Serie A,2122,Torino,Koffi Djidji,CIV,DF,28,1992,25,21,1735,19.3,0,0,0,0,0,0,6,1,0.0,0.0,0.0,0.0,0.0
ITA-Serie A,2122,Torino,Luca Gemello,ITA,GK,21,2000,1,1,90,1.0,0,0,0,0,0,0,0,0,0.0,0.0,0.0,0.0,0.0
ITA-Serie A,2122,Torino,Magnus Warming,DEN,FW,21,2000,4,0,58,0.6,0,0,0,0,0,0,0,0,0.0,0.0,0.0,0.0,0.0
ITA-Serie A,2122,Torino,Marko Pjaca,CRO,MF,26,1995,24,13,1149,12.8,3,0,3,3,0,0,0,0,0.23,0.0,0.23,0.23,0.23
ITA-Serie A,2122,Torino,Mërgim Vojvoda,KVX,MF,26,1995,29,22,1976,22.0,0,3,3,0,0,0,3,0,0.0,0.14,0.14,0.0,0.14
ITA-Serie A,2122,Torino,Ola Aina,NGA,MF,24,1996,21,17,1437,16.0,0,0,0,0,0,0,4,0,0.0,0.0,0.0,0.0,0.0
ITA-Serie A,2122,Torino,Pietro Pellegri,ITA,FW,20,2001,9,1,216,2.4,1,0,1,1,0,0,1,0,0.42,0.0,0.42,0.42,0.42
ITA-Serie A,2122,Torino,Ricardo Rodríguez,SUI,DF,28,1992,34,28,2473,27.5,0,1,1,0,0,0,3,0,0.0,0.04,0.04,0.0,0.04
ITA-Serie A,2122,Torino,Rolando Mandragora,ITA,MF,24,1997,21,16,1319,14.7,0,2,2,0,0,0,7,1,0.0,0.14,0.14,0.0,0.14
ITA-Serie A,2122,Torino,Samuele Ricci,ITA,MF,19,2001,12,9,722,8.0,0,0,0,0,0,0,1,0,0.0,0.0,0.0,0.0,0.0
ITA-Serie A,2122,Torino,Saša Lukić,SRB,MF,24,1996,35,34,2982,33.1,5,4,9,2,3,3,10,0,0.15,0.12,0.27,0.06,0.18
ITA-Serie A,2122,Torino,Simone Verdi,ITA,"FW,MF",29,1992,3,0,46,0.5,1,0,1,1,0,0,0,0,1.96,0.0,1.96,1.96,1.96
ITA-Serie A,2122,Torino,Simone Zaza,ITA,FW,30,1991,10,0,129,1.4,0,0,0,0,0,0,1,0,0.0,0.0,0.0,0.0,0.0
ITA-Serie A,2122,Torino,Tommaso Pobega,ITA,MF,22,1999,33,24,2240,24.9,4,2,6,4,0,0,11,0,0.16,0.08,0.24,0.16,0.24
ITA-Serie A,2122,Torino,Tomás Rincón,VEN,MF,33,1988,7,1,163,1.8,0,0,0,0,0,0,2,0,0.0,0.0,0.0,0.0,0.0
ITA-Serie A,2122,Torino,Vanja Milinković-Savić,SRB,GK,24,1997,27,27,2430,27.0,0,0,0,0,0,0,3,0,0.0,0.0,0.0,0.0,0.0
ITA-Serie A,2122,Torino,Wilfried Singo,CIV,MF,20,2000,35,32,2607,29.0,3,4,7,3,0,0,5,1,0.1,0.14,0.24,0.1,0.24
ITA-Serie A,2122,Udinese,Beto,GNB,FW,23,1998,28,24,2173,24.1,11,0,11,11,0,0,1,0,0.46,0.0,0.46,0.46,0.46
ITA-Serie A,2122,Udinese,Bram Nuytinck,NED,DF,31,1990,27,23,2033,22.6,1,0,1,1,0,0,2,0,0.04,0.0,0.04,0.04,0.04
ITA-Serie A,2122,Udinese,Brandon Soppy,FRA,MF,19,2002,28,7,777,8.6,0,0,0,0,0,0,4,0,0.0,0.0,0.0,0.0,0.0
ITA-Serie A,2122,Udinese,Daniele Padelli,ITA,GK,35,1985,3,3,270,3.0,0,0,0,0,0,0,0,0,0.0,0.0,0.0,0.0,0.0
ITA-Serie A,2122,Udinese,Destiny Udogie,ITA,"MF,DF",18,2002,35,29,2477,27.5,5,3,8,5,0,0,4,0,0.18,0.11,0.29,0.18,0.29
ITA-Serie A,2122,Udinese,Fernando Forestieri,ITA,"FW,MF",31,1990,4,0,58,0.6,2,1,3,2,0,0,1,0,3.1,1.55,4.66,3.1,4.66
ITA-Serie A,2122,Udinese,Filip Benković,CRO,DF,24,1997,2,0,8,0.1,0,0,0,0,0,0,0,0,0.0,0.0,0.0,0.0,0.0
ITA-Serie A,2122,Udinese,Gerard Deulofeu,ESP,"FW,MF",27,1994,34,31,2616,29.1,13,5,18,12,1,1,9,0,0.45,0.17,0.62,0.41,0.58
ITA-Serie A,2122,Udinese,Ignacio Pussetto,ARG,"FW,MF",25,1995,28,11,1204,13.4,4,4,8,3,1,1,4,0,0.3,0.3,0.6,0.22,0.52
ITA-Serie A,2122,Udinese,Ilija Nestorovski,MKD,FW,31,1990,7,1,188,2.1,1,0,1,1,0,0,1,0,0.48,0.0,0.48,0.48,0.48
ITA-Serie A,2122,Udinese,Isaac Success,NGA,FW,25,1996,22,11,911,10.1,2,6,8,2,0,0,1,1,0.2,0.59,0.79,0.2,0.79
ITA-Serie A,2122,Udinese,Jean-Victor Makengo,FRA,MF,23,1998,33,26,2351,26.1,1,3,4,1,0,0,7,1,0.04,0.11,0.15,0.04,0.15
ITA-Serie A,2122,Udinese,Jens Stryger Larsen,DEN,"MF,DF",30,1991,11,8,684,7.6,0,1,1,0,0,0,0,0,0.0,0.13,0.13,0.0,0.13
ITA-Serie A,2122,Udinese,Lazar Samardzic,SRB,MF,19,2002,22,1,490,5.4,2,2,4,2,0,0,0,0,0.37,0.37,0.73,0.37,0.73
ITA-Serie A,2122,Udinese,Marco Silvestri,ITA,GK,30,1991,35,35,3150,35.0,0,0,0,0,0,0,1,0,0.0,0.0,0.0,0.0,0.0
ITA-Serie A,2122,Udinese,Marvin Zeegelaar,NED,"DF,MF",30,1990,14,6,643,7.1,0,0,0,0,0,0,2,0,0.0,0.0,0.0,0.0,0.0
ITA-Serie A,2122,Udinese,Mato Jajalo,BIH,MF,33,1988,22,6,629,7.0,0,1,1,0,0,0,2,0,0.0,0.14,0.14,0.0,0.14
ITA-Serie A,2122,Udinese,Nahuel Molina,ARG,MF,23,1998,35,31,2638,29.3,7,2,9,7,0,0,7,1,0.24,0.07,0.31,0.24,0.31
ITA-Serie A,2122,Udinese,Nehuén Pérez,ARG,DF,21,2000,20,19,1692,18.8,0,1,1,0,0,0,6,0,0.0,0.05,0.05,0.0,0.05
ITA-Serie A,2122,Udinese,Pablo Marí,ESP,DF,27,1993,15,15,1341,14.9,2,0,2,2,0,0,2,1,0.13,0.0,0.13,0.13,0.13
ITA-Serie A,2122,Udinese,Riccardo Pinzi,ITA,MF,17,2003,1,0,1,0.0,0,0,0,0,0,0,0,0,0.0,0.0,0.0,0.0,0.0
ITA-Serie A,2122,Udinese,Roberto Pereyra,ARG,"MF,FW",30,1991,24,22,1794,19.9,3,5,8,2,1,2,10,1,0.15,0.25,0.4,0.1,0.35
ITA-Serie A,2122,Udinese,Rodrigo Becão,BRA,DF,25,1996,35,35,3130,34.8,2,1,3,2,0,0,10,0,0.06,0.03,0.09,0.06,0.09
ITA-Serie A,2122,Udinese,Samir Santos,BRA,DF,26,1994,17,17,1421,15.8,0,0,0,0,0,0,5,0,0.0,0.0,0.0,0.0,0.0
ITA-Serie A,2122,Udinese,Sebastien De Maio,FRA,DF,34,1987,2,2,180,2.0,0,0,0,0,0,0,0,0,0.0,0.0,0.0,0.0,0.0
ITA-Serie A,2122,Udinese,Simone Pafundi,ITA,FW,15,2006,1,0,23,0.3,0,0,0,0,0,0,0,0,0.0,0.0,0.0,0.0,0.0
ITA-Serie A,2122,Udinese,Stefano Okaka,ITA,FW,31,1989,2,0,22,0.2,0,1,1,0,0,0,1,0,0.0,4.09,4.09,0.0,4.09
ITA-Serie A,2122,Udinese,Tolgay Arslan,GER,MF,30,1990,30,22,1658,18.4,1,0,1,1,0,0,9,0,0.05,0.0,0.05,0.05,0.05
ITA-Serie A,2122,Udinese,Walace,BRA,MF,26,1995,36,33,2970,33.0,1,0,1,1,0,0,6,1,0.03,0.0,0.03,0.03,0.03
ITA-Serie A,2122,Venezia,Aleš Matějů,CZE,"DF,MF",25,1996,9,9,727,8.1,0,1,1,0,0,0,3,0,0.0,0.12,0.12,0.0,0.12
ITA-Serie A,2122,Venezia,Antonio Vacca,ITA,MF,31,1990,21,15,1064,11.8,0,0,0,0,0,0,5,0,0.0,0.0,0.0,0.0,0.0
ITA-Serie A,2122,Venezia,Arnór Sigurðsson,ISL,"FW,MF",22,1999,9,0,183,2.0,0,0,0,0,0,0,0,0,0.0,0.0,0.0,0.0,0.0
ITA-Serie A,2122,Venezia,Bjarki Bjarkason,ISL,MF,21,2000,1,0,3,0.0,0,0,0,0,0,0,0,0,0.0,0.0,0.0,0.0,0.0
ITA-Serie A,2122,Venezia,Cristian Molinaro,ITA,DF,38,1983,8,6,548,6.1,0,1,1,0,0,0,0,0,0.0,0.16,0.16,0.0,0.16
ITA-Serie A,2122,Venezia,Daan Heymans,BEL,MF,22,1999,7,2,256,2.8,0,1,1,0,0,0,4,0,0.0,0.35,0.35,0.0,0.35
ITA-Serie A,2122,Venezia,David Okereke,NGA,"FW,MF",23,1997,32,24,2053,22.8,7,0,7,7,0,0,5,1,0.31,0.0,0.31,0.31,0.31
ITA-Serie A,2122,Venezia,David Schnegg,AUT,DF,22,1998,4,2,142,1.6,0,0,0,0,0,0,1,0,0.0,0.0,0.0,0.0,0.0
ITA-Serie A,2122,Venezia,Dennis Johnsen,NOR,"FW,MF",23,1998,26,17,1445,16.1,1,2,3,1,0,0,2,0,0.06,0.12,0.19,0.06,0.19
ITA-Serie A,2122,Venezia,Domen Črnigoj,SVN,MF,25,1995,34,22,1881,20.9,3,1,4,3,0,0,3,0,0.14,0.05,0.19,0.14,0.19
ITA-Serie A,2122,Venezia,Dor Peretz,ISR,MF,26,1995,18,4,585,6.5,0,1,1,0,0,0,2,0,0.0,0.15,0.15,0.0,0.15
ITA-Serie A,2122,Venezia,Ethan Ampadu,WAL,"MF,DF",20,2000,29,26,2282,25.4,0,3,3,0,0,0,13,2,0.0,0.12,0.12,0.0,0.12
ITA-Serie A,2122,Venezia,Francesco Di Mariano,ITA,FW,25,1996,1,1,62,0.7,0,0,0,0,0,0,0,0,0.0,0.0,0.0,0.0,0.0
ITA-Serie A,2122,Venezia,Francesco Forte,ITA,FW,28,1993,12,4,422,4.7,1,0,1,1,0,0,3,0,0.21,0.0,0.21,0.21,0.21
ITA-Serie A,2122,Venezia,Gianluca Busio,USA,MF,19,2002,29,23,1950,21.7,1,1,2,1,0,0,8,0,0.05,0.05,0.09,0.05,0.09
ITA-Serie A,2122,Venezia,Hilmir Mikaelsson,ISL,FW,17,2004,1,0,18,0.2,0,0,0,0,0,0,0,0,0.0,0.0,0.0,0.0,0.0
ITA-Serie A,2122,Venezia,Issa Bah,LUX,FW,19,2002,1,0,9,0.1,0,0,0,0,0,0,0,0,0.0,0.0,0.0,0.0,0.0
ITA-Serie A,2122,Venezia,Jacopo Dezi,ITA,MF,29,1992,1,0,16,0.2,0,0,0,0,0,0,0,0,0.0,0.0,0.0,0.0,0.0
ITA-Serie A,2122,Venezia,Jean-Pierre Nsame,CMR,FW,28,1993,11,1,245,2.7,0,1,1,0,0,0,0,0,0.0,0.37,0.37,0.0,0.37
ITA-Serie A,2122,Venezia,Luca Fiordilino,ITA,MF,25,1996,15,5,661,7.3,0,0,0,0,0,0,2,0,0.0,0.0,0.0,0.0,0.0
ITA-Serie A,2122,Venezia,Luca Lezzerini,ITA,GK,26,1995,6,6,495,5.5,0,0,0,0,0,0,2,0,0.0,0.0,0.0,0.0,0.0
ITA-Serie A,2122,Venezia,Marco Modolo,ITA,DF,32,1989,6,4,392,4.4,0,0,0,0,0,0,2,0,0.0,0.0,0.0,0.0,0.0
ITA-Serie A,2122,Venezia,Mattia Aramu,ITA,"MF,FW",26,1995,32,25,2100,23.3,7,5,12,4,3,4,6,0,0.3,0.21,0.51,0.17,0.39
ITA-Serie A,2122,Venezia,Mattia Caldara,ITA,DF,27,1994,31,30,2704,30.0,1,0,1,1,0,0,9,0,0.03,0.0,0.03,0.03,0.03
ITA-Serie A,2122,Venezia,Maximilian Ullmann,AUT,"MF,DF",25,1996,5,2,246,2.7,0,0,0,0,0,0,0,0,0.0,0.0,0.0,0.0,0.0
ITA-Serie A,2122,Venezia,Michael Svoboda,AUT,DF,22,1998,18,13,1236,13.7,0,0,0,0,0,0,2,1,0.0,0.0,0.0,0.0,0.0
ITA-Serie A,2122,Venezia,Mickaël Cuisance,FRA,MF,21,1999,13,13,918,10.2,0,0,0,0,0,0,2,0,0.0,0.0,0.0,0.0,0.0
ITA-Serie A,2122,Venezia,Nani,POR,"MF,FW",34,1986,10,3,287,3.2,0,1,1,0,0,0,1,0,0.0,0.31,0.31,0.0,0.31
ITA-Serie A,2122,Venezia,Nicolas Galazzi,ITA,MF,20,2000,1,0,16,0.2,0,0,0,0,0,0,0,0,0.0,0.0,0.0,0.0,0.0
ITA-Serie A,2122,Venezia,Niki Mäenpää,FIN,GK,36,1985,17,16,1485,16.5,0,1,1,0,0,0,1,0,0.0,0.06,0.06,0.0,0.06
ITA-Serie A,2122,Venezia,Pasquale Mazzocchi,ITA,DF,26,1995,18,15,1243,13.8,0,0,0,0,0,0,3,0,0.0,0.0,0.0,0.0,0.0
ITA-Serie A,2122,Venezia,Patrick Leal,USA,MF,18,2003,1,0,2,0.0,0,0,0,0,0,0,0,0,0.0,0.0,0.0,0.0,0.0
ITA-Serie A,2122,Venezia,Pietro Ceccaroni,ITA,DF,25,1995,35,35,3122,34.7,2,1,3,2,0,0,7,1,0.06,0.03,0.09,0.06,0.09
ITA-Serie A,2122,Venezia,Ridgeciano Haps,SUR,"DF,MF",28,1993,25,24,2056,22.8,1,1,2,1,0,0,6,0,0.04,0.04,0.09,0.04,0.09
ITA-Serie A,2122,Venezia,Sergio Romero,ARG,GK,34,1987,16,16,1440,16.0,0,0,0,0,0,0,2,0,0.0,0.0,0.0,0.0,0.0
ITA-Serie A,2122,Venezia,Sofian Kiyine,MAR,"MF,FW",23,1997,26,14,1239,13.8,1,0,1,1,0,1,8,1,0.07,0.0,0.07,0.07,0.07
ITA-Serie A,2122,Venezia,Tanner Tessmann,USA,MF,19,2001,20,6,680,7.6,0,0,0,0,0,0,1,1,0.0,0.0,0.0,0.0,0.0
ITA-Serie A,2122,Venezia,Thomas Henry,FRA,FW,26,1994,33,23,2115,23.5,9,2,11,9,0,0,6,1,0.38,0.09,0.47,0.38,0.47
ITA-Serie A,2122,Venezia,Tyronne Ebuehi,NGA,DF,25,1995,19,12,1138,12.6,0,0,0,0,0,0,1,1,0.0,0.0,0.0,0.0,0.0
GER-Bundesliga,2122,Arminia,Alessandro Schöpf,AUT,"MF,FW",27,1994,31,27,2397,26.6,1,0,1,1,0,0,3,1,0.04,0.0,0.04,0.04,0.04
GER-Bundesliga,2122,Arminia,Amos Pieper,GER,DF,23,1998,27,27,2379,26.4,0,0,0,0,0,0,2,0,0.0,0.0,0.0,0.0,0.0
GER-Bundesliga,2122,Arminia,Andrés Andrade Cedeño,PAN,DF,22,1998,17,12,1046,11.6,0,0,0,0,0,0,4,0,0.0,0.0,0.0,0.0,0.0
GER-Bundesliga,2122,Arminia,Bryan Lasme,FRA,"FW,MF",22,1998,23,7,877,9.7,2,0,2,2,0,0,2,0,0.21,0.0,0.21,0.21,0.21
GER-Bundesliga,2122,Arminia,Burak İnce,TUR,FW,17,2004,5,1,139,1.5,0,0,0,0,0,0,0,0,0.0,0.0,0.0,0.0,0.0
GER-Bundesliga,2122,Arminia,Cédric Brunner,SUI,DF,27,1994,27,26,2183,24.3,0,1,1,0,0,0,6,0,0.0,0.04,0.04,0.0,0.04
GER-Bundesliga,2122,Arminia,Edimilson Fernandes,SUI,MF,25,1996,7,2,283,3.1,0,0,0,0,0,0,0,0,0.0,0.0,0.0,0.0,0.0
GER-Bundesliga,2122,Arminia,Fabian Klos,GER,FW,33,1987,25,14,1420,15.8,3,1,4,1,2,2,2,1,0.19,0.06,0.25,0.06,0.13
GER-Bundesliga,2122,Arminia,Fabian Kunze,GER,MF,23,1998,22,13,1260,14.0,0,0,0,0,0,0,9,0,0.0,0.0,0.0,0.0,0.0
GER-Bundesliga,2122,Arminia,Florian Krüger,GER,"MF,FW",22,1999,27,12,1129,12.5,1,2,3,1,0,0,0,0,0.08,0.16,0.24,0.08,0.24
GER-Bundesliga,2122,Arminia,George Bello,USA,DF,19,2002,10,3,434,4.8,0,0,0,0,0,0,0,0,0.0,0.0,0.0,0.0,0.0
GER-Bundesliga,2122,Arminia,Gonzalo Castro,GER,"MF,FW",34,1987,12,4,436,4.8,1,1,2,1,0,0,0,0,0.21,0.21,0.41,0.21,0.41
GER-Bundesliga,2122,Arminia,Guilherme Ramos,POR,DF,23,1997,13,9,906,10.1,0,0,0,0,0,0,1,0,0.0,0.0,0.0,0.0,0.0
GER-Bundesliga,2122,Arminia,Jacob Barrett Laursen,DEN,"DF,MF",26,1994,24,20,1632,18.1,2,0,2,2,0,0,1,0,0.11,0.0,0.11,0.11,0.11
GER-Bundesliga,2122,Arminia,Janni Serra,GER,FW,23,1998,26,15,1117,12.4,3,2,5,3,0,0,1,0,0.24,0.16,0.4,0.24,0.4
GER-Bundesliga,2122,Arminia,Joakim Nilsson,SWE,DF,27,1994,31,31,2735,30.4,2,0,2,2,0,0,5,0,0.07,0.0,0.07,0.07,0.07
GER-Bundesliga,2122,Arminia,Lennart-Marten Czyborra,GER,DF,22,1999,4,1,131,1.5,0,0,0,0,0,0,1,0,0.0,0.0,0.0,0.0,0.0
GER-Bundesliga,2122,Arminia,Manuel Prietl,AUT,"MF,DF",29,1991,26,23,2123,23.6,0,1,1,0,0,0,3,0,0.0,0.04,0.04,0.0,0.04
GER-Bundesliga,2122,Arminia,Masaya Okugawa,JPN,"MF,FW",25,1996,33,30,2531,28.1,8,1,9,8,0,0,0,0,0.28,0.04,0.32,0.28,0.32
GER-Bundesliga,2122,Arminia,Mike van der Hoorn,NED,DF,28,1992,1,0,14,0.2,0,0,0,0,0,0,0,0,0.0,0.0,0.0,0.0,0.0
GER-Bundesliga,2122,Arminia,Nathan de Medina,BEL,DF,23,1997,19,7,775,8.6,0,0,0,0,0,0,2,0,0.0,0.0,0.0,0.0,0.0
GER-Bundesliga,2122,Arminia,Patrick Wimmer,AUT,"MF,FW",20,2001,31,27,2052,22.8,3,6,9,3,0,0,7,0,0.13,0.26,0.39,0.13,0.39
GER-Bundesliga,2122,Arminia,Robin Hack,GER,"MF,FW",22,1998,30,13,1364,15.2,0,3,3,0,0,0,2,0,0.0,0.2,0.2,0.0,0.2
GER-Bundesliga,2122,Arminia,Sebastian Vasiliadis,GRE,MF,23,1997,19,16,1193,13.3,0,0,0,0,0,0,3,0,0.0,0.0,0.0,0.0,0.0
GER-Bundesliga,2122,Arminia,Stefan Ortega,GER,GK,28,1992,33,33,2970,33.0,0,0,0,0,0,0,1,0,0.0,0.0,0.0,0.0,0.0
GER-Bundesliga,2122,Arminia,Stefanos Kapino,GRE,GK,27,1994,1,1,90,1.0,0,0,0,0,0,0,0,0,0.0,0.0,0.0,0.0,0.0
GER-Bundesliga,2122,Augsburg,Alfreð Finnbogason,ISL,"FW,MF",32,1989,10,3,292,3.2,2,1,3,2,0,0,0,0,0.62,0.31,0.92,0.62,0.92
GER-Bundesliga,2122,Augsburg,Andi Zeqiri,SUI,FW,22,1999,22,11,1016,11.3,2,1,3,2,0,0,2,0,0.18,0.09,0.27,0.18,0.27
GER-Bundesliga,2122,Augsburg,André Hahn,GER,"MF,FW",30,1990,32,25,2101,23.3,5,2,7,5,0,0,5,0,0.21,0.09,0.3,0.21,0.3
GER-Bundesliga,2122,Augsburg,Arne Maier,GER,MF,22,1999,29,21,1864,20.7,1,6,7,1,0,0,0,0,0.05,0.29,0.34,0.05,0.34
GER-Bundesliga,2122,Augsburg,Carlos Gruezo,ECU,MF,26,1995,17,9,970,10.8,0,0,0,0,0,0,7,0,0.0,0.0,0.0,0.0,0.0
GER-Bundesliga,2122,Augsburg,Daniel Caligiuri,ITA,MF,33,1988,28,24,2004,22.3,4,2,6,1,3,3,4,0,0.18,0.09,0.27,0.04,0.13
GER-Bundesliga,2122,Augsburg,Florian Niederlechner,GER,FW,30,1990,26,13,1165,12.9,5,3,8,5,0,0,1,0,0.39,0.23,0.62,0.39,0.62
GER-Bundesliga,2122,Augsburg,Frederik Winther,DEN,DF,20,2001,4,3,328,3.6,0,0,0,0,0,0,1,0,0.0,0.0,0.0,0.0,0.0
GER-Bundesliga,2122,Augsburg,Fredrik Jensen,FIN,MF,23,1997,12,2,418,4.6,0,1,1,0,0,0,0,0,0.0,0.22,0.22,0.0,0.22
GER-Bundesliga,2122,Augsburg,Iago,BRA,"DF,MF",24,1997,28,26,2174,24.2,2,5,7,2,0,0,3,0,0.08,0.21,0.29,0.08,0.29
GER-Bundesliga,2122,Augsburg,Jan Morávek,CZE,MF,31,1989,17,5,471,5.2,0,0,0,0,0,0,1,0,0.0,0.0,0.0,0.0,0.0
GER-Bundesliga,2122,Augsburg,Jeffrey Gouweleeuw,NED,DF,30,1991,29,29,2576,28.6,2,0,2,1,1,1,9,0,0.07,0.0,0.07,0.03,0.03
GER-Bundesliga,2122,Augsburg,Lasse Günther,GER,MF,18,2003,5,1,161,1.8,0,0,0,0,0,0,1,0,0.0,0.0,0.0,0.0,0.0
GER-Bundesliga,2122,Augsburg,Mads Pedersen,DEN,"MF,DF",24,1996,29,15,1391,15.5,2,1,3,2,0,0,5,0,0.13,0.06,0.19,0.13,0.19
GER-Bundesliga,2122,Augsburg,Michael Gregoritsch,AUT,"FW,MF",27,1994,25,15,1392,15.5,9,0,9,8,1,1,3,0,0.58,0.0,0.58,0.52,0.52
GER-Bundesliga,2122,Augsburg,Niklas Dorsch,GER,MF,23,1998,30,27,2324,25.8,1,0,1,1,0,0,8,0,0.04,0.0,0.04,0.04,0.04
GER-Bundesliga,2122,Augsburg,Noah Sarenren Bazee,NGA,MF,24,1996,14,1,241,2.7,1,0,1,1,0,0,1,0,0.37,0.0,0.37,0.37,0.37
GER-Bundesliga,2122,Augsburg,Ohis Felix Uduokhai,GER,DF,23,1997,13,8,787,8.7,0,0,0,0,0,0,1,0,0.0,0.0,0.0,0.0,0.0
GER-Bundesliga,2122,Augsburg,Rafał Gikiewicz,POL,GK,33,1987,34,34,3060,34.0,0,0,0,0,0,0,0,0,0.0,0.0,0.0,0.0,0.0
GER-Bundesliga,2122,Augsburg,Raphael Framberger,GER,"DF,MF",25,1995,23,9,848,9.4,0,0,0,0,0,0,3,0,0.0,0.0,0.0,0.0,0.0
GER-Bundesliga,2122,Augsburg,Reece Oxford,ENG,DF,22,1998,30,30,2693,29.9,2,1,3,2,0,0,9,0,0.07,0.03,0.1,0.07,0.1
GER-Bundesliga,2122,Augsburg,Ricardo Pepi,USA,"FW,MF",18,2003,11,4,477,5.3,0,0,0,0,0,0,0,0,0.0,0.0,0.0,0.0,0.0
GER-Bundesliga,2122,Augsburg,Robert Gumny,POL,DF,23,1998,28,27,2272,25.2,0,0,0,0,0,0,3,0,0.0,0.0,0.0,0.0,0.0
GER-Bundesliga,2122,Augsburg,Ruben Vargas,SUI,"MF,FW",22,1998,29,26,1984,22.0,1,3,4,1,0,0,4,0,0.05,0.14,0.18,0.05,0.18
GER-Bundesliga,2122,Augsburg,Sergio Córdova,VEN,FW,23,1997,13,2,328,3.6,0,0,0,0,0,0,2,0,0.0,0.0,0.0,0.0,0.0
GER-Bundesliga,2122,Augsburg,Tobias Strobl,GER,MF,31,1990,5,4,323,3.6,0,0,0,0,0,0,1,0,0.0,0.0,0.0,0.0,0.0
GER-Bundesliga,2122,Bayern Munich,Alphonso Davies,CAN,"DF,MF",20,2000,22,20,1740,19.3,0,3,3,0,0,0,3,0,0.0,0.16,0.16,0.0,0.16
GER-Bundesliga,2122,Bayern Munich,Benjamin Pavard,FRA,"DF,MF",25,1996,25,24,2076,23.1,0,1,1,0,0,0,2,1,0.0,0.04,0.04,0.0,0.04
GER-Bundesliga,2122,Bayern Munich,Bouna Sarr,SEN,"DF,MF",29,1992,5,0,64,0.7,0,0,0,0,0,0,0,0,0.0,0.0,0.0,0.0,0.0
GER-Bundesliga,2122,Bayern Munich,Chris Richards,USA,DF,21,2000,1,0,3,0.0,0,0,0,0,0,0,0,0,0.0,0.0,0.0,0.0,0.0
GER-Bundesliga,2122,Bayern Munich,Christian Früchtl,GER,GK,21,2000,1,0,10,0.1,0,0,0,0,0,0,0,0,0.0,0.0,0.0,0.0,0.0
GER-Bundesliga,2122,Bayern Munich,Corentin Tolisso,FRA,"MF,DF",26,1994,15,8,703,7.8,2,1,3,2,0,0,0,0,0.26,0.13,0.38,0.26,0.38
GER-Bundesliga,2122,Bayern Munich,Dayot Upamecano,FRA,DF,22,1998,28,25,2211,24.6,1,6,7,1,0,0,4,0,0.04,0.24,0.28,0.04,0.28
GER-Bundesliga,2122,Bayern Munich,Eric Maxim Choupo-Moting,CMR,MF,32,1989,20,1,377,4.2,4,2,6,4,0,0,0,0,0.95,0.48,1.43,0.95,1.43
GER-Bundesliga,2122,Bayern Munich,Gabriel Vidovic,CRO,MF,17,2003,3,0,36,0.4,0,0,0,0,0,0,0,0,0.0,0.0,0.0,0.0,0.0
GER-Bundesliga,2122,Bayern Munich,Jamal Musiala,GER,MF,18,2003,30,12,1465,16.3,5,5,10,5,0,0,2,0,0.31,0.31,0.61,0.31,0.61
GER-Bundesliga,2122,Bayern Munich,Joshua Kimmich,GER,"MF,DF",26,1995,28,28,2474,27.5,3,9,12,3,0,0,4,0,0.11,0.33,0.44,0.11,0.44
GER-Bundesliga,2122,Bayern Munich,Josip Stanišić,CRO,"DF,MF",21,2000,13,6,644,7.2,1,0,1,1,0,0,1,0,0.14,0.0,0.14,0.14,0.14
GER-Bundesliga,2122,Bayern Munich,Kingsley Coman,FRA,"MF,FW",25,1996,21,16,1359,15.1,6,2,8,6,0,0,1,1,0.4,0.13,0.53,0.4,0.53
GER-Bundesliga,2122,Bayern Munich,Leon Goretzka,GER,MF,26,1995,19,19,1396,15.5,3,3,6,3,0,0,0,0,0.19,0.19,0.39,0.19,0.39
GER-Bundesliga,2122,Bayern Munich,Leroy Sané,GER,MF,25,1996,32,22,1976,22.0,7,7,14,7,0,0,3,0,0.32,0.32,0.64,0.32,0.64
GER-Bundesliga,2122,Bayern Munich,Lucas Copado,GER,FW,17,2004,1,0,16,0.2,0,0,0,0,0,0,0,0,0.0,0.0,0.0,0.0,0.0
GER-Bundesliga,2122,Bayern Munich,Lucas Hernández,FRA,DF,25,1996,25,25,2030,22.6,0,1,1,0,0,0,7,0,0.0,0.04,0.04,0.0,0.04
GER-Bundesliga,2122,Bayern Munich,Malik Tillman,USA,MF,19,2002,4,1,104,1.2,0,0,0,0,0,0,0,0,0.0,0.0,0.0,0.0,0.0
GER-Bundesliga,2122,Bayern Munich,Manuel Neuer,GER,GK,35,1986,28,28,2510,27.9,0,0,0,0,0,0,0,0,0.0,0.0,0.0,0.0,0.0
GER-Bundesliga,2122,Bayern Munich,Marc Roca,ESP,MF,24,1996,9,4,379,4.2,0,0,0,0,0,0,0,0,0.0,0.0,0.0,0.0,0.0
GER-Bundesliga,2122,Bayern Munich,Marcel Sabitzer,AUT,"MF,DF",27,1994,25,8,905,10.1,1,1,2,1,0,0,0,0,0.1,0.1,0.2,0.1,0.2
GER-Bundesliga,2122,Bayern Munich,Mickaël Cuisance,FRA,MF,21,1999,1,0,13,0.1,0,0,0,0,0,0,0,0,0.0,0.0,0.0,0.0,0.0
GER-Bundesliga,2122,Bayern Munich,Niklas Süle,GER,"DF,MF",25,1995,28,19,1837,20.4,1,2,3,1,0,0,2,0,0.05,0.1,0.15,0.05,0.15
GER-Bundesliga,2122,Bayern Munich,Omar Richards,ENG,"DF,MF",23,1998,12,5,438,4.9,0,0,0,0,0,0,1,0,0.0,0.0,0.0,0.0,0.0
GER-Bundesliga,2122,Bayern Munich,Paul Wanner,AUT,MF,15,2005,4,0,39,0.4,0,0,0,0,0,0,0,0,0.0,0.0,0.0,0.0,0.0
GER-Bundesliga,2122,Bayern Munich,Robert Lewandowski,POL,FW,32,1988,34,34,2946,32.7,35,3,38,30,5,5,2,0,1.07,0.09,1.16,0.92,1.01
GER-Bundesliga,2122,Bayern Munich,Serge Gnabry,GER,MF,26,1995,34,25,2185,24.3,14,5,19,14,0,0,0,0,0.58,0.21,0.78,0.58,0.78
GER-Bundesliga,2122,Bayern Munich,Sven Ulreich,GER,GK,32,1988,6,6,540,6.0,0,0,0,0,0,0,0,0,0.0,0.0,0.0,0.0,0.0
GER-Bundesliga,2122,Bayern Munich,Tanguy Nianzou,FRA,DF,19,2002,17,6,582,6.5,1,1,2,1,0,0,4,0,0.15,0.15,0.31,0.15,0.31
GER-Bundesliga,2122,Bayern Munich,Thomas Müller,GER,MF,31,1989,32,32,2558,28.4,8,18,26,8,0,0,0,0,0.28,0.63,0.91,0.28,0.91
GER-Bundesliga,2122,Bochum,Anthony Losilla,FRA,MF,35,1986,33,33,2935,32.6,2,0,2,2,0,0,5,0,0.06,0.0,0.06,0.06,0.06
GER-Bundesliga,2122,Bochum,Armel Bella Kotchap,GER,DF,19,2001,22,20,1768,19.6,0,0,0,0,0,0,5,0,0.0,0.0,0.0,0.0,0.0
GER-Bundesliga,2122,Bochum,Christopher Antwi-Adjei,GHA,"FW,MF",27,1994,25,12,1130,12.6,1,1,2,1,0,0,2,0,0.08,0.08,0.16,0.08,0.16
GER-Bundesliga,2122,Bochum,Cristian Gamboa,CRC,DF,31,1989,23,20,1722,19.1,1,0,1,1,0,0,6,0,0.05,0.0,0.05,0.05,0.05
GER-Bundesliga,2122,Bochum,Danilo Soares,BRA,DF,29,1991,30,30,2564,28.5,0,1,1,0,0,0,4,0,0.0,0.04,0.04,0.0,0.04
GER-Bundesliga,2122,Bochum,Danny Blum,GER,FW,30,1991,13,2,346,3.8,2,0,2,2,0,0,0,0,0.52,0.0,0.52,0.52,0.52
GER-Bundesliga,2122,Bochum,Eduard Löwen,GER,MF,24,1997,26,15,1416,15.7,2,2,4,1,1,1,0,0,0.13,0.13,0.25,0.06,0.19
GER-Bundesliga,2122,Bochum,Elvis Rexhbeçaj,KVX,MF,23,1997,32,30,2542,28.2,0,0,0,0,0,0,5,0,0.0,0.0,0.0,0.0,0.0
GER-Bundesliga,2122,Bochum,Erhan Mašović,SRB,DF,22,1998,20,17,1552,17.2,0,0,0,0,0,0,7,0,0.0,0.0,0.0,0.0,0.0
GER-Bundesliga,2122,Bochum,Gerrit Holtmann,PHI,"FW,MF",26,1995,29,23,1840,20.4,5,4,9,5,0,0,0,0,0.24,0.2,0.44,0.24,0.44
GER-Bundesliga,2122,Bochum,Herbert Bockhorn,UGA,"DF,MF",26,1995,18,7,850,9.4,0,0,0,0,0,0,1,0,0.0,0.0,0.0,0.0,0.0
GER-Bundesliga,2122,Bochum,Jürgen Locadia,CUW,FW,27,1993,11,4,444,4.9,2,1,3,1,1,1,0,0,0.41,0.2,0.61,0.2,0.41
GER-Bundesliga,2122,Bochum,Kostas Stafylidis,GRE,"DF,MF",27,1993,24,15,1388,15.4,0,1,1,0,0,0,3,1,0.0,0.06,0.06,0.0,0.06
GER-Bundesliga,2122,Bochum,Luis Hartwig,GER,FW,18,2002,1,0,2,0.0,0,0,0,0,0,0,0,0,0.0,0.0,0.0,0.0,0.0
GER-Bundesliga,2122,Bochum,Manuel Riemann,GER,GK,32,1988,31,31,2790,31.0,0,1,1,0,0,1,2,0,0.0,0.03,0.03,0.0,0.03
GER-Bundesliga,2122,Bochum,Maxim Leitsch,GER,DF,23,1998,19,17,1538,17.1,1,0,1,1,0,0,2,0,0.06,0.0,0.06,0.06,0.06
GER-Bundesliga,2122,Bochum,Michael Esser,GER,GK,33,1987,3,3,270,3.0,0,0,0,0,0,0,0,0,0.0,0.0,0.0,0.0,0.0
GER-Bundesliga,2122,Bochum,Miloš Pantović,SRB,"MF,FW",25,1996,28,18,1533,17.0,4,3,7,3,1,1,2,0,0.23,0.18,0.41,0.18,0.35
GER-Bundesliga,2122,Bochum,Patrick Osterhage,GER,MF,21,2000,13,6,599,6.7,0,1,1,0,0,0,2,0,0.0,0.15,0.15,0.0,0.15
GER-Bundesliga,2122,Bochum,Robert Tesche,GER,MF,34,1987,11,5,349,3.9,0,0,0,0,0,0,2,1,0.0,0.0,0.0,0.0,0.0
GER-Bundesliga,2122,Bochum,Saulo Decarli,SUI,DF,29,1992,1,0,9,0.1,0,0,0,0,0,0,0,0,0.0,0.0,0.0,0.0,0.0
GER-Bundesliga,2122,Bochum,Sebastian Polter,GER,FW,30,1991,33,27,2341,26.0,10,1,11,9,1,2,2,0,0.38,0.04,0.42,0.35,0.38
GER-Bundesliga,2122,Bochum,Silvère Ganvoula,CGO,FW,25,1996,9,0,153,1.7,0,0,0,0,0,0,0,0,0.0,0.0,0.0,0.0,0.0
GER-Bundesliga,2122,Bochum,Simon Zoller,GER,"FW,MF",30,1991,10,6,596,6.6,3,2,5,3,0,0,3,0,0.45,0.3,0.76,0.45,0.76
GER-Bundesliga,2122,Bochum,Soma Novothny,HUN,FW,27,1994,6,0,80,0.9,1,0,1,1,0,0,0,0,1.13,0.0,1.13,1.13,1.13
GER-Bundesliga,2122,Bochum,Takuma Asano,JPN,"FW,MF",26,1994,27,20,1608,17.9,3,4,7,3,0,0,1,0,0.17,0.22,0.39,0.17,0.39
GER-Bundesliga,2122,Bochum,Tarsis Bonga,GER,"FW,MF",24,1997,3,0,17,0.2,0,0,0,0,0,0,0,0,0.0,0.0,0.0,0.0,0.0
GER-Bundesliga,2122,Bochum,Vassilis Lambropoulos,GRE,DF,31,1990,13,13,1168,13.0,0,0,0,0,0,0,1,0,0.0,0.0,0.0,0.0,0.0
GER-Bundesliga,2122,Dortmund,Ansgar Knauff,GER,MF,19,2002,5,0,114,1.3,0,0,0,0,0,0,0,0,0.0,0.0,0.0,0.0,0.0
GER-Bundesliga,2122,Dortmund,Antonios Papadopoulos,GER,"DF,MF",21,1999,2,0,17,0.2,0,0,0,0,0,0,1,0,0.0,0.0,0.0,0.0,0.0
GER-Bundesliga,2122,Dortmund,Axel Witsel,BEL,"MF,DF",32,1989,29,22,1941,21.6,2,0,2,2,0,0,4,0,0.09,0.0,0.09,0.09,0.09
GER-Bundesliga,2122,Dortmund,Dan-Axel Zagadou,FRA,DF,22,1999,15,10,952,10.6,0,0,0,0,0,0,2,0,0.0,0.0,0.0,0.0,0.0
GER-Bundesliga,2122,Dortmund,Donyell Malen,NED,FW,22,1999,27,20,1684,18.7,5,3,8,5,0,0,2,0,0.27,0.16,0.43,0.27,0.43
GER-Bundesliga,2122,Dortmund,Emre Can,GER,"DF,MF",27,1994,24,19,1690,18.8,5,1,6,1,4,4,5,0,0.27,0.05,0.32,0.05,0.11
GER-Bundesliga,2122,Dortmund,Erling Haaland,NOR,FW,21,2000,24,21,1911,21.2,22,8,30,16,6,6,3,0,1.04,0.38,1.41,0.75,1.13
GER-Bundesliga,2122,Dortmund,Felix Passlack,GER,DF,23,1998,10,5,472,5.2,1,0,1,1,0,0,0,0,0.19,0.0,0.19,0.19,0.19
GER-Bundesliga,2122,Dortmund,Gio Reyna,USA,"MF,FW",18,2002,10,6,439,4.9,2,1,3,2,0,0,0,0,0.41,0.21,0.62,0.41,0.62
GER-Bundesliga,2122,Dortmund,Gregor Kobel,SUI,GK,23,1997,29,29,2565,28.5,0,0,0,0,0,0,0,0,0.0,0.0,0.0,0.0,0.0
GER-Bundesliga,2122,Dortmund,Immanuel Pherai,SUR,"FW,MF",20,2001,1,0,1,0.0,0,0,0,0,0,0,0,0,0.0,0.0,0.0,0.0,0.0
GER-Bundesliga,2122,Dortmund,Jamie Gittens,ENG,MF,16,2004,4,1,134,1.5,0,0,0,0,0,0,0,0,0.0,0.0,0.0,0.0,0.0
GER-Bundesliga,2122,Dortmund,Jude Bellingham,ENG,MF,18,2003,32,32,2790,31.0,3,8,11,3,0,0,9,0,0.1,0.26,0.35,0.1,0.35
GER-Bundesliga,2122,Dortmund,Julian Brandt,GER,MF,25,1996,31,22,2078,23.1,9,8,17,9,0,0,3,0,0.39,0.35,0.74,0.39,0.74
GER-Bundesliga,2122,Dortmund,Lennard Maloney,USA,"DF,MF",21,1999,2,0,9,0.1,0,0,0,0,0,0,0,0,0.0,0.0,0.0,0.0,0.0
GER-Bundesliga,2122,Dortmund,Lion Semić,GER,DF,17,2003,1,0,3,0.0,0,0,0,0,0,0,0,0,0.0,0.0,0.0,0.0,0.0
GER-Bundesliga,2122,Dortmund,Mahmoud Dahoud,GER,"MF,DF",25,1996,22,20,1658,18.4,2,3,5,2,0,0,7,1,0.11,0.16,0.27,0.11,0.27
GER-Bundesliga,2122,Dortmund,Manuel Akanji,SUI,DF,26,1995,26,25,2261,25.1,1,0,1,1,0,0,3,0,0.04,0.0,0.04,0.04,0.04
GER-Bundesliga,2122,Dortmund,Marco Reus,GER,"MF,FW",32,1989,29,29,2503,27.8,9,13,22,9,0,0,2,0,0.32,0.47,0.79,0.32,0.79
GER-Bundesliga,2122,Dortmund,Marin Pongračić,CRO,DF,23,1997,17,9,827,9.2,0,0,0,0,0,0,3,0,0.0,0.0,0.0,0.0,0.0
GER-Bundesliga,2122,Dortmund,Marius Wolf,GER,"MF,DF",26,1995,27,15,1321,14.7,3,1,4,3,0,0,4,0,0.2,0.07,0.27,0.2,0.27
GER-Bundesliga,2122,Dortmund,Marwin Hitz,SUI,GK,33,1987,5,4,405,4.5,0,0,0,0,0,0,0,0,0.0,0.0,0.0,0.0,0.0
GER-Bundesliga,2122,Dortmund,Mats Hummels,GER,DF,32,1988,23,20,1765,19.6,1,2,3,1,0,0,4,0,0.05,0.1,0.15,0.05,0.15
GER-Bundesliga,2122,Dortmund,Nico Schulz,GER,DF,28,1993,16,9,836,9.3,0,2,2,0,0,0,2,0,0.0,0.22,0.22,0.0,0.22
GER-Bundesliga,2122,Dortmund,Raphaël Guerreiro,POR,"DF,MF",27,1993,23,21,1795,19.9,4,2,6,3,1,1,1,0,0.2,0.1,0.3,0.15,0.25
GER-Bundesliga,2122,Dortmund,Reinier,BRA,MF,19,2002,13,1,162,1.8,0,0,0,0,0,0,0,0,0.0,0.0,0.0,0.0,0.0
GER-Bundesliga,2122,Dortmund,Roman Bürki,SUI,GK,30,1990,1,1,90,1.0,0,0,0,0,0,0,0,0,0.0,0.0,0.0,0.0,0.0
GER-Bundesliga,2122,Dortmund,Steffen Tigges,GER,FW,23,1998,9,0,112,1.2,3,0,3,3,0,0,0,0,2.41,0.0,2.41,2.41,2.41
GER-Bundesliga,2122,Dortmund,Thomas Delaney,DEN,MF,29,1991,1,0,18,0.2,0,0,0,0,0,0,0,0,0.0,0.0,0.0,0.0,0.0
GER-Bundesliga,2122,Dortmund,Thomas Meunier,BEL,"DF,MF",29,1991,17,17,1402,15.6,2,4,6,2,0,0,4,0,0.13,0.26,0.39,0.13,0.39
GER-Bundesliga,2122,Dortmund,Thorgan Hazard,BEL,"MF,FW",28,1993,23,14,1337,14.9,4,1,5,4,0,0,2,0,0.27,0.07,0.34,0.27,0.34
GER-Bundesliga,2122,Dortmund,Tom Rothe,GER,MF,16,2004,2,1,94,1.0,1,0,1,1,0,0,1,0,0.96,0.0,0.96,0.96,0.96
GER-Bundesliga,2122,Dortmund,Youssoufa Moukoko,GER,FW,16,2004,16,1,223,2.5,2,0,2,2,0,0,1,0,0.81,0.0,0.81,0.81,0.81
GER-Bundesliga,2122,Frankfurt,Ajdin Hrustic,AUS,MF,25,1996,23,9,964,10.7,2,0,2,2,0,0,2,0,0.19,0.0,0.19,0.19,0.19
GER-Bundesliga,2122,Frankfurt,Almamy Touré,MLI,"MF,DF",25,1996,10,5,506,5.6,0,0,0,0,0,0,2,0,0.0,0.0,0.0,0.0,0.0
GER-Bundesliga,2122,Frankfurt,Ansgar Knauff,GER,MF,19,2002,12,8,759,8.4,1,1,2,1,0,0,0,0,0.12,0.12,0.24,0.12,0.24
GER-Bundesliga,2122,Frankfurt,Aymen Barkok,MAR,MF,23,1998,5,2,160,1.8,0,0,0,0,0,0,0,0,0.0,0.0,0.0,0.0,0.0
GER-Bundesliga,2122,Frankfurt,Christopher Lenz,GER,"MF,DF",26,1994,15,6,664,7.4,0,1,1,0,0,0,6,0,0.0,0.14,0.14,0.0,0.14
GER-Bundesliga,2122,Frankfurt,Daichi Kamada,JPN,MF,24,1996,32,23,2139,23.8,4,3,7,4,0,0,0,0,0.17,0.13,0.29,0.17,0.29
GER-Bundesliga,2122,Frankfurt,Danny da Costa,GER,"MF,DF",28,1993,11,7,725,8.1,0,0,0,0,0,0,2,0,0.0,0.0,0.0,0.0,0.0
GER-Bundesliga,2122,Frankfurt,Diant Ramaj,GER,GK,19,2001,1,1,90,1.0,0,0,0,0,0,0,0,0,0.0,0.0,0.0,0.0,0.0
GER-Bundesliga,2122,Frankfurt,Djibril Sow,SUI,MF,24,1997,31,28,2415,26.8,2,3,5,2,0,0,5,0,0.07,0.11,0.19,0.07,0.19
GER-Bundesliga,2122,Frankfurt,Erik Durm,GER,"DF,MF",29,1992,7,7,474,5.3,0,1,1,0,0,0,1,0,0.0,0.19,0.19,0.0,0.19
GER-Bundesliga,2122,Frankfurt,Filip Kostić,SRB,MF,28,1992,31,28,2522,28.0,4,9,13,4,0,0,2,0,0.14,0.32,0.46,0.14,0.46
GER-Bundesliga,2122,Frankfurt,Gonçalo Paciência,POR,FW,26,1994,18,4,516,5.7,3,0,3,2,1,2,3,0,0.52,0.0,0.52,0.35,0.35
GER-Bundesliga,2122,Frankfurt,Jens Grahl,GER,GK,32,1988,1,1,90,1.0,0,0,0,0,0,0,0,0,0.0,0.0,0.0,0.0,0.0
GER-Bundesliga,2122,Frankfurt,Jens Petter Hauge,NOR,"MF,FW",21,1999,26,9,1040,11.6,2,2,4,2,0,0,4,0,0.17,0.17,0.35,0.17,0.35
GER-Bundesliga,2122,Frankfurt,Jesper Lindstrøm,DEN,"MF,FW",21,2000,29,26,1976,22.0,5,4,9,5,0,0,0,0,0.23,0.18,0.41,0.23,0.41
GER-Bundesliga,2122,Frankfurt,Kevin Trapp,GER,GK,31,1990,32,32,2880,32.0,0,0,0,0,0,0,2,0,0.0,0.0,0.0,0.0,0.0
GER-Bundesliga,2122,Frankfurt,Kristijan Jakić,CRO,MF,24,1997,26,21,1879,20.9,1,0,1,1,0,0,6,0,0.05,0.0,0.05,0.05,0.05
GER-Bundesliga,2122,Frankfurt,Makoto Hasebe,JPN,DF,37,1984,18,12,1187,13.2,0,0,0,0,0,0,1,0,0.0,0.0,0.0,0.0,0.0
GER-Bundesliga,2122,Frankfurt,Martin Hinteregger,AUT,DF,28,1992,27,25,2222,24.7,1,0,1,1,0,0,6,0,0.04,0.0,0.04,0.04,0.04
GER-Bundesliga,2122,Frankfurt,Obite N'Dicka,CIV,DF,21,1999,32,32,2857,31.7,4,4,8,4,0,0,3,0,0.13,0.13,0.25,0.13,0.25
GER-Bundesliga,2122,Frankfurt,Rafael Borré,COL,FW,25,1995,31,28,2378,26.4,8,4,12,8,0,0,5,0,0.3,0.15,0.45,0.3,0.45
GER-Bundesliga,2122,Frankfurt,Ragnar Ache,GER,MF,23,1998,13,1,259,2.9,0,1,1,0,0,0,0,0,0.0,0.35,0.35,0.0,0.35
GER-Bundesliga,2122,Frankfurt,Sam Lammers,NED,FW,24,1997,15,5,517,5.7,1,0,1,1,0,0,1,0,0.17,0.0,0.17,0.17,0.17
GER-Bundesliga,2122,Frankfurt,Sebastian Rode,GER,MF,30,1990,17,10,759,8.4,1,0,1,1,0,0,1,0,0.12,0.0,0.12,0.12,0.12
GER-Bundesliga,2122,Frankfurt,Stefan Ilsanker,AUT,"DF,MF",32,1989,12,3,266,3.0,0,0,0,0,0,0,1,0,0.0,0.0,0.0,0.0,0.0
GER-Bundesliga,2122,Frankfurt,Timothy Chandler,USA,MF,31,1990,17,15,1212,13.5,0,0,0,0,0,0,4,0,0.0,0.0,0.0,0.0,0.0
GER-Bundesliga,2122,Frankfurt,Tuta,BRA,DF,22,1999,26,26,2183,24.3,4,0,4,4,0,0,4,1,0.16,0.0,0.16,0.16,0.16
GER-Bundesliga,2122,Freiburg,Baptiste Santamaria,FRA,MF,26,1995,1,0,21,0.2,0,0,0,0,0,0,0,0,0.0,0.0,0.0,0.0,0.0
GER-Bundesliga,2122,Freiburg,Benjamin Uphoff,GER,GK,27,1993,2,2,180,2.0,0,0,0,0,0,0,0,0,0.0,0.0,0.0,0.0,0.0
GER-Bundesliga,2122,Freiburg,Christian Günter,GER,"DF,MF",28,1993,34,34,3060,34.0,2,9,11,2,0,0,2,0,0.06,0.26,0.32,0.06,0.32
GER-Bundesliga,2122,Freiburg,Dominique Heintz,GER,DF,27,1993,1,0,29,0.3,0,0,0,0,0,0,0,0,0.0,0.0,0.0,0.0,0.0
GER-Bundesliga,2122,Freiburg,Ermedin Demirović,BIH,FW,23,1998,31,9,871,9.7,2,3,5,2,0,0,4,0,0.21,0.31,0.52,0.21,0.52
GER-Bundesliga,2122,Freiburg,Hugo Siquet,BEL,"DF,MF",19,2002,1,0,22,0.2,0,0,0,0,0,0,0,0,0.0,0.0,0.0,0.0,0.0
GER-Bundesliga,2122,Freiburg,Janik Haberer,GER,MF,27,1994,26,7,818,9.1,3,0,3,3,0,0,1,0,0.33,0.0,0.33,0.33,0.33
GER-Bundesliga,2122,Freiburg,Jeong Woo-yeong,KOR,"MF,FW",21,1999,32,23,1782,19.8,5,2,7,5,0,0,1,0,0.25,0.1,0.35,0.25,0.35
GER-Bundesliga,2122,Freiburg,Jonathan Schmid,FRA,"MF,DF",31,1990,13,6,588,6.5,0,1,1,0,0,0,0,0,0.0,0.15,0.15,0.0,0.15
GER-Bundesliga,2122,Freiburg,Keven Schlotterbeck,GER,DF,24,1997,12,3,315,3.5,0,0,0,0,0,0,1,0,0.0,0.0,0.0,0.0,0.0
GER-Bundesliga,2122,Freiburg,Kevin Schade,GER,"MF,FW",19,2001,21,7,831,9.2,4,1,5,4,0,0,2,0,0.43,0.11,0.54,0.43,0.54
GER-Bundesliga,2122,Freiburg,Kiliann Sildillia,FRA,MF,19,2002,7,1,169,1.9,0,0,0,0,0,0,1,0,0.0,0.0,0.0,0.0,0.0
GER-Bundesliga,2122,Freiburg,Lucas Höler,GER,"FW,MF",27,1994,34,30,2583,28.7,7,2,9,7,0,0,2,0,0.24,0.07,0.31,0.24,0.31
GER-Bundesliga,2122,Freiburg,Lukas Kübler,GER,"DF,MF",28,1992,29,27,2327,25.9,2,0,2,2,0,0,2,0,0.08,0.0,0.08,0.08,0.08
GER-Bundesliga,2122,Freiburg,Manuel Gulde,GER,DF,30,1991,20,14,1225,13.6,0,0,0,0,0,0,2,0,0.0,0.0,0.0,0.0,0.0
GER-Bundesliga,2122,Freiburg,Mark Flekken,NED,GK,28,1993,32,32,2880,32.0,0,0,0,0,0,0,0,0,0.0,0.0,0.0,0.0,0.0
GER-Bundesliga,2122,Freiburg,Maximilian Eggestein,GER,MF,24,1996,31,26,2194,24.4,1,2,3,1,0,0,2,0,0.04,0.08,0.12,0.04,0.12
GER-Bundesliga,2122,Freiburg,Nico Schlotterbeck,GER,DF,21,1999,32,32,2785,30.9,4,1,5,4,0,0,5,0,0.13,0.03,0.16,0.13,0.16
GER-Bundesliga,2122,Freiburg,Nicolas Höfler,GER,MF,31,1990,30,30,2600,28.9,2,4,6,2,0,0,5,0,0.07,0.14,0.21,0.07,0.21
GER-Bundesliga,2122,Freiburg,Nils Petersen,GER,FW,32,1988,22,3,580,6.4,5,1,6,5,0,0,0,0,0.78,0.16,0.93,0.78,0.93
GER-Bundesliga,2122,Freiburg,Noah Weißhaupt,GER,"FW,MF",19,2001,10,0,97,1.1,0,0,0,0,0,0,0,0,0.0,0.0,0.0,0.0,0.0
GER-Bundesliga,2122,Freiburg,Philipp Lienhart,AUT,DF,25,1996,32,32,2870,31.9,5,0,5,5,0,0,2,0,0.16,0.0,0.16,0.16,0.16
GER-Bundesliga,2122,Freiburg,Roland Sallai,HUN,"MF,FW",24,1997,31,18,1551,17.2,4,4,8,4,0,0,1,0,0.23,0.23,0.46,0.23,0.46
GER-Bundesliga,2122,Freiburg,Vincent Vermeij,NED,FW,26,1994,1,0,3,0.0,0,0,0,0,0,0,0,0,0.0,0.0,0.0,0.0,0.0
GER-Bundesliga,2122,Freiburg,Vincenzo Grifo,ITA,"MF,FW",28,1993,34,33,2775,30.8,9,7,16,4,5,6,0,0,0.29,0.23,0.52,0.13,0.36
GER-Bundesliga,2122,Freiburg,Yannik Keitel,GER,MF,21,2000,12,5,504,5.6,0,0,0,0,0,0,1,0,0.0,0.0,0.0,0.0,0.0
GER-Bundesliga,2122,Gladbach,Alassane Pléa,FRA,"MF,FW",28,1993,33,24,2070,23.0,10,6,16,7,3,3,4,0,0.43,0.26,0.7,0.3,0.57
GER-Bundesliga,2122,Gladbach,Breel Embolo,SUI,"FW,MF",24,1997,29,24,2166,24.1,9,3,12,9,0,0,3,0,0.37,0.12,0.5,0.37,0.5
GER-Bundesliga,2122,Gladbach,Christoph Kramer,GER,MF,30,1991,18,7,748,8.3,0,0,0,0,0,0,1,0,0.0,0.0,0.0,0.0,0.0
GER-Bundesliga,2122,Gladbach,Connor Noß,IRL,MF,20,2001,3,0,52,0.6,0,0,0,0,0,0,0,0,0.0,0.0,0.0,0.0,0.0
GER-Bundesliga,2122,Gladbach,Denis Zakaria,SUI,"MF,DF",24,1996,16,15,1395,15.5,2,1,3,2,0,0,4,0,0.13,0.06,0.19,0.13,0.19
GER-Bundesliga,2122,Gladbach,Florian Neuhaus,GER,MF,24,1997,29,24,2121,23.6,4,4,8,4,0,0,2,0,0.17,0.17,0.34,0.17,0.34
GER-Bundesliga,2122,Gladbach,Hannes Wolf,AUT,MF,22,1999,7,2,307,3.4,0,0,0,0,0,0,2,0,0.0,0.0,0.0,0.0,0.0
GER-Bundesliga,2122,Gladbach,Joe Scally,USA,"MF,DF",18,2002,30,20,1909,21.2,1,2,3,1,0,0,4,0,0.05,0.09,0.14,0.05,0.14
GER-Bundesliga,2122,Gladbach,Jonas Hofmann,GER,MF,29,1992,26,24,2078,23.1,12,5,17,12,0,0,1,0,0.52,0.22,0.74,0.52,0.74
GER-Bundesliga,2122,Gladbach,Jordan Beyer,GER,DF,21,2000,17,15,1384,15.4,0,0,0,0,0,0,5,0,0.0,0.0,0.0,0.0,0.0
GER-Bundesliga,2122,Gladbach,Keanan Bennetts,ENG,MF,22,1999,4,0,50,0.6,0,0,0,0,0,0,1,0,0.0,0.0,0.0,0.0,0.0
GER-Bundesliga,2122,Gladbach,Lars Stindl,GER,"MF,FW",32,1988,26,20,1629,18.1,4,5,9,4,0,2,10,0,0.22,0.28,0.5,0.22,0.5
GER-Bundesliga,2122,Gladbach,Luca Netz,GER,"MF,DF",18,2003,24,17,1396,15.5,0,4,4,0,0,0,1,0,0.0,0.26,0.26,0.0,0.26
GER-Bundesliga,2122,Gladbach,László Bénes,SVK,MF,23,1997,13,2,246,2.7,0,0,0,0,0,0,0,0,0.0,0.0,0.0,0.0,0.0
GER-Bundesliga,2122,Gladbach,Manu Koné,FRA,MF,20,2001,27,26,2183,24.3,2,0,2,2,0,0,10,0,0.08,0.0,0.08,0.08,0.08
GER-Bundesliga,2122,Gladbach,Marcus Thuram,FRA,"FW,MF",23,1997,21,9,979,10.9,3,0,3,3,0,0,2,0,0.28,0.0,0.28,0.28,0.28
GER-Bundesliga,2122,Gladbach,Marvin Friedrich,GER,DF,25,1995,8,7,600,6.7,0,0,0,0,0,0,1,0,0.0,0.0,0.0,0.0,0.0
GER-Bundesliga,2122,Gladbach,Matthias Ginter,GER,DF,27,1994,28,27,2355,26.2,1,0,1,1,0,0,2,0,0.04,0.0,0.04,0.04,0.04
GER-Bundesliga,2122,Gladbach,Nico Elvedi,SUI,DF,24,1996,28,28,2430,27.0,1,0,1,1,0,0,3,1,0.04,0.0,0.04,0.04,0.04
GER-Bundesliga,2122,Gladbach,Patrick Herrmann,GER,MF,30,1991,23,5,754,8.4,0,4,4,0,0,0,1,0,0.0,0.48,0.48,0.0,0.48
GER-Bundesliga,2122,Gladbach,Ramy Bensebaini,ALG,"DF,MF",26,1995,23,22,2020,22.4,4,1,5,2,2,2,6,0,0.18,0.04,0.22,0.09,0.13
GER-Bundesliga,2122,Gladbach,Stefan Lainer,AUT,"MF,DF",28,1992,21,19,1471,16.3,1,2,3,1,0,0,2,0,0.06,0.12,0.18,0.06,0.18
GER-Bundesliga,2122,Gladbach,Tobias Sippel,GER,GK,33,1988,1,1,90,1.0,0,0,0,0,0,0,0,0,0.0,0.0,0.0,0.0,0.0
GER-Bundesliga,2122,Gladbach,Tony Jantschke,GER,DF,31,1990,3,3,225,2.5,0,0,0,0,0,0,0,0,0.0,0.0,0.0,0.0,0.0
GER-Bundesliga,2122,Gladbach,Torben Müsel,GER,"FW,MF",22,1999,1,0,5,0.1,0,0,0,0,0,0,0,0,0.0,0.0,0.0,0.0,0.0
GER-Bundesliga,2122,Gladbach,Yann Sommer,SUI,GK,32,1988,33,33,2970,33.0,0,1,1,0,0,0,2,0,0.0,0.03,0.03,0.0,0.03
GER-Bundesliga,2122,Greuther Fürth,Abdourahmane Barry,GUI,DF,21,2000,8,1,210,2.3,0,0,0,0,0,0,2,0,0.0,0.0,0.0,0.0,0.0
GER-Bundesliga,2122,Greuther Fürth,Adrian Fein,GER,MF,22,1999,3,0,32,0.4,0,0,0,0,0,0,0,0,0.0,0.0,0.0,0.0,0.0
GER-Bundesliga,2122,Greuther Fürth,Afimico Pululu,COD,"FW,MF",22,1999,8,0,70,0.8,0,0,0,0,0,0,0,0,0.0,0.0,0.0,0.0,0.0
GER-Bundesliga,2122,Greuther Fürth,Andreas Linde,SWE,GK,28,1993,12,12,1080,12.0,0,0,0,0,0,0,0,0,0.0,0.0,0.0,0.0,0.0
GER-Bundesliga,2122,Greuther Fürth,Branimir Hrgota,SWE,"FW,MF",28,1993,34,33,2777,30.9,9,5,14,4,5,5,4,0,0.29,0.16,0.45,0.13,0.29
GER-Bundesliga,2122,Greuther Fürth,Cedric Itten,SUI,FW,24,1996,12,7,635,7.1,2,0,2,2,0,0,1,0,0.28,0.0,0.28,0.28,0.28
GER-Bundesliga,2122,Greuther Fürth,Dickson Abiama,NGA,FW,22,1998,24,5,726,8.1,0,1,1,0,0,0,3,0,0.0,0.12,0.12,0.0,0.12
GER-Bundesliga,2122,Greuther Fürth,Gian-Luca Itter,GER,"DF,MF",22,1999,24,16,1455,16.2,0,1,1,0,0,0,3,0,0.0,0.06,0.06,0.0,0.06
GER-Bundesliga,2122,Greuther Fürth,Gideon Jung,GER,DF,26,1994,5,1,142,1.6,0,0,0,0,0,0,0,0,0.0,0.0,0.0,0.0,0.0
GER-Bundesliga,2122,Greuther Fürth,Hans Nunoo Sarpei,GHA,DF,22,1998,8,7,643,7.1,0,0,0,0,0,0,2,0,0.0,0.0,0.0,0.0,0.0
GER-Bundesliga,2122,Greuther Fürth,Håvard Nielsen,NOR,"FW,MF",28,1993,26,14,1367,15.2,2,0,2,2,0,0,2,0,0.13,0.0,0.13,0.13,0.13
GER-Bundesliga,2122,Greuther Fürth,Jamie Leweling,GER,"FW,MF",20,2001,33,22,1959,21.8,5,1,6,5,0,0,3,0,0.23,0.05,0.28,0.23,0.28
GER-Bundesliga,2122,Greuther Fürth,Jeremy Dudziak,TUN,"MF,FW",25,1995,22,15,1134,12.6,2,0,2,2,0,0,1,0,0.16,0.0,0.16,0.16,0.16
GER-Bundesliga,2122,Greuther Fürth,Jessic Ngankam,GER,FW,21,2000,6,4,341,3.8,2,1,3,2,0,0,0,0,0.53,0.26,0.79,0.53,0.79
GER-Bundesliga,2122,Greuther Fürth,Jetro Willems,NED,"DF,MF",27,1994,24,20,1598,17.8,1,0,1,1,0,0,5,0,0.06,0.0,0.06,0.06,0.06
GER-Bundesliga,2122,Greuther Fürth,Julian Green,USA,"MF,FW",26,1995,24,12,1054,11.7,0,0,0,0,0,0,2,0,0.0,0.0,0.0,0.0,0.0
GER-Bundesliga,2122,Greuther Fürth,Justin Hoogma,NED,"MF,DF",23,1998,3,3,270,3.0,0,0,0,0,0,0,1,0,0.0,0.0,0.0,0.0,0.0
GER-Bundesliga,2122,Greuther Fürth,Marco Meyerhöfer,GER,"DF,MF",25,1995,26,25,2280,25.3,1,0,1,1,0,0,0,0,0.04,0.0,0.04,0.04,0.04
GER-Bundesliga,2122,Greuther Fürth,Marius Funk,GER,GK,25,1996,8,8,720,8.0,0,0,0,0,0,0,0,0,0.0,0.0,0.0,0.0,0.0
GER-Bundesliga,2122,Greuther Fürth,Max Christiansen,GER,MF,24,1996,27,22,2054,22.8,0,0,0,0,0,0,5,0,0.0,0.0,0.0,0.0,0.0
GER-Bundesliga,2122,Greuther Fürth,Maximilian Bauer,GER,DF,21,2000,26,18,1690,18.8,0,0,0,0,0,0,5,0,0.0,0.0,0.0,0.0,0.0
GER-Bundesliga,2122,Greuther Fürth,Nick Viergever,NED,DF,31,1989,24,24,2133,23.7,0,0,0,0,0,0,2,0,0.0,0.0,0.0,0.0,0.0
GER-Bundesliga,2122,Greuther Fürth,Nils Seufert,GER,MF,24,1997,4,1,99,1.1,0,0,0,0,0,0,0,0,0.0,0.0,0.0,0.0,0.0
GER-Bundesliga,2122,Greuther Fürth,Paul Seguin,GER,MF,26,1995,27,23,2108,23.4,0,3,3,0,0,0,9,0,0.0,0.13,0.13,0.0,0.13
GER-Bundesliga,2122,Greuther Fürth,Sascha Burchert,GER,GK,31,1989,14,14,1260,14.0,0,0,0,0,0,0,0,0,0.0,0.0,0.0,0.0,0.0
GER-Bundesliga,2122,Greuther Fürth,Sebastian Griesbeck,GER,"DF,MF",30,1990,29,28,2439,27.1,1,0,1,1,0,0,7,0,0.04,0.0,0.04,0.04,0.04
GER-Bundesliga,2122,Greuther Fürth,Simon Asta,GER,"MF,DF",20,2001,13,9,783,8.7,0,0,0,0,0,0,1,0,0.0,0.0,0.0,0.0,0.0
GER-Bundesliga,2122,Greuther Fürth,Timothy Tillman,USA,MF,22,1999,29,23,2004,22.3,1,2,3,1,0,0,3,0,0.04,0.09,0.13,0.04,0.13
GER-Bundesliga,2122,Greuther Fürth,Tobias Raschl,GER,MF,21,2000,10,7,597,6.6,0,1,1,0,0,0,0,0,0.0,0.15,0.15,0.0,0.15
GER-Bundesliga,2122,Hertha BSC,Alexander Schwolow,GER,GK,29,1992,25,25,2175,24.2,0,0,0,0,0,0,1,0,0.0,0.0,0.0,0.0,0.0
GER-Bundesliga,2122,Hertha BSC,Anton Kade,GER,MF,17,2004,4,0,77,0.9,0,0,0,0,0,0,0,0,0.0,0.0,0.0,0.0,0.0
GER-Bundesliga,2122,Hertha BSC,Cimo Röcker,GER,DF,27,1994,1,0,22,0.2,0,0,0,0,0,0,0,0,0.0,0.0,0.0,0.0,0.0
GER-Bundesliga,2122,Hertha BSC,Davie Selke,GER,FW,26,1995,25,10,1004,11.2,4,0,4,3,1,1,2,0,0.36,0.0,0.36,0.27,0.27
GER-Bundesliga,2122,Hertha BSC,Dedryck Boyata,BEL,DF,30,1990,23,22,1898,21.1,0,0,0,0,0,0,1,1,0.0,0.0,0.0,0.0,0.0
GER-Bundesliga,2122,Hertha BSC,Dennis Jastrzembski,POL,MF,21,2000,8,1,225,2.5,0,0,0,0,0,0,1,0,0.0,0.0,0.0,0.0,0.0
GER-Bundesliga,2122,Hertha BSC,Deyovaisio Zeefuik,NED,"DF,MF",23,1998,11,6,565,6.3,0,0,0,0,0,0,1,0,0.0,0.0,0.0,0.0,0.0
GER-Bundesliga,2122,Hertha BSC,Dodi Lukebakio,BEL,MF,23,1997,3,2,176,2.0,1,0,1,0,1,1,0,0,0.51,0.0,0.51,0.0,0.0
GER-Bundesliga,2122,Hertha BSC,Fredrik André Bjørkan,NOR,DF,22,1998,9,2,353,3.9,0,0,0,0,0,0,1,0,0.0,0.0,0.0,0.0,0.0
GER-Bundesliga,2122,Hertha BSC,Ishak Belfodil,ALG,FW,29,1992,26,17,1636,18.2,5,2,7,4,1,1,1,0,0.28,0.11,0.39,0.22,0.33
GER-Bundesliga,2122,Hertha BSC,Javairô Dilrosun,NED,MF,23,1998,2,1,138,1.5,0,0,0,0,0,0,0,0,0.0,0.0,0.0,0.0,0.0
GER-Bundesliga,2122,Hertha BSC,Jordan Torunarigha,GER,DF,23,1997,7,6,483,5.4,0,1,1,0,0,0,1,0,0.0,0.19,0.19,0.0,0.19
GER-Bundesliga,2122,Hertha BSC,Julian Eitschberger,GER,DF,17,2004,1,1,45,0.5,0,0,0,0,0,0,0,0,0.0,0.0,0.0,0.0,0.0
GER-Bundesliga,2122,Hertha BSC,Jurgen Ekkelenkamp,NED,MF,21,2000,21,6,718,8.0,3,0,3,3,0,0,1,0,0.38,0.0,0.38,0.38,0.38
GER-Bundesliga,2122,Hertha BSC,Kevin-Prince Boateng,GHA,"MF,FW",34,1987,18,8,696,7.7,0,0,0,0,0,0,8,0,0.0,0.0,0.0,0.0,0.0
GER-Bundesliga,2122,Hertha BSC,Krzysztof Piątek,POL,FW,26,1995,9,4,347,3.9,1,0,1,1,0,0,0,0,0.26,0.0,0.26,0.26,0.26
GER-Bundesliga,2122,Hertha BSC,Lee Dongjun,KOR,FW,24,1997,4,1,118,1.3,0,0,0,0,0,0,0,0,0.0,0.0,0.0,0.0,0.0
GER-Bundesliga,2122,Hertha BSC,Linus Gechter,GER,"DF,MF",17,2004,13,6,716,8.0,1,0,1,1,0,0,0,0,0.13,0.0,0.13,0.13,0.13
GER-Bundesliga,2122,Hertha BSC,Luca Wollschläger,GER,FW,18,2003,2,0,16,0.2,0,0,0,0,0,0,0,0,0.0,0.0,0.0,0.0,0.0
GER-Bundesliga,2122,Hertha BSC,Lucas Tousart,FRA,MF,24,1997,30,22,1962,21.8,2,0,2,2,0,0,3,0,0.09,0.0,0.09,0.09,0.09
GER-Bundesliga,2122,Hertha BSC,Lukas Klünter,GER,"MF,DF",25,1996,5,2,194,2.2,0,0,0,0,0,0,1,0,0.0,0.0,0.0,0.0,0.0
GER-Bundesliga,2122,Hertha BSC,Marc-Oliver Kempf,GER,DF,26,1995,12,12,1051,11.7,0,1,1,0,0,0,1,1,0.0,0.09,0.09,0.0,0.09
GER-Bundesliga,2122,Hertha BSC,Marcel Lotka,POL,GK,20,2001,10,9,885,9.8,0,0,0,0,0,0,1,0,0.0,0.0,0.0,0.0,0.0
GER-Bundesliga,2122,Hertha BSC,Marco Richter,GER,"MF,FW",23,1997,30,19,1704,18.9,5,1,6,5,0,0,6,0,0.26,0.05,0.32,0.26,0.32
GER-Bundesliga,2122,Hertha BSC,Marten Winkler,GER,MF,18,2002,1,0,26,0.3,0,0,0,0,0,0,0,0,0.0,0.0,0.0,0.0,0.0
GER-Bundesliga,2122,Hertha BSC,Marvin Plattenhardt,GER,"DF,MF",29,1992,21,19,1637,18.2,0,3,3,0,0,0,3,0,0.0,0.16,0.16,0.0,0.16
GER-Bundesliga,2122,Hertha BSC,Matheus Cunha,BRA,FW,22,1999,1,1,64,0.7,0,1,1,0,0,0,0,0,0.0,1.41,1.41,0.0,1.41
GER-Bundesliga,2122,Hertha BSC,Maximilian Mittelstädt,GER,"DF,MF",24,1997,24,16,1493,16.6,0,5,5,0,0,0,3,0,0.0,0.3,0.3,0.0,0.3
GER-Bundesliga,2122,Hertha BSC,Myziane Maolida,COM,"MF,FW",22,1999,14,9,776,8.6,1,1,2,1,0,0,0,0,0.12,0.12,0.23,0.12,0.23
GER-Bundesliga,2122,Hertha BSC,Márton Dárdai,HUN,DF,19,2002,12,9,755,8.4,0,1,1,0,0,0,2,0,0.0,0.12,0.12,0.0,0.12
GER-Bundesliga,2122,Hertha BSC,Niklas Stark,GER,DF,26,1995,26,22,2031,22.6,1,0,1,1,0,0,3,0,0.04,0.0,0.04,0.04,0.04
GER-Bundesliga,2122,Hertha BSC,Peter Pekarík,SVK,DF,34,1986,27,26,2234,24.8,0,0,0,0,0,0,1,0,0.0,0.0,0.0,0.0,0.0
GER-Bundesliga,2122,Hertha BSC,Santiago Ascacíbar,ARG,MF,24,1997,28,27,2375,26.4,0,1,1,0,0,0,5,0,0.0,0.04,0.04,0.0,0.04
GER-Bundesliga,2122,Hertha BSC,Stevan Jovetić,MNE,"FW,MF",31,1989,18,13,1017,11.3,6,1,7,6,0,0,3,0,0.53,0.09,0.62,0.53,0.62
GER-Bundesliga,2122,Hertha BSC,Suat Serdar,GER,MF,24,1997,30,27,2218,24.6,3,0,3,3,0,0,6,0,0.12,0.0,0.12,0.12,0.12
GER-Bundesliga,2122,Hertha BSC,Vladimír Darida,CZE,MF,30,1990,25,23,1786,19.8,2,5,7,2,0,0,6,0,0.1,0.25,0.35,0.1,0.35
GER-Bundesliga,2122,Hoffenheim,Andrej Kramarić,CRO,"FW,MF",30,1991,32,30,2707,30.1,6,9,15,6,0,0,2,0,0.2,0.3,0.5,0.2,0.5
GER-Bundesliga,2122,Hoffenheim,Angelo Stiller,GER,MF,20,2001,26,18,1693,18.8,2,1,3,2,0,0,1,0,0.11,0.05,0.16,0.11,0.16
GER-Bundesliga,2122,Hoffenheim,Benjamin Hübner,GER,DF,32,1989,5,5,375,4.2,1,0,1,1,0,0,2,0,0.24,0.0,0.24,0.24,0.24
GER-Bundesliga,2122,Hoffenheim,Chris Richards,USA,DF,21,2000,19,13,1304,14.5,1,1,2,1,0,0,1,0,0.07,0.07,0.14,0.07,0.14
GER-Bundesliga,2122,Hoffenheim,Christoph Baumgartner,AUT,MF,21,1999,29,23,1888,21.0,7,2,9,7,0,0,5,0,0.33,0.1,0.43,0.33,0.43
GER-Bundesliga,2122,Hoffenheim,David Raum,GER,"MF,DF",23,1998,32,31,2757,30.6,3,11,14,3,0,0,5,0,0.1,0.36,0.46,0.1,0.46
GER-Bundesliga,2122,Hoffenheim,Dennis Geiger,GER,MF,23,1998,20,17,1377,15.3,2,2,4,2,0,0,6,0,0.13,0.13,0.26,0.13,0.26
GER-Bundesliga,2122,Hoffenheim,Diadie Samassékou,MLI,MF,25,1996,24,21,1655,18.4,2,0,2,2,0,0,7,0,0.11,0.0,0.11,0.11,0.11
GER-Bundesliga,2122,Hoffenheim,Ermin Bičakčić,BIH,DF,31,1990,1,0,5,0.1,0,0,0,0,0,0,0,0,0.0,0.0,0.0,0.0,0.0
GER-Bundesliga,2122,Hoffenheim,Fisnik Asllani,KVX,FW,18,2002,2,0,9,0.1,0,0,0,0,0,0,0,0,0.0,0.0,0.0,0.0,0.0
GER-Bundesliga,2122,Hoffenheim,Florian Grillitsch,AUT,"DF,MF",25,1995,18,16,1496,16.6,0,0,0,0,0,0,7,0,0.0,0.0,0.0,0.0,0.0
GER-Bundesliga,2122,Hoffenheim,Georginio Rutter,FRA,"FW,MF",19,2002,33,13,1611,17.9,8,2,10,8,0,0,2,0,0.45,0.11,0.56,0.45,0.56
GER-Bundesliga,2122,Hoffenheim,Håvard Nordtveit,NOR,DF,31,1990,11,1,304,3.4,0,0,0,0,0,0,1,0,0.0,0.0,0.0,0.0,0.0
GER-Bundesliga,2122,Hoffenheim,Ihlas Bebou,TOG,"FW,MF",27,1994,28,25,2091,23.2,7,2,9,7,0,0,0,0,0.3,0.09,0.39,0.3,0.39
GER-Bundesliga,2122,Hoffenheim,Jacob Bruun Larsen,DEN,"MF,FW",22,1998,25,9,812,9.0,4,0,4,4,0,0,1,0,0.44,0.0,0.44,0.44,0.44
GER-Bundesliga,2122,Hoffenheim,Justin Che,USA,DF,17,2003,2,0,41,0.5,0,0,0,0,0,0,0,0,0.0,0.0,0.0,0.0,0.0
GER-Bundesliga,2122,Hoffenheim,Kasim Nuhu,GHA,DF,26,1995,3,0,5,0.1,0,0,0,0,0,0,0,0,0.0,0.0,0.0,0.0,0.0
GER-Bundesliga,2122,Hoffenheim,Kevin Akpoguma,NGA,"DF,MF",26,1995,26,19,1527,17.0,2,2,4,2,0,0,5,0,0.12,0.12,0.24,0.12,0.24
GER-Bundesliga,2122,Hoffenheim,Kevin Vogt,GER,DF,29,1991,30,29,2569,28.5,0,2,2,0,0,0,7,0,0.0,0.07,0.07,0.0,0.07
GER-Bundesliga,2122,Hoffenheim,Marco John,GER,MF,19,2002,2,0,42,0.5,0,0,0,0,0,0,0,0,0.0,0.0,0.0,0.0,0.0
GER-Bundesliga,2122,Hoffenheim,Mijat Gaćinović,SRB,MF,26,1995,4,1,110,1.2,0,0,0,0,0,0,1,0,0.0,0.0,0.0,0.0,0.0
GER-Bundesliga,2122,Hoffenheim,Moanes Dabbur,ISR,"FW,MF",29,1992,27,17,1310,14.6,3,4,7,3,0,0,5,0,0.21,0.27,0.48,0.21,0.48
GER-Bundesliga,2122,Hoffenheim,Nick Proschwitz,GER,FW,34,1986,1,0,27,0.3,0,0,0,0,0,0,0,0,0.0,0.0,0.0,0.0,0.0
GER-Bundesliga,2122,Hoffenheim,Oliver Baumann,GER,GK,31,1990,33,33,2970,33.0,0,0,0,0,0,0,1,0,0.0,0.0,0.0,0.0,0.0
GER-Bundesliga,2122,Hoffenheim,Pavel Kadeřábek,CZE,"MF,DF",29,1992,19,14,1195,13.3,1,2,3,1,0,0,5,0,0.08,0.15,0.23,0.08,0.23
GER-Bundesliga,2122,Hoffenheim,Philipp Pentke,GER,GK,36,1985,1,1,90,1.0,0,0,0,0,0,0,0,0,0.0,0.0,0.0,0.0,0.0
GER-Bundesliga,2122,Hoffenheim,Robert Skov,DEN,MF,25,1996,12,3,368,4.1,0,1,1,0,0,0,1,0,0.0,0.24,0.24,0.0,0.24
GER-Bundesliga,2122,Hoffenheim,Sargis Adamyan,ARM,"MF,FW",28,1993,13,2,331,3.7,1,0,1,1,0,0,0,0,0.27,0.0,0.27,0.27,0.27
GER-Bundesliga,2122,Hoffenheim,Sebastian Rudy,GER,MF,31,1990,21,7,773,8.6,3,1,4,3,0,0,5,0,0.35,0.12,0.47,0.35,0.47
GER-Bundesliga,2122,Hoffenheim,Stefan Posch,AUT,DF,24,1997,28,26,2199,24.4,2,0,2,2,0,0,5,0,0.08,0.0,0.08,0.08,0.08
GER-Bundesliga,2122,Hoffenheim,Tom Bischof,GER,MF,16,2005,1,0,14,0.2,0,0,0,0,0,0,0,0,0.0,0.0,0.0,0.0,0.0
GER-Bundesliga,2122,Hoffenheim,Umut Tohumcu,GER,MF,16,2004,1,0,5,0.1,0,0,0,0,0,0,0,0,0.0,0.0,0.0,0.0,0.0
GER-Bundesliga,2122,Köln,Anthony Modeste,FRA,FW,33,1988,32,31,2606,29.0,20,4,24,19,1,1,4,0,0.69,0.14,0.83,0.66,0.79
GER-Bundesliga,2122,Köln,Benno Schmitz,GER,DF,26,1994,31,29,2421,26.9,0,5,5,0,0,0,5,0,0.0,0.19,0.19,0.0,0.19
GER-Bundesliga,2122,Köln,Dejan Ljubičić,AUT,MF,23,1997,30,22,1969,21.9,3,1,4,3,0,0,4,0,0.14,0.05,0.18,0.14,0.18
GER-Bundesliga,2122,Köln,Ellyes Skhiri,TUN,"MF,DF",26,1995,22,20,1820,20.2,4,1,5,4,0,0,3,0,0.2,0.05,0.25,0.2,0.25
GER-Bundesliga,2122,Köln,Florian Kainz,AUT,MF,28,1992,32,31,2320,25.8,4,4,8,4,0,0,3,1,0.16,0.16,0.31,0.16,0.31
GER-Bundesliga,2122,Köln,Jan Thielmann,GER,"MF,FW",19,2002,29,10,1192,13.2,3,3,6,3,0,0,6,0,0.23,0.23,0.45,0.23,0.45
GER-Bundesliga,2122,Köln,Jannes Horn,GER,DF,24,1997,11,3,478,5.3,0,0,0,0,0,0,2,0,0.0,0.0,0.0,0.0,0.0
GER-Bundesliga,2122,Köln,Jonas Hector,GER,DF,31,1990,30,30,2553,28.4,0,6,6,0,0,0,3,0,0.0,0.21,0.21,0.0,0.21
GER-Bundesliga,2122,Köln,Jorge Meré,ESP,DF,24,1997,8,5,490,5.4,0,0,0,0,0,0,2,0,0.0,0.0,0.0,0.0,0.0
GER-Bundesliga,2122,Köln,Julian Chabot,GER,DF,23,1998,4,2,209,2.3,0,0,0,0,0,0,1,0,0.0,0.0,0.0,0.0,0.0
GER-Bundesliga,2122,Köln,Kingsley Ehizibue,NED,DF,26,1995,16,6,681,7.6,0,1,1,0,0,0,2,0,0.0,0.13,0.13,0.0,0.13
GER-Bundesliga,2122,Köln,Kingsley Schindler,GHA,DF,28,1993,18,1,349,3.9,1,2,3,1,0,0,1,0,0.26,0.52,0.77,0.26,0.77
GER-Bundesliga,2122,Köln,Louis Schaub,AUT,MF,26,1994,28,6,654,7.3,1,2,3,1,0,0,0,0,0.14,0.28,0.41,0.14,0.41
GER-Bundesliga,2122,Köln,Luca Kilian,GER,DF,21,1999,30,25,2281,25.3,1,0,1,1,0,0,3,0,0.04,0.0,0.04,0.04,0.04
GER-Bundesliga,2122,Köln,Mark Uth,GER,"MF,FW",29,1991,30,24,2025,22.5,5,8,13,5,0,0,3,0,0.22,0.36,0.58,0.22,0.58
GER-Bundesliga,2122,Köln,Marvin Schwäbe,GER,GK,26,1995,21,21,1890,21.0,0,0,0,0,0,0,1,0,0.0,0.0,0.0,0.0,0.0
GER-Bundesliga,2122,Köln,Mathias Olesen,LUX,MF,20,2001,3,0,17,0.2,0,0,0,0,0,0,0,0,0.0,0.0,0.0,0.0,0.0
GER-Bundesliga,2122,Köln,Noah Katterbach,GER,"DF,MF",20,2001,1,0,16,0.2,0,0,0,0,0,0,0,0,0.0,0.0,0.0,0.0,0.0
GER-Bundesliga,2122,Köln,Ondrej Duda,SVK,MF,26,1994,31,20,1611,17.9,2,0,2,2,0,0,5,0,0.11,0.0,0.11,0.11,0.11
GER-Bundesliga,2122,Köln,Rafael Czichos,GER,"DF,MF",31,1990,17,16,1402,15.6,0,1,1,0,0,0,4,0,0.0,0.06,0.06,0.0,0.06
GER-Bundesliga,2122,Köln,Salih Özcan,TUR,MF,23,1998,31,26,2312,25.7,2,0,2,2,0,0,5,0,0.08,0.0,0.08,0.08,0.08
GER-Bundesliga,2122,Köln,Sebastian Andersson,SWE,FW,30,1991,26,13,1257,14.0,3,1,4,3,0,0,3,0,0.21,0.07,0.29,0.21,0.29
GER-Bundesliga,2122,Köln,Tim Lemperle,GER,FW,19,2002,13,0,149,1.7,2,0,2,2,0,0,0,0,1.21,0.0,1.21,1.21,1.21
GER-Bundesliga,2122,Köln,Timo Horn,GER,GK,28,1993,13,13,1170,13.0,0,0,0,0,0,0,0,0,0.0,0.0,0.0,0.0,0.0
GER-Bundesliga,2122,Köln,Timo Hübers,GER,DF,25,1996,20,20,1740,19.3,1,0,1,1,0,0,7,0,0.05,0.0,0.05,0.05,0.05
GER-Bundesliga,2122,Köln,Tomáš Ostrák,CZE,MF,21,2000,5,0,31,0.3,0,1,1,0,0,0,0,0,0.0,2.9,2.9,0.0,2.9
GER-Bundesliga,2122,Leverkusen,Amine Adli,MAR,"MF,FW",21,2000,25,13,1256,14.0,3,2,5,3,0,0,3,0,0.21,0.14,0.36,0.21,0.36
GER-Bundesliga,2122,Leverkusen,Andrey Lunyov,RUS,GK,29,1991,1,1,90,1.0,0,0,0,0,0,0,0,0,0.0,0.0,0.0,0.0,0.0
GER-Bundesliga,2122,Leverkusen,Charles Aránguiz,CHI,MF,32,1989,26,16,1578,17.5,1,4,5,1,0,0,2,0,0.06,0.23,0.29,0.06,0.29
GER-Bundesliga,2122,Leverkusen,Daley Sinkgraven,NED,DF,26,1995,12,3,351,3.9,0,0,0,0,0,0,0,0,0.0,0.0,0.0,0.0,0.0
GER-Bundesliga,2122,Leverkusen,Edmond Tapsoba,BFA,DF,22,1999,22,19,1814,20.2,1,0,1,1,0,0,1,0,0.05,0.0,0.05,0.05,0.05
GER-Bundesliga,2122,Leverkusen,Exequiel Palacios,ARG,MF,22,1998,23,12,1097,12.2,2,2,4,2,0,0,2,0,0.16,0.16,0.33,0.16,0.33
GER-Bundesliga,2122,Leverkusen,Florian Wirtz,GER,MF,18,2003,24,22,1851,20.6,7,10,17,7,0,0,2,0,0.34,0.49,0.83,0.34,0.83
GER-Bundesliga,2122,Leverkusen,Iker Bravo,ESP,FW,16,2005,1,0,12,0.1,0,0,0,0,0,0,0,0,0.0,0.0,0.0,0.0,0.0
GER-Bundesliga,2122,Leverkusen,Jeremie Frimpong,NED,DF,20,2000,25,25,2052,22.8,1,6,7,1,0,0,6,0,0.04,0.26,0.31,0.04,0.31
GER-Bundesliga,2122,Leverkusen,Joel Pohjanpalo,FIN,FW,26,1994,2,0,12,0.1,0,0,0,0,0,0,0,0,0.0,0.0,0.0,0.0,0.0
GER-Bundesliga,2122,Leverkusen,Jonathan Tah,GER,DF,25,1996,33,33,2878,32.0,2,2,4,2,0,0,4,0,0.06,0.06,0.13,0.06,0.13
GER-Bundesliga,2122,Leverkusen,Julian Baumgartlinger,AUT,MF,33,1988,6,1,88,1.0,0,0,0,0,0,0,1,0,0.0,0.0,0.0,0.0,0.0
GER-Bundesliga,2122,Leverkusen,Karim Bellarabi,GER,MF,31,1990,16,9,683,7.6,3,2,5,3,0,0,2,0,0.4,0.26,0.66,0.4,0.66
GER-Bundesliga,2122,Leverkusen,Kerem Demirbay,GER,MF,28,1993,29,23,2049,22.8,1,4,5,0,1,2,10,0,0.04,0.18,0.22,0.0,0.18
GER-Bundesliga,2122,Leverkusen,Lennart Grill,GER,GK,22,1999,1,1,90,1.0,0,0,0,0,0,0,0,0,0.0,0.0,0.0,0.0,0.0
GER-Bundesliga,2122,Leverkusen,Lucas Alario,ARG,FW,28,1992,27,5,655,7.3,6,0,6,6,0,1,2,0,0.82,0.0,0.82,0.82,0.82
GER-Bundesliga,2122,Leverkusen,Lukáš Hrádecký,FIN,GK,31,1989,32,32,2880,32.0,0,0,0,0,0,0,1,0,0.0,0.0,0.0,0.0,0.0
GER-Bundesliga,2122,Leverkusen,Mitchel Bakker,NED,"DF,MF",21,2000,25,19,1822,20.2,0,4,4,0,0,0,6,0,0.0,0.2,0.2,0.0,0.2
GER-Bundesliga,2122,Leverkusen,Moussa Diaby,FRA,MF,22,1999,32,32,2760,30.7,13,12,25,13,0,1,10,1,0.42,0.39,0.82,0.42,0.82
GER-Bundesliga,2122,Leverkusen,Nadiem Amiri,GER,MF,24,1996,13,3,369,4.1,1,0,1,1,0,0,0,0,0.24,0.0,0.24,0.24,0.24
GER-Bundesliga,2122,Leverkusen,Odilon Kossounou,CIV,DF,20,2001,27,20,1793,19.9,0,1,1,0,0,0,3,0,0.0,0.05,0.05,0.0,0.05
GER-Bundesliga,2122,Leverkusen,Panagiotis Retsos,GRE,DF,22,1998,4,0,32,0.4,0,0,0,0,0,0,0,0,0.0,0.0,0.0,0.0,0.0
GER-Bundesliga,2122,Leverkusen,Patrik Schick,CZE,FW,25,1996,27,26,2076,23.1,24,3,27,23,1,2,0,0,1.04,0.13,1.17,1.0,1.13
GER-Bundesliga,2122,Leverkusen,Paulinho,BRA,MF,21,2000,24,14,1218,13.5,4,1,5,4,0,0,1,0,0.3,0.07,0.37,0.3,0.37
GER-Bundesliga,2122,Leverkusen,Piero Hincapié,ECU,DF,19,2002,27,20,1754,19.5,1,2,3,1,0,0,5,0,0.05,0.1,0.15,0.05,0.15
GER-Bundesliga,2122,Leverkusen,Robert Andrich,GER,MF,26,1994,26,21,1817,20.2,4,2,6,4,0,0,5,1,0.2,0.1,0.3,0.2,0.3
GER-Bundesliga,2122,Leverkusen,Sardar Azmoun,IRN,"MF,FW",26,1995,9,4,359,4.0,1,1,2,1,0,0,0,0,0.25,0.25,0.5,0.25,0.5
GER-Bundesliga,2122,Leverkusen,Timothy Fosu-Mensah,NED,DF,23,1998,6,0,145,1.6,0,0,0,0,0,0,0,0,0.0,0.0,0.0,0.0,0.0
GER-Bundesliga,2122,Leverkusen,Zidan Sertdemir,DEN,MF,16,2005,3,0,18,0.2,0,0,0,0,0,0,0,0,0.0,0.0,0.0,0.0,0.0
GER-Bundesliga,2122,Mainz 05,Aarón Martín,ESP,MF,24,1997,28,25,2292,25.5,1,1,2,1,0,0,7,0,0.04,0.04,0.08,0.04,0.08
GER-Bundesliga,2122,Mainz 05,Alexander Hack,GER,DF,27,1993,28,24,2074,23.0,3,1,4,3,0,0,6,1,0.13,0.04,0.17,0.13,0.17
GER-Bundesliga,2122,Mainz 05,Anderson Lucoqui,ANG,"MF,DF",24,1997,13,9,743,8.3,1,0,1,1,0,0,2,0,0.12,0.0,0.12,0.12,0.12
GER-Bundesliga,2122,Mainz 05,Anton Stach,GER,MF,22,1998,29,20,1861,20.7,1,6,7,1,0,0,6,0,0.05,0.29,0.34,0.05,0.34
GER-Bundesliga,2122,Mainz 05,Daniel Brosinski,GER,MF,33,1988,11,4,390,4.3,0,0,0,0,0,0,0,0,0.0,0.0,0.0,0.0,0.0
GER-Bundesliga,2122,Mainz 05,David Nemeth,AUT,DF,20,2001,6,2,311,3.5,0,0,0,0,0,0,0,0,0.0,0.0,0.0,0.0,0.0
GER-Bundesliga,2122,Mainz 05,Delano Burgzorg,SUR,"FW,MF",22,1998,3,0,27,0.3,1,0,1,1,0,0,0,0,3.33,0.0,3.33,3.33,3.33
GER-Bundesliga,2122,Mainz 05,Dominik Kohr,GER,MF,27,1994,22,19,1614,17.9,0,3,3,0,0,0,10,2,0.0,0.17,0.17,0.0,0.17
GER-Bundesliga,2122,Mainz 05,Finn Dahmen,GER,GK,23,1998,2,2,180,2.0,0,0,0,0,0,0,0,0,0.0,0.0,0.0,0.0,0.0
GER-Bundesliga,2122,Mainz 05,Jean-Paul Boëtius,SUR,MF,27,1994,33,19,1800,20.0,2,2,4,2,0,0,3,0,0.1,0.1,0.2,0.1,0.2
GER-Bundesliga,2122,Mainz 05,Jerry St. Juste,NED,DF,24,1996,8,7,604,6.7,1,0,1,1,0,0,0,0,0.15,0.0,0.15,0.15,0.15
GER-Bundesliga,2122,Mainz 05,Jonathan Burkardt,GER,"FW,MF",21,2000,34,32,2611,29.0,11,3,14,10,1,1,0,0,0.38,0.1,0.48,0.34,0.45
GER-Bundesliga,2122,Mainz 05,Karim Onisiwo,AUT,FW,29,1992,31,28,2361,26.2,5,8,13,5,0,0,0,0,0.19,0.3,0.5,0.19,0.5
GER-Bundesliga,2122,Mainz 05,Kevin Stöger,AUT,MF,27,1993,23,1,419,4.7,1,1,2,1,0,0,3,0,0.21,0.21,0.43,0.21,0.43
GER-Bundesliga,2122,Mainz 05,Leandro Barreiro Martins,LUX,MF,21,2000,31,20,1789,19.9,1,2,3,1,0,0,3,0,0.05,0.1,0.15,0.05,0.15
GER-Bundesliga,2122,Mainz 05,Lee Jae-sung,KOR,"MF,FW",28,1992,27,19,1436,16.0,4,3,7,4,0,0,3,0,0.25,0.19,0.44,0.25,0.44
GER-Bundesliga,2122,Mainz 05,Luca Kilian,GER,DF,21,1999,1,0,1,0.0,0,0,0,0,0,0,0,0,0.0,0.0,0.0,0.0,0.0
GER-Bundesliga,2122,Mainz 05,Marcus Ingvartsen,DEN,"MF,FW",25,1996,26,6,680,7.6,6,0,6,5,1,1,2,0,0.79,0.0,0.79,0.66,0.66
GER-Bundesliga,2122,Mainz 05,Merveille Papela,GER,MF,20,2001,5,0,83,0.9,0,0,0,0,0,0,0,0,0.0,0.0,0.0,0.0,0.0
GER-Bundesliga,2122,Mainz 05,Moussa Niakhaté,SEN,DF,25,1996,30,29,2567,28.5,4,0,4,2,2,2,1,0,0.14,0.0,0.14,0.07,0.07
GER-Bundesliga,2122,Mainz 05,Niklas Tauer,GER,"MF,DF",20,2001,11,6,487,5.4,0,0,0,0,0,0,1,1,0.0,0.0,0.0,0.0,0.0
GER-Bundesliga,2122,Mainz 05,Paul Nebel,GER,MF,18,2002,10,2,228,2.5,0,1,1,0,0,0,3,0,0.0,0.39,0.39,0.0,0.39
GER-Bundesliga,2122,Mainz 05,Robin Zentner,GER,GK,26,1994,32,32,2880,32.0,0,0,0,0,0,0,1,0,0.0,0.0,0.0,0.0,0.0
GER-Bundesliga,2122,Mainz 05,Romario Rösch,GER,MF,22,1999,1,0,1,0.0,0,0,0,0,0,0,0,0,0.0,0.0,0.0,0.0,0.0
GER-Bundesliga,2122,Mainz 05,Silvan Widmer,SUI,"MF,DF",28,1993,33,33,2920,32.4,4,5,9,4,0,0,1,0,0.12,0.15,0.28,0.12,0.28
GER-Bundesliga,2122,Mainz 05,Stefan Bell,GER,DF,29,1991,33,33,2864,31.8,2,0,2,2,0,0,9,0,0.06,0.0,0.06,0.06,0.06
GER-Bundesliga,2122,Mainz 05,Stephan Fürstner,GER,MF,33,1987,1,0,5,0.1,0,0,0,0,0,0,0,0,0.0,0.0,0.0,0.0,0.0
GER-Bundesliga,2122,Mainz 05,Ádám Szalai,HUN,FW,33,1987,12,2,260,2.9,1,0,1,1,0,0,1,0,0.35,0.0,0.35,0.35,0.35
GER-Bundesliga,2122,RB Leipzig,Amadou Haidara,MLI,MF,23,1998,20,15,1326,14.7,3,1,4,3,0,0,2,0,0.2,0.07,0.27,0.2,0.27
GER-Bundesliga,2122,RB Leipzig,André Silva,POR,FW,25,1995,33,24,2076,23.1,11,3,14,8,3,3,1,0,0.48,0.13,0.61,0.35,0.48
GER-Bundesliga,2122,RB Leipzig,Angeliño,ESP,"MF,DF",24,1997,29,26,2298,25.5,2,5,7,2,0,0,3,0,0.08,0.2,0.27,0.08,0.27
GER-Bundesliga,2122,RB Leipzig,Benjamin Henrichs,GER,MF,24,1997,22,12,1143,12.7,3,3,6,3,0,0,3,0,0.24,0.24,0.47,0.24,0.47
GER-Bundesliga,2122,RB Leipzig,Brian Brobbey,NED,FW,19,2002,9,1,131,1.5,0,2,2,0,0,0,0,0,0.0,1.37,1.37,0.0,1.37
GER-Bundesliga,2122,RB Leipzig,Christopher Nkunku,FRA,"MF,FW",23,1997,34,31,2723,30.3,20,13,33,19,1,1,2,0,0.66,0.43,1.09,0.63,1.06
GER-Bundesliga,2122,RB Leipzig,Dani Olmo,ESP,"MF,FW",23,1998,19,7,743,8.3,3,3,6,3,0,0,2,0,0.36,0.36,0.73,0.36,0.73
GER-Bundesliga,2122,RB Leipzig,Dominik Szoboszlai,HUN,MF,20,2000,31,15,1543,17.1,6,8,14,6,0,1,2,0,0.35,0.47,0.82,0.35,0.82
GER-Bundesliga,2122,RB Leipzig,Emil Forsberg,SWE,MF,29,1991,31,20,1706,19.0,6,2,8,2,4,4,2,0,0.32,0.11,0.42,0.11,0.21
GER-Bundesliga,2122,RB Leipzig,Hugo Novoa,ESP,MF,18,2003,8,1,136,1.5,1,0,1,1,0,0,0,0,0.66,0.0,0.66,0.66,0.66
GER-Bundesliga,2122,RB Leipzig,Hwang Hee-chan,KOR,"FW,MF",25,1996,2,0,49,0.5,0,0,0,0,0,0,0,0,0.0,0.0,0.0,0.0,0.0
GER-Bundesliga,2122,RB Leipzig,Ilaix Moriba,GUI,MF,18,2003,2,0,32,0.4,0,0,0,0,0,0,0,0,0.0,0.0,0.0,0.0,0.0
GER-Bundesliga,2122,RB Leipzig,Joscha Wosz,GER,MF,19,2002,1,0,9,0.1,0,0,0,0,0,0,0,0,0.0,0.0,0.0,0.0,0.0
GER-Bundesliga,2122,RB Leipzig,Josep Martinez,ESP,GK,23,1998,1,1,90,1.0,0,0,0,0,0,0,0,0,0.0,0.0,0.0,0.0,0.0
GER-Bundesliga,2122,RB Leipzig,Joško Gvardiol,CRO,DF,19,2002,29,28,2409,26.8,2,2,4,2,0,0,7,0,0.07,0.07,0.15,0.07,0.15
GER-Bundesliga,2122,RB Leipzig,Kevin Kampl,SVN,MF,30,1990,27,25,1899,21.1,0,1,1,0,0,0,4,0,0.0,0.05,0.05,0.0,0.05
GER-Bundesliga,2122,RB Leipzig,Konrad Laimer,AUT,MF,24,1997,26,15,1240,13.8,4,4,8,4,0,0,2,0,0.29,0.29,0.58,0.29,0.58
GER-Bundesliga,2122,RB Leipzig,Lukas Klostermann,GER,"DF,MF",25,1996,23,17,1648,18.3,0,1,1,0,0,0,1,0,0.0,0.05,0.05,0.0,0.05
GER-Bundesliga,2122,RB Leipzig,Marcel Halstenberg,GER,"DF,MF",29,1991,8,5,507,5.6,1,0,1,1,0,0,0,0,0.18,0.0,0.18,0.18,0.18
GER-Bundesliga,2122,RB Leipzig,Marcel Sabitzer,AUT,"FW,MF",27,1994,2,0,49,0.5,0,0,0,0,0,0,1,0,0.0,0.0,0.0,0.0,0.0
GER-Bundesliga,2122,RB Leipzig,Mohamed Simakan,FRA,DF,21,2000,28,23,2009,22.3,1,0,1,1,0,0,5,0,0.04,0.0,0.04,0.04,0.04
GER-Bundesliga,2122,RB Leipzig,Nordi Mukiele,FRA,"MF,DF",23,1997,28,21,1842,20.5,1,3,4,1,0,0,3,0,0.05,0.15,0.2,0.05,0.2
GER-Bundesliga,2122,RB Leipzig,Philipp Tschauner,GER,GK,35,1985,1,0,3,0.0,0,0,0,0,0,0,0,0,0.0,0.0,0.0,0.0,0.0
GER-Bundesliga,2122,RB Leipzig,Péter Gulácsi,HUN,GK,31,1990,33,33,2967,33.0,0,0,0,0,0,0,1,0,0.0,0.0,0.0,0.0,0.0
GER-Bundesliga,2122,RB Leipzig,Sidney Raebiger,GER,MF,16,2005,1,0,4,0.0,0,0,0,0,0,0,0,0,0.0,0.0,0.0,0.0,0.0
GER-Bundesliga,2122,RB Leipzig,Solomon Bonnah,NED,"DF,MF",17,2003,1,0,6,0.1,0,0,0,0,0,0,0,0,0.0,0.0,0.0,0.0,0.0
GER-Bundesliga,2122,RB Leipzig,Tyler Adams,USA,MF,22,1999,24,12,1351,15.0,0,1,1,0,0,0,5,0,0.0,0.07,0.07,0.0,0.07
GER-Bundesliga,2122,RB Leipzig,Willi Orban,HUN,DF,28,1992,30,30,2642,29.4,2,1,3,2,0,0,1,0,0.07,0.03,0.1,0.07,0.1
GER-Bundesliga,2122,RB Leipzig,Yussuf Poulsen,DEN,"FW,MF",27,1994,25,12,1079,12.0,6,0,6,6,0,0,2,0,0.5,0.0,0.5,0.5,0.5
GER-Bundesliga,2122,Stuttgart,Alexis Tibidi,FRA,MF,17,2003,13,2,385,4.3,0,0,0,0,0,0,1,0,0.0,0.0,0.0,0.0,0.0
GER-Bundesliga,2122,Stuttgart,Atakan Karazor,TUR,MF,24,1996,24,23,1898,21.1,0,1,1,0,0,0,9,1,0.0,0.05,0.05,0.0,0.05
GER-Bundesliga,2122,Stuttgart,Borna Sosa,CRO,"MF,DF",23,1998,28,28,2498,27.8,1,8,9,1,0,0,4,0,0.04,0.29,0.32,0.04,0.32
GER-Bundesliga,2122,Stuttgart,Chris Führich,GER,"MF,FW",23,1998,25,21,1714,19.0,3,2,5,3,0,0,3,0,0.16,0.11,0.26,0.16,0.26
GER-Bundesliga,2122,Stuttgart,Clinton Mola,ENG,DF,20,2001,3,1,113,1.3,0,0,0,0,0,0,0,0,0.0,0.0,0.0,0.0,0.0
GER-Bundesliga,2122,Stuttgart,Daniel Didavi,GER,"MF,FW",31,1990,10,2,277,3.1,0,1,1,0,0,0,1,0,0.0,0.32,0.32,0.0,0.32
GER-Bundesliga,2122,Stuttgart,Enzo Millot,FRA,MF,19,2002,6,0,53,0.6,0,1,1,0,0,0,0,0,0.0,1.7,1.7,0.0,1.7
GER-Bundesliga,2122,Stuttgart,Erik Thommy,GER,MF,26,1994,11,1,274,3.0,0,0,0,0,0,0,0,0,0.0,0.0,0.0,0.0,0.0
GER-Bundesliga,2122,Stuttgart,Fabian Bredlow,GER,GK,26,1995,4,4,360,4.0,0,0,0,0,0,0,0,0,0.0,0.0,0.0,0.0,0.0
GER-Bundesliga,2122,Stuttgart,Florian Müller,GER,GK,23,1997,30,30,2700,30.0,0,0,0,0,0,0,0,0,0.0,0.0,0.0,0.0,0.0
GER-Bundesliga,2122,Stuttgart,Hamadi Al Ghaddioui,MAR,FW,30,1990,10,7,498,5.5,2,2,4,2,0,0,2,0,0.36,0.36,0.72,0.36,0.72
GER-Bundesliga,2122,Stuttgart,Hiroki Ito,JPN,DF,22,1999,29,26,2348,26.1,1,1,2,1,0,0,2,0,0.04,0.04,0.08,0.04,0.08
GER-Bundesliga,2122,Stuttgart,Konstantinos Mavropanos,GRE,DF,23,1997,31,31,2705,30.1,4,0,4,4,0,0,3,0,0.13,0.0,0.13,0.13,0.13
GER-Bundesliga,2122,Stuttgart,Lilian Egloff,GER,MF,18,2002,4,0,31,0.3,0,0,0,0,0,0,0,0,0.0,0.0,0.0,0.0,0.0
GER-Bundesliga,2122,Stuttgart,Marc-Oliver Kempf,GER,DF,26,1995,12,10,840,9.3,3,0,3,3,0,0,2,0,0.32,0.0,0.32,0.32,0.32
GER-Bundesliga,2122,Stuttgart,Matej Maglica,CRO,DF,22,1998,1,0,6,0.1,0,0,0,0,0,0,0,0,0.0,0.0,0.0,0.0,0.0
GER-Bundesliga,2122,Stuttgart,Mateo Klimowicz,GER,"MF,FW",21,2000,15,7,603,6.7,0,1,1,0,0,0,2,0,0.0,0.15,0.15,0.0,0.15
GER-Bundesliga,2122,Stuttgart,Mohamed Sankoh,NED,FW,17,2003,1,0,4,0.0,0,0,0,0,0,0,0,0,0.0,0.0,0.0,0.0,0.0
GER-Bundesliga,2122,Stuttgart,Naouirou Ahamada,FRA,MF,19,2002,3,0,61,0.7,0,0,0,0,0,0,0,0,0.0,0.0,0.0,0.0,0.0
GER-Bundesliga,2122,Stuttgart,Nikolas Nartey,DEN,MF,21,2000,8,4,404,4.5,0,0,0,0,0,0,1,0,0.0,0.0,0.0,0.0,0.0
GER-Bundesliga,2122,Stuttgart,Omar Marmoush,EGY,"FW,MF",22,1999,21,19,1571,17.5,3,5,8,3,0,1,3,0,0.17,0.29,0.46,0.17,0.46
GER-Bundesliga,2122,Stuttgart,Orel Mangala,BEL,MF,23,1998,28,22,1853,20.6,1,3,4,1,0,0,4,0,0.05,0.15,0.19,0.05,0.19
GER-Bundesliga,2122,Stuttgart,Pascal Stenzel,GER,DF,25,1996,16,9,899,10.0,0,0,0,0,0,0,1,0,0.0,0.0,0.0,0.0,0.0
GER-Bundesliga,2122,Stuttgart,Philipp Förster,GER,"MF,FW",26,1995,20,11,967,10.7,2,1,3,2,0,0,4,0,0.19,0.09,0.28,0.19,0.28
GER-Bundesliga,2122,Stuttgart,Philipp Klement,GER,MF,28,1992,6,3,338,3.8,1,0,1,1,0,0,0,0,0.27,0.0,0.27,0.27,0.27
GER-Bundesliga,2122,Stuttgart,Roberto Massimo,GER,MF,20,2000,19,11,877,9.7,2,0,2,2,0,0,0,0,0.21,0.0,0.21,0.21,0.21
GER-Bundesliga,2122,Stuttgart,Saša Kalajdžić,AUT,FW,24,1997,15,13,1221,13.6,6,1,7,5,1,2,2,0,0.44,0.07,0.52,0.37,0.44
GER-Bundesliga,2122,Stuttgart,Silas Katompa,COD,"MF,FW",22,1998,9,3,277,3.1,0,0,0,0,0,0,0,0,0.0,0.0,0.0,0.0,0.0
GER-Bundesliga,2122,Stuttgart,Tanguy Coulibaly,FRA,"MF,FW",20,2001,21,11,1079,12.0,0,1,1,0,0,0,8,0,0.0,0.08,0.08,0.0,0.08
GER-Bundesliga,2122,Stuttgart,Tiago Tomás,POR,FW,19,2002,14,13,1075,11.9,4,0,4,4,0,0,2,0,0.33,0.0,0.33,0.33,0.33
GER-Bundesliga,2122,Stuttgart,Wahid Faghir,DEN,FW,18,2003,6,0,123,1.4,1,0,1,1,0,0,0,0,0.73,0.0,0.73,0.73,0.73
GER-Bundesliga,2122,Stuttgart,Waldemar Anton,GER,DF,25,1996,29,29,2595,28.8,2,1,3,2,0,0,6,1,0.07,0.03,0.1,0.07,0.1
GER-Bundesliga,2122,Stuttgart,Wataru Endo,JPN,MF,28,1993,33,33,2899,32.2,4,2,6,4,0,0,4,0,0.12,0.06,0.19,0.12,0.19
GER-Bundesliga,2122,Stuttgart,Ömer Faruk Beyaz,TUR,MF,17,2003,4,0,71,0.8,0,0,0,0,0,0,0,0,0.0,0.0,0.0,0.0,0.0
GER-Bundesliga,2122,Union Berlin,Andreas Luthe,GER,GK,34,1987,27,27,2430,27.0,0,0,0,0,0,0,3,0,0.0,0.0,0.0,0.0,0.0
GER-Bundesliga,2122,Union Berlin,Andreas Voglsammer,GER,FW,29,1992,32,5,882,9.8,2,1,3,2,0,0,1,0,0.2,0.1,0.31,0.2,0.31
GER-Bundesliga,2122,Union Berlin,András Schäfer,HUN,MF,22,1999,8,1,239,2.7,1,1,2,1,0,0,2,0,0.38,0.38,0.75,0.38,0.75
GER-Bundesliga,2122,Union Berlin,Anthony Ujah,NGA,FW,30,1990,3,0,35,0.4,0,0,0,0,0,0,0,0,0.0,0.0,0.0,0.0,0.0
GER-Bundesliga,2122,Union Berlin,Bastian Oczipka,GER,"MF,DF",32,1989,18,9,932,10.4,0,1,1,0,0,0,1,0,0.0,0.1,0.1,0.0,0.1
GER-Bundesliga,2122,Union Berlin,Cedric Teuchert,GER,"FW,MF",24,1997,6,0,105,1.2,0,0,0,0,0,0,0,0,0.0,0.0,0.0,0.0,0.0
GER-Bundesliga,2122,Union Berlin,Christopher Trimmel,AUT,MF,34,1987,25,23,1990,22.1,2,0,2,2,0,0,5,0,0.09,0.0,0.09,0.09,0.09
GER-Bundesliga,2122,Union Berlin,Dominique Heintz,GER,DF,27,1993,7,7,467,5.2,0,0,0,0,0,0,0,0,0.0,0.0,0.0,0.0,0.0
GER-Bundesliga,2122,Union Berlin,Frederik Rønnow,DEN,GK,28,1992,7,7,630,7.0,0,0,0,0,0,0,1,0,0.0,0.0,0.0,0.0,0.0
GER-Bundesliga,2122,Union Berlin,Genki Haraguchi,JPN,MF,30,1991,30,23,1755,19.5,2,6,8,2,0,0,2,0,0.1,0.31,0.41,0.1,0.41
GER-Bundesliga,2122,Union Berlin,Grischa Prömel,GER,MF,26,1995,29,28,2422,26.9,8,1,9,8,0,0,4,0,0.3,0.04,0.33,0.3,0.33
GER-Bundesliga,2122,Union Berlin,Julian Ryerson,NOR,"MF,DF",23,1997,28,13,1429,15.9,2,0,2,2,0,0,3,0,0.13,0.0,0.13,0.13,0.13
GER-Bundesliga,2122,Union Berlin,Keita Endo,JPN,"FW,MF",23,1997,4,0,55,0.6,0,0,0,0,0,0,0,0,0.0,0.0,0.0,0.0,0.0
GER-Bundesliga,2122,Union Berlin,Kevin Behrens,GER,FW,30,1991,24,2,499,5.5,2,2,4,2,0,0,1,0,0.36,0.36,0.72,0.36,0.72
GER-Bundesliga,2122,Union Berlin,Kevin Möhwald,GER,MF,28,1993,16,3,354,3.9,0,0,0,0,0,0,2,0,0.0,0.0,0.0,0.0,0.0
GER-Bundesliga,2122,Union Berlin,Levin Öztunalı,GER,MF,25,1996,18,5,572,6.4,0,0,0,0,0,0,0,0,0.0,0.0,0.0,0.0,0.0
GER-Bundesliga,2122,Union Berlin,Marcus Ingvartsen,DEN,MF,25,1996,2,2,122,1.4,0,0,0,0,0,0,0,0,0.0,0.0,0.0,0.0,0.0
GER-Bundesliga,2122,Union Berlin,Marvin Friedrich,GER,DF,25,1995,13,13,1169,13.0,0,0,0,0,0,0,4,1,0.0,0.0,0.0,0.0,0.0
GER-Bundesliga,2122,Union Berlin,Max Kruse,GER,"FW,MF",33,1988,16,16,1270,14.1,5,4,9,2,3,3,1,0,0.35,0.28,0.64,0.14,0.43
GER-Bundesliga,2122,Union Berlin,Niko Gießelmann,GER,MF,29,1991,28,25,2083,23.1,3,6,9,3,0,0,3,0,0.13,0.26,0.39,0.13,0.39
GER-Bundesliga,2122,Union Berlin,Paul Jaeckel,GER,DF,23,1998,24,22,2047,22.7,0,0,0,0,0,0,5,0,0.0,0.0,0.0,0.0,0.0
GER-Bundesliga,2122,Union Berlin,Rani Khedira,TUN,MF,27,1994,32,32,2757,30.6,0,1,1,0,0,0,6,0,0.0,0.03,0.03,0.0,0.03
GER-Bundesliga,2122,Union Berlin,Robin Knoche,GER,DF,29,1992,33,33,2970,33.0,0,0,0,0,0,0,6,0,0.0,0.0,0.0,0.0,0.0
GER-Bundesliga,2122,Union Berlin,Sebastian Griesbeck,GER,"DF,MF",30,1990,1,0,9,0.1,0,0,0,0,0,0,0,0,0.0,0.0,0.0,0.0,0.0
GER-Bundesliga,2122,Union Berlin,Sheraldo Becker,SUR,"FW,MF",26,1995,28,22,1758,19.5,4,6,10,4,0,0,4,0,0.2,0.31,0.51,0.2,0.51
GER-Bundesliga,2122,Union Berlin,Sven Michel,GER,FW,31,1990,13,2,338,3.8,3,1,4,3,0,0,2,0,0.8,0.27,1.07,0.8,1.07
GER-Bundesliga,2122,Union Berlin,Taiwo Awoniyi,NGA,FW,23,1997,31,29,2174,24.2,15,1,16,13,2,2,1,0,0.62,0.04,0.66,0.54,0.58
GER-Bundesliga,2122,Union Berlin,Timo Baumgartl,GER,DF,25,1996,25,25,2166,24.1,1,2,3,1,0,0,5,0,0.04,0.08,0.12,0.04,0.12
GER-Bundesliga,2122,Wolfsburg,Admir Mehmedi,SUI,"FW,MF",30,1991,1,0,4,0.0,0,0,0,0,0,0,0,0,0.0,0.0,0.0,0.0,0.0
GER-Bundesliga,2122,Wolfsburg,Aster Vranckx,BEL,MF,18,2002,24,12,1141,12.7,2,0,2,2,0,0,2,0,0.16,0.0,0.16,0.16,0.16
GER-Bundesliga,2122,Wolfsburg,Bartosz Białek,POL,FW,19,2001,12,1,178,2.0,0,0,0,0,0,0,1,0,0.0,0.0,0.0,0.0,0.0
GER-Bundesliga,2122,Wolfsburg,Daniel Ginczek,GER,FW,30,1991,2,0,13,0.1,0,0,0,0,0,0,0,0,0.0,0.0,0.0,0.0,0.0
GER-Bundesliga,2122,Wolfsburg,Dodi Lukebakio,BEL,"MF,FW",23,1997,19,7,882,9.8,1,2,3,1,0,0,2,0,0.1,0.2,0.31,0.1,0.31
GER-Bundesliga,2122,Wolfsburg,Felix Nmecha,GER,MF,20,2000,16,1,323,3.6,0,0,0,0,0,0,2,0,0.0,0.0,0.0,0.0,0.0
GER-Bundesliga,2122,Wolfsburg,John Brooks,USA,DF,28,1993,31,29,2615,29.1,1,1,2,1,0,0,2,0,0.03,0.03,0.07,0.03,0.07
GER-Bundesliga,2122,Wolfsburg,Jonas Wind,DEN,"FW,MF",22,1999,14,14,1180,13.1,5,1,6,5,0,0,0,0,0.38,0.08,0.46,0.38,0.46
GER-Bundesliga,2122,Wolfsburg,Josip Brekalo,CRO,"FW,MF",23,1998,1,0,21,0.2,0,1,1,0,0,0,0,0,0.0,4.29,4.29,0.0,4.29
GER-Bundesliga,2122,Wolfsburg,Josuha Guilavogui,FRA,"MF,DF",30,1990,15,10,942,10.5,0,0,0,0,0,0,4,0,0.0,0.0,0.0,0.0,0.0
GER-Bundesliga,2122,Wolfsburg,Jérôme Roussillon,GLP,"MF,DF",28,1993,26,18,1775,19.7,1,0,1,1,0,0,5,0,0.05,0.0,0.05,0.05,0.05
GER-Bundesliga,2122,Wolfsburg,Kevin Mbabu,SUI,"DF,MF",26,1995,24,14,1391,15.5,0,0,0,0,0,0,4,0,0.0,0.0,0.0,0.0,0.0
GER-Bundesliga,2122,Wolfsburg,Kevin Paredes,USA,MF,18,2003,2,0,16,0.2,0,0,0,0,0,0,0,0,0.0,0.0,0.0,0.0,0.0
GER-Bundesliga,2122,Wolfsburg,Koen Casteels,BEL,GK,29,1992,28,28,2520,28.0,0,0,0,0,0,0,1,0,0.0,0.0,0.0,0.0,0.0
GER-Bundesliga,2122,Wolfsburg,Luca Waldschmidt,GER,MF,25,1996,14,9,717,8.0,1,0,1,1,0,0,2,0,0.13,0.0,0.13,0.13,0.13
GER-Bundesliga,2122,Wolfsburg,Lukas Nmecha,GER,"FW,MF",22,1998,25,18,1627,18.1,8,0,8,8,0,0,5,0,0.44,0.0,0.44,0.44,0.44
GER-Bundesliga,2122,Wolfsburg,Max Kruse,GER,"MF,FW",33,1988,14,14,1128,12.5,7,1,8,5,2,2,0,0,0.56,0.08,0.64,0.4,0.48
GER-Bundesliga,2122,Wolfsburg,Maxence Lacroix,FRA,DF,21,2000,29,29,2491,27.7,0,0,0,0,0,0,5,3,0.0,0.0,0.0,0.0,0.0
GER-Bundesliga,2122,Wolfsburg,Maximilian Arnold,GER,MF,27,1994,34,34,2994,33.3,4,2,6,4,0,0,4,0,0.12,0.06,0.18,0.12,0.18
GER-Bundesliga,2122,Wolfsburg,Maximilian Philipp,GER,MF,27,1994,22,12,963,10.7,1,4,5,1,0,0,2,0,0.09,0.37,0.47,0.09,0.47
GER-Bundesliga,2122,Wolfsburg,Micky van de Ven,NED,DF,20,2001,5,2,189,2.1,0,1,1,0,0,0,0,0,0.0,0.48,0.48,0.0,0.48
GER-Bundesliga,2122,Wolfsburg,Omar Marmoush,EGY,"FW,MF",22,1999,2,0,24,0.3,0,0,0,0,0,0,0,0,0.0,0.0,0.0,0.0,0.0
GER-Bundesliga,2122,Wolfsburg,Paulo Otávio,BRA,"MF,DF",26,1994,7,5,362,4.0,0,1,1,0,0,0,0,0,0.0,0.25,0.25,0.0,0.25
GER-Bundesliga,2122,Wolfsburg,Pavao Pervan,AUT,GK,33,1987,6,6,540,6.0,0,0,0,0,0,0,0,0,0.0,0.0,0.0,0.0,0.0
GER-Bundesliga,2122,Wolfsburg,Renato Steffen,SUI,MF,29,1991,20,13,967,10.7,0,1,1,0,0,0,6,0,0.0,0.09,0.09,0.0,0.09
GER-Bundesliga,2122,Wolfsburg,Ridle Baku,GER,"MF,DF",23,1998,34,28,2446,27.2,3,5,8,3,0,0,4,0,0.11,0.18,0.29,0.11,0.29
GER-Bundesliga,2122,Wolfsburg,Sebastiaan Bornauw,BEL,DF,22,1999,27,23,2007,22.3,1,0,1,1,0,0,4,0,0.04,0.0,0.04,0.04,0.04
GER-Bundesliga,2122,Wolfsburg,Wout Weghorst,NED,FW,28,1992,18,17,1553,17.3,6,1,7,5,1,2,2,0,0.35,0.06,0.41,0.29,0.35
GER-Bundesliga,2122,Wolfsburg,Xaver Schlager,AUT,MF,23,1997,14,13,1040,11.6,0,1,1,0,0,0,2,0,0.0,0.09,0.09,0.0,0.09
GER-Bundesliga,2122,Wolfsburg,Yannick Gerhardt,GER,"MF,DF",27,1994,27,17,1574,17.5,1,3,4,1,0,0,2,0,0.06,0.17,0.23,0.06,0.23
